account_id,account_type,initial_balance,bank_id,is_sar
ACCT_00001,corporate,56554.2,BANK_C,1
ACCT_00002,individual,112382.16,BANK_A,0
ACCT_00003,corporate,370593.2,BANK_E,0
ACCT_00004,individual,295655.76,BANK_A,1
ACCT_00005,individual,47753.92,BANK_B,0
ACCT_00006,corporate,301407.35,BANK_E,0
ACCT_00007,individual,358293.79,BANK_E,0
ACCT_00008,business,110999.87,BANK_E,0
ACCT_00009,business,404905.8,BANK_A,1
ACCT_00010,individual,349371.56,BANK_C,0
ACCT_00011,business,78584.27,BANK_C,0
ACCT_00012,individual,47280.18,BANK_A,0
ACCT_00013,business,423899.69,BANK_E,0
ACCT_00014,business,403757.01,BANK_D,0
ACCT_00015,corporate,63288.26,BANK_D,0
ACCT_00016,individual,276468.28,BANK_E,0
ACCT_00017,business,289098.72,BANK_A,0
ACCT_00018,individual,330970.4,BANK_C,0
ACCT_00019,individual,427803.54,BANK_A,0
ACCT_00020,business,139708.83,BANK_C,0
ACCT_00021,individual,185720.3,BANK_B,0
ACCT_00022,corporate,134221.93,BANK_A,0
ACCT_00023,corporate,317854.17,BANK_E,0
ACCT_00024,corporate,123160.65,BANK_D,0
ACCT_00025,business,135703.97,BANK_E,0
ACCT_00026,individual,342622.51,BANK_A,0
ACCT_00027,individual,411079.49,BANK_C,0
ACCT_00028,business,134602.7,BANK_B,0
ACCT_00029,corporate,438307.45,BANK_C,0
ACCT_00030,individual,328063.89,BANK_D,0
ACCT_00031,corporate,229967.07,BANK_C,0
ACCT_00032,individual,124067.13,BANK_E,0
ACCT_00033,corporate,132108.06,BANK_E,0
ACCT_00034,business,449013.62,BANK_D,0
ACCT_00035,business,110441.06,BANK_B,0
ACCT_00036,corporate,247264.4,BANK_A,0
ACCT_00037,individual,77267.82,BANK_B,1
ACCT_00038,corporate,211657.82,BANK_A,0
ACCT_00039,business,191428.02,BANK_D,0
ACCT_00040,corporate,126455.65,BANK_E,0
ACCT_00041,individual,340461.42,BANK_A,0
ACCT_00042,corporate,442509.44,BANK_C,0
ACCT_00043,corporate,170747.56,BANK_C,0
ACCT_00044,business,79920.72,BANK_A,0
ACCT_00045,corporate,438050.62,BANK_C,0
ACCT_00046,corporate,381219.14,BANK_E,0
ACCT_00047,individual,435388.77,BANK_C,1
ACCT_00048,corporate,254323.78,BANK_B,0
ACCT_00049,individual,187583.01,BANK_B,0
ACCT_00050,corporate,476796.37,BANK_E,0
ACCT_00051,individual,299873.35,BANK_D,0
ACCT_00052,individual,56821.99,BANK_C,1
ACCT_00053,business,120486.7,BANK_B,0
ACCT_00054,corporate,473527.77,BANK_A,0
ACCT_00055,corporate,243509.24,BANK_A,0
ACCT_00056,corporate,383151.38,BANK_B,0
ACCT_00057,corporate,238165.91,BANK_E,0
ACCT_00058,individual,133263.26,BANK_E,0
ACCT_00059,business,482217.09,BANK_E,0
ACCT_00060,corporate,345243.95,BANK_C,0
ACCT_00061,business,497579.53,BANK_C,1
ACCT_00062,business,449907.43,BANK_D,0
ACCT_00063,individual,124704.9,BANK_A,0
ACCT_00064,business,11496.1,BANK_E,0
ACCT_00065,individual,294631.62,BANK_A,0
ACCT_00066,individual,354212.63,BANK_A,0
ACCT_00067,individual,34632.76,BANK_A,0
ACCT_00068,business,36357.82,BANK_B,0
ACCT_00069,business,334819.91,BANK_B,1
ACCT_00070,corporate,67023.61,BANK_E,0
ACCT_00071,corporate,236862.84,BANK_D,0
ACCT_00072,business,96014.55,BANK_A,0
ACCT_00073,corporate,216094.54,BANK_D,0
ACCT_00074,business,234045.31,BANK_A,1
ACCT_00075,corporate,327074.29,BANK_A,1
ACCT_00076,individual,201908.02,BANK_C,0
ACCT_00077,individual,125079.51,BANK_B,0
ACCT_00078,corporate,224858.16,BANK_D,0
ACCT_00079,individual,139994.03,BANK_B,0
ACCT_00080,individual,222122.24,BANK_E,0
ACCT_00081,individual,26243.58,BANK_E,0
ACCT_00082,individual,484529.13,BANK_B,0
ACCT_00083,individual,203800.61,BANK_D,0
ACCT_00084,individual,432460.55,BANK_A,0
ACCT_00085,individual,190107.59,BANK_D,0
ACCT_00086,business,463332.52,BANK_D,0
ACCT_00087,business,212080.74,BANK_E,0
ACCT_00088,corporate,359485.73,BANK_B,0
ACCT_00089,individual,149057.2,BANK_A,0
ACCT_00090,corporate,368132.85,BANK_A,0
ACCT_00091,corporate,157488.8,BANK_A,0
ACCT_00092,corporate,238917.47,BANK_E,0
ACCT_00093,individual,29382.91,BANK_E,1
ACCT_00094,individual,425819.93,BANK_A,0
ACCT_00095,corporate,34912.47,BANK_B,0
ACCT_00096,business,60823.42,BANK_E,0
ACCT_00097,individual,289880.61,BANK_A,0
ACCT_00098,corporate,41909.72,BANK_E,0
ACCT_00099,corporate,261868.58,BANK_C,0
ACCT_00100,individual,335193.26,BANK_C,0
ACCT_00101,individual,133541.64,BANK_B,0
ACCT_00102,corporate,323104.89,BANK_D,0
ACCT_00103,business,464580.15,BANK_A,0
ACCT_00104,individual,229684.48,BANK_E,0
ACCT_00105,individual,37557.1,BANK_B,0
ACCT_00106,corporate,133335.01,BANK_C,0
ACCT_00107,individual,439755.85,BANK_C,0
ACCT_00108,business,79715.67,BANK_E,0
ACCT_00109,corporate,151956.05,BANK_E,0
ACCT_00110,individual,334263.74,BANK_E,0
ACCT_00111,business,465946.26,BANK_A,1
ACCT_00112,individual,132968.49,BANK_A,0
ACCT_00113,corporate,277058.6,BANK_C,0
ACCT_00114,business,302810.08,BANK_C,0
ACCT_00115,individual,344061.07,BANK_C,0
ACCT_00116,corporate,244777.39,BANK_A,0
ACCT_00117,individual,317507.94,BANK_C,0
ACCT_00118,individual,2769.3,BANK_B,0
ACCT_00119,corporate,489919.18,BANK_B,0
ACCT_00120,corporate,221475.92,BANK_D,0
ACCT_00121,corporate,5825.18,BANK_A,1
ACCT_00122,corporate,452060.36,BANK_E,0
ACCT_00123,individual,417462.91,BANK_E,0
ACCT_00124,corporate,74898.8,BANK_B,0
ACCT_00125,individual,154820.92,BANK_A,0
ACCT_00126,business,105828.19,BANK_B,0
ACCT_00127,corporate,52294.02,BANK_E,1
ACCT_00128,business,486944.67,BANK_B,0
ACCT_00129,individual,432438.24,BANK_B,1
ACCT_00130,business,13368.39,BANK_C,0
ACCT_00131,business,401315.33,BANK_B,0
ACCT_00132,business,80439.72,BANK_A,0
ACCT_00133,business,436211.22,BANK_D,0
ACCT_00134,individual,100586.84,BANK_D,0
ACCT_00135,business,153290.24,BANK_B,0
ACCT_00136,individual,12808.55,BANK_B,0
ACCT_00137,business,164802.71,BANK_A,1
ACCT_00138,business,176221.92,BANK_E,0
ACCT_00139,business,340079.54,BANK_E,0
ACCT_00140,business,469679.33,BANK_A,0
ACCT_00141,business,90105.34,BANK_C,0
ACCT_00142,individual,55092.87,BANK_D,0
ACCT_00143,business,364543.99,BANK_C,0
ACCT_00144,business,303498.22,BANK_E,0
ACCT_00145,individual,193212.52,BANK_E,0
ACCT_00146,individual,128106.53,BANK_D,0
ACCT_00147,individual,260440.25,BANK_E,0
ACCT_00148,corporate,359995.57,BANK_B,0
ACCT_00149,business,216217.4,BANK_C,0
ACCT_00150,corporate,157643.91,BANK_A,0
ACCT_00151,corporate,450123.37,BANK_E,0
ACCT_00152,business,333779.56,BANK_C,0
ACCT_00153,business,348907.0,BANK_E,0
ACCT_00154,individual,96728.21,BANK_D,0
ACCT_00155,corporate,374319.15,BANK_B,0
ACCT_00156,corporate,284983.52,BANK_D,0
ACCT_00157,corporate,417028.86,BANK_C,0
ACCT_00158,business,105881.16,BANK_E,0
ACCT_00159,corporate,327698.11,BANK_D,0
ACCT_00160,business,221637.74,BANK_B,0
ACCT_00161,corporate,237119.91,BANK_B,1
ACCT_00162,corporate,43312.97,BANK_E,1
ACCT_00163,corporate,316837.49,BANK_C,0
ACCT_00164,individual,409393.31,BANK_B,0
ACCT_00165,corporate,155899.31,BANK_B,0
ACCT_00166,individual,13188.27,BANK_B,0
ACCT_00167,business,306025.71,BANK_A,0
ACCT_00168,business,207806.06,BANK_E,0
ACCT_00169,individual,359454.61,BANK_D,0
ACCT_00170,business,200426.78,BANK_B,0
ACCT_00171,corporate,344123.58,BANK_A,0
ACCT_00172,business,110201.73,BANK_E,0
ACCT_00173,business,26058.97,BANK_B,0
ACCT_00174,individual,228774.45,BANK_D,1
ACCT_00175,corporate,266034.81,BANK_E,0
ACCT_00176,corporate,159331.68,BANK_D,1
ACCT_00177,corporate,407688.25,BANK_E,0
ACCT_00178,business,415454.02,BANK_E,0
ACCT_00179,business,448706.84,BANK_D,1
ACCT_00180,business,130336.58,BANK_B,0
ACCT_00181,corporate,139378.37,BANK_E,1
ACCT_00182,business,313747.47,BANK_C,0
ACCT_00183,business,39664.19,BANK_C,1
ACCT_00184,individual,136585.84,BANK_C,0
ACCT_00185,corporate,41208.25,BANK_B,0
ACCT_00186,individual,192134.61,BANK_B,0
ACCT_00187,corporate,107762.49,BANK_D,0
ACCT_00188,business,166109.81,BANK_D,0
ACCT_00189,business,32070.59,BANK_D,0
ACCT_00190,business,452514.4,BANK_E,0
ACCT_00191,corporate,10746.45,BANK_E,0
ACCT_00192,business,239012.89,BANK_C,0
ACCT_00193,business,376984.09,BANK_D,0
ACCT_00194,corporate,374010.32,BANK_E,0
ACCT_00195,corporate,449007.86,BANK_D,0
ACCT_00196,individual,137194.72,BANK_D,1
ACCT_00197,individual,195039.74,BANK_D,0
ACCT_00198,corporate,83357.32,BANK_D,0
ACCT_00199,individual,490380.27,BANK_E,0
ACCT_00200,individual,453557.5,BANK_E,1
ACCT_00201,corporate,331836.88,BANK_A,0
ACCT_00202,corporate,214877.77,BANK_D,0
ACCT_00203,individual,26092.03,BANK_D,0
ACCT_00204,business,106618.48,BANK_C,0
ACCT_00205,business,380853.62,BANK_D,0
ACCT_00206,business,376252.9,BANK_D,0
ACCT_00207,business,417620.55,BANK_D,0
ACCT_00208,individual,374763.11,BANK_A,0
ACCT_00209,business,112886.86,BANK_A,0
ACCT_00210,corporate,21088.81,BANK_A,0
ACCT_00211,individual,100480.98,BANK_A,0
ACCT_00212,corporate,77038.79,BANK_B,0
ACCT_00213,business,335059.96,BANK_E,0
ACCT_00214,individual,233051.96,BANK_C,0
ACCT_00215,business,84726.78,BANK_E,0
ACCT_00216,corporate,359460.26,BANK_B,0
ACCT_00217,business,54941.28,BANK_A,0
ACCT_00218,business,288322.57,BANK_D,0
ACCT_00219,business,470793.83,BANK_B,1
ACCT_00220,individual,296456.83,BANK_B,0
ACCT_00221,individual,348899.31,BANK_C,0
ACCT_00222,corporate,300605.4,BANK_A,0
ACCT_00223,corporate,391535.04,BANK_C,0
ACCT_00224,corporate,214760.63,BANK_C,0
ACCT_00225,individual,253474.43,BANK_C,0
ACCT_00226,individual,424938.24,BANK_D,0
ACCT_00227,individual,217328.18,BANK_C,0
ACCT_00228,corporate,445895.93,BANK_D,0
ACCT_00229,corporate,77342.58,BANK_B,0
ACCT_00230,corporate,261351.63,BANK_C,1
ACCT_00231,corporate,404291.41,BANK_E,0
ACCT_00232,business,232972.01,BANK_E,0
ACCT_00233,business,161829.99,BANK_B,0
ACCT_00234,individual,140185.2,BANK_D,0
ACCT_00235,individual,375487.66,BANK_E,0
ACCT_00236,corporate,334426.05,BANK_C,1
ACCT_00237,individual,247658.95,BANK_C,0
ACCT_00238,individual,244287.42,BANK_C,1
ACCT_00239,business,170829.08,BANK_E,0
ACCT_00240,corporate,440173.57,BANK_E,0
ACCT_00241,individual,258797.0,BANK_B,0
ACCT_00242,individual,121436.67,BANK_D,0
ACCT_00243,business,278032.93,BANK_B,1
ACCT_00244,corporate,238570.46,BANK_D,0
ACCT_00245,business,396673.5,BANK_A,0
ACCT_00246,business,111576.6,BANK_B,0
ACCT_00247,business,332316.05,BANK_C,0
ACCT_00248,business,277183.0,BANK_C,0
ACCT_00249,business,498319.1,BANK_E,0
ACCT_00250,business,176553.45,BANK_D,0
ACCT_00251,business,154004.87,BANK_B,0
ACCT_00252,individual,360920.88,BANK_C,0
ACCT_00253,individual,371697.65,BANK_B,0
ACCT_00254,individual,108975.94,BANK_D,0
ACCT_00255,business,362567.92,BANK_E,0
ACCT_00256,corporate,142216.35,BANK_A,0
ACCT_00257,individual,148826.99,BANK_C,0
ACCT_00258,individual,151831.53,BANK_E,0
ACCT_00259,individual,137881.35,BANK_A,1
ACCT_00260,corporate,146776.19,BANK_B,0
ACCT_00261,corporate,434362.14,BANK_D,1
ACCT_00262,individual,436487.15,BANK_E,0
ACCT_00263,business,235229.08,BANK_D,1
ACCT_00264,business,92997.47,BANK_A,0
ACCT_00265,business,470590.73,BANK_D,0
ACCT_00266,individual,411235.71,BANK_D,0
ACCT_00267,business,37967.0,BANK_A,1
ACCT_00268,individual,75449.59,BANK_E,1
ACCT_00269,business,43505.27,BANK_B,0
ACCT_00270,individual,279478.44,BANK_D,0
ACCT_00271,corporate,298467.3,BANK_E,0
ACCT_00272,individual,388071.08,BANK_D,0
ACCT_00273,business,454343.68,BANK_C,0
ACCT_00274,corporate,495025.6,BANK_C,0
ACCT_00275,corporate,310892.63,BANK_E,0
ACCT_00276,corporate,50517.55,BANK_B,0
ACCT_00277,corporate,106301.57,BANK_A,0
ACCT_00278,individual,120692.72,BANK_E,1
ACCT_00279,individual,79109.78,BANK_D,1
ACCT_00280,business,344996.2,BANK_D,0
ACCT_00281,business,17287.29,BANK_C,0
ACCT_00282,corporate,142076.47,BANK_D,0
ACCT_00283,individual,344005.08,BANK_C,0
ACCT_00284,corporate,295305.01,BANK_B,0
ACCT_00285,business,58273.37,BANK_B,0
ACCT_00286,corporate,75345.71,BANK_C,0
ACCT_00287,individual,36633.51,BANK_B,0
ACCT_00288,business,297926.97,BANK_E,0
ACCT_00289,business,220137.57,BANK_D,0
ACCT_00290,corporate,152741.5,BANK_D,0
ACCT_00291,business,250735.62,BANK_D,0
ACCT_00292,business,41140.48,BANK_A,1
ACCT_00293,business,367532.43,BANK_E,0
ACCT_00294,business,13906.58,BANK_B,0
ACCT_00295,corporate,418143.35,BANK_E,0
ACCT_00296,corporate,475442.35,BANK_C,1
ACCT_00297,corporate,21075.6,BANK_B,0
ACCT_00298,business,259962.96,BANK_D,0
ACCT_00299,business,91563.08,BANK_E,0
ACCT_00300,business,317757.58,BANK_D,0
ACCT_00301,individual,235535.19,BANK_D,0
ACCT_00302,business,161208.07,BANK_A,0
ACCT_00303,individual,165572.03,BANK_D,0
ACCT_00304,business,331629.18,BANK_D,0
ACCT_00305,corporate,19311.87,BANK_A,0
ACCT_00306,business,126947.03,BANK_A,1
ACCT_00307,business,432590.38,BANK_A,0
ACCT_00308,corporate,434814.37,BANK_D,0
ACCT_00309,business,28047.84,BANK_E,0
ACCT_00310,business,311694.3,BANK_D,0
ACCT_00311,corporate,221578.44,BANK_A,1
ACCT_00312,individual,134261.06,BANK_B,0
ACCT_00313,business,219619.93,BANK_D,0
ACCT_00314,individual,15405.85,BANK_E,0
ACCT_00315,individual,355181.63,BANK_C,1
ACCT_00316,corporate,7823.56,BANK_D,1
ACCT_00317,individual,113125.63,BANK_A,0
ACCT_00318,business,473583.31,BANK_B,0
ACCT_00319,business,466393.88,BANK_C,0
ACCT_00320,corporate,353000.4,BANK_D,0
ACCT_00321,business,490142.07,BANK_B,1
ACCT_00322,business,276081.27,BANK_D,0
ACCT_00323,individual,461012.21,BANK_E,0
ACCT_00324,corporate,439783.8,BANK_A,0
ACCT_00325,business,386564.89,BANK_D,0
ACCT_00326,business,467189.95,BANK_E,0
ACCT_00327,business,410454.19,BANK_C,1
ACCT_00328,corporate,149979.37,BANK_E,1
ACCT_00329,corporate,499452.26,BANK_D,0
ACCT_00330,individual,223827.15,BANK_D,0
ACCT_00331,business,166887.54,BANK_E,0
ACCT_00332,business,228216.96,BANK_C,0
ACCT_00333,individual,490406.54,BANK_B,0
ACCT_00334,corporate,192102.45,BANK_D,0
ACCT_00335,individual,159769.99,BANK_D,0
ACCT_00336,corporate,456801.65,BANK_D,0
ACCT_00337,business,494218.59,BANK_B,0
ACCT_00338,business,482447.39,BANK_B,0
ACCT_00339,corporate,482711.44,BANK_C,0
ACCT_00340,individual,437221.0,BANK_D,0
ACCT_00341,individual,263449.59,BANK_D,0
ACCT_00342,individual,361499.47,BANK_D,0
ACCT_00343,corporate,485008.44,BANK_A,0
ACCT_00344,business,390981.12,BANK_C,1
ACCT_00345,business,312006.44,BANK_D,0
ACCT_00346,corporate,41077.34,BANK_C,0
ACCT_00347,corporate,429811.75,BANK_D,0
ACCT_00348,business,313772.79,BANK_D,0
ACCT_00349,corporate,18913.65,BANK_A,0
ACCT_00350,individual,315949.35,BANK_C,0
ACCT_00351,individual,373636.42,BANK_D,0
ACCT_00352,individual,380424.48,BANK_A,0
ACCT_00353,business,84016.03,BANK_C,0
ACCT_00354,individual,23949.49,BANK_A,0
ACCT_00355,business,179873.21,BANK_D,0
ACCT_00356,individual,122854.52,BANK_D,0
ACCT_00357,corporate,341218.39,BANK_B,0
ACCT_00358,individual,88359.61,BANK_E,1
ACCT_00359,business,310235.47,BANK_B,0
ACCT_00360,business,456501.68,BANK_B,0
ACCT_00361,individual,231113.81,BANK_C,1
ACCT_00362,business,128408.03,BANK_A,0
ACCT_00363,business,450703.5,BANK_E,0
ACCT_00364,individual,37857.09,BANK_C,1
ACCT_00365,corporate,150277.97,BANK_D,1
ACCT_00366,corporate,125799.01,BANK_C,0
ACCT_00367,individual,499687.41,BANK_D,1
ACCT_00368,individual,119365.65,BANK_E,0
ACCT_00369,business,287831.15,BANK_C,0
ACCT_00370,individual,488994.3,BANK_D,0
ACCT_00371,business,5040.88,BANK_A,0
ACCT_00372,corporate,372840.9,BANK_C,0
ACCT_00373,individual,303925.43,BANK_C,0
ACCT_00374,individual,318672.32,BANK_E,0
ACCT_00375,business,339204.46,BANK_B,0
ACCT_00376,corporate,49484.8,BANK_A,0
ACCT_00377,business,394516.63,BANK_A,0
ACCT_00378,corporate,183065.76,BANK_B,0
ACCT_00379,individual,454904.28,BANK_C,0
ACCT_00380,corporate,208336.04,BANK_B,0
ACCT_00381,individual,393469.89,BANK_C,0
ACCT_00382,corporate,251395.59,BANK_C,0
ACCT_00383,individual,129228.07,BANK_D,1
ACCT_00384,business,373533.12,BANK_C,0
ACCT_00385,individual,234697.36,BANK_A,0
ACCT_00386,individual,377321.6,BANK_B,0
ACCT_00387,corporate,362384.14,BANK_D,0
ACCT_00388,corporate,183521.75,BANK_D,0
ACCT_00389,individual,132964.83,BANK_A,0
ACCT_00390,business,184924.24,BANK_C,0
ACCT_00391,corporate,191131.72,BANK_C,0
ACCT_00392,individual,337743.44,BANK_D,0
ACCT_00393,individual,310153.89,BANK_E,0
ACCT_00394,business,457712.7,BANK_B,0
ACCT_00395,corporate,32545.3,BANK_D,0
ACCT_00396,corporate,151792.9,BANK_D,1
ACCT_00397,individual,70748.73,BANK_A,0
ACCT_00398,business,497967.76,BANK_A,0
ACCT_00399,individual,118165.22,BANK_E,0
ACCT_00400,individual,194934.27,BANK_C,0
ACCT_00401,corporate,474741.0,BANK_E,0
ACCT_00402,business,294082.83,BANK_B,1
ACCT_00403,business,327806.03,BANK_D,0
ACCT_00404,corporate,204649.83,BANK_C,0
ACCT_00405,individual,345450.05,BANK_B,1
ACCT_00406,business,222903.23,BANK_B,0
ACCT_00407,business,50577.96,BANK_C,0
ACCT_00408,corporate,450946.41,BANK_C,0
ACCT_00409,individual,199671.68,BANK_B,0
ACCT_00410,individual,474556.38,BANK_D,0
ACCT_00411,individual,331721.6,BANK_E,1
ACCT_00412,individual,26238.68,BANK_C,0
ACCT_00413,individual,494421.63,BANK_E,0
ACCT_00414,individual,35236.47,BANK_E,1
ACCT_00415,individual,293605.16,BANK_B,0
ACCT_00416,business,387409.92,BANK_E,0
ACCT_00417,individual,139360.15,BANK_B,0
ACCT_00418,individual,270567.51,BANK_B,0
ACCT_00419,individual,330867.76,BANK_A,0
ACCT_00420,individual,8415.3,BANK_B,0
ACCT_00421,corporate,162561.96,BANK_B,0
ACCT_00422,business,27147.11,BANK_D,0
ACCT_00423,corporate,57711.0,BANK_A,1
ACCT_00424,business,224689.33,BANK_C,0
ACCT_00425,corporate,297239.34,BANK_D,0
ACCT_00426,corporate,111553.33,BANK_E,0
ACCT_00427,individual,363894.26,BANK_E,0
ACCT_00428,business,229563.22,BANK_A,0
ACCT_00429,individual,499294.79,BANK_D,0
ACCT_00430,business,343362.65,BANK_D,0
ACCT_00431,corporate,454940.71,BANK_A,0
ACCT_00432,individual,161733.8,BANK_B,1
ACCT_00433,individual,63969.6,BANK_E,1
ACCT_00434,corporate,293096.98,BANK_C,0
ACCT_00435,business,497319.25,BANK_E,0
ACCT_00436,business,227403.99,BANK_E,1
ACCT_00437,business,50490.05,BANK_A,0
ACCT_00438,corporate,325807.42,BANK_E,1
ACCT_00439,corporate,432880.67,BANK_D,0
ACCT_00440,business,444157.42,BANK_D,0
ACCT_00441,business,413882.19,BANK_D,0
ACCT_00442,business,365076.64,BANK_C,0
ACCT_00443,business,156949.26,BANK_C,0
ACCT_00444,business,476842.67,BANK_D,0
ACCT_00445,individual,46521.17,BANK_A,0
ACCT_00446,individual,216506.38,BANK_C,0
ACCT_00447,individual,278629.0,BANK_E,0
ACCT_00448,corporate,281280.01,BANK_A,0
ACCT_00449,business,177445.44,BANK_D,0
ACCT_00450,corporate,26671.59,BANK_C,0
ACCT_00451,corporate,156912.0,BANK_A,0
ACCT_00452,corporate,254198.86,BANK_B,0
ACCT_00453,corporate,241612.51,BANK_A,0
ACCT_00454,business,422841.34,BANK_C,0
ACCT_00455,individual,381540.21,BANK_E,0
ACCT_00456,individual,403803.46,BANK_E,0
ACCT_00457,corporate,307173.07,BANK_E,0
ACCT_00458,individual,304888.46,BANK_C,1
ACCT_00459,individual,91027.62,BANK_C,1
ACCT_00460,business,176160.69,BANK_B,1
ACCT_00461,individual,283594.23,BANK_D,1
ACCT_00462,individual,71795.45,BANK_A,0
ACCT_00463,individual,373309.77,BANK_B,0
ACCT_00464,business,210496.41,BANK_C,0
ACCT_00465,individual,185656.49,BANK_C,1
ACCT_00466,corporate,298515.66,BANK_A,0
ACCT_00467,individual,79547.54,BANK_E,0
ACCT_00468,individual,337310.39,BANK_C,0
ACCT_00469,business,331307.41,BANK_D,0
ACCT_00470,corporate,221580.05,BANK_C,0
ACCT_00471,individual,377716.63,BANK_A,0
ACCT_00472,business,215526.9,BANK_C,0
ACCT_00473,corporate,339564.64,BANK_D,0
ACCT_00474,corporate,333899.15,BANK_A,0
ACCT_00475,individual,198236.43,BANK_E,0
ACCT_00476,individual,4835.86,BANK_C,0
ACCT_00477,individual,383907.41,BANK_C,0
ACCT_00478,business,164733.06,BANK_A,0
ACCT_00479,business,373760.05,BANK_B,0
ACCT_00480,individual,190723.52,BANK_B,1
ACCT_00481,corporate,279803.06,BANK_C,0
ACCT_00482,individual,199138.52,BANK_A,0
ACCT_00483,business,10352.03,BANK_A,0
ACCT_00484,business,288303.82,BANK_E,0
ACCT_00485,business,355039.98,BANK_D,0
ACCT_00486,business,58471.51,BANK_A,0
ACCT_00487,business,86764.72,BANK_E,0
ACCT_00488,business,416180.93,BANK_C,0
ACCT_00489,individual,218919.18,BANK_A,0
ACCT_00490,individual,218402.59,BANK_D,0
ACCT_00491,corporate,40244.9,BANK_C,0
ACCT_00492,corporate,170417.13,BANK_C,0
ACCT_00493,individual,39113.31,BANK_A,1
ACCT_00494,corporate,255466.08,BANK_C,0
ACCT_00495,business,363962.17,BANK_B,1
ACCT_00496,individual,52299.46,BANK_C,0
ACCT_00497,individual,87576.01,BANK_B,0
ACCT_00498,corporate,38601.28,BANK_D,0
ACCT_00499,business,377468.47,BANK_E,1
ACCT_00500,business,340885.61,BANK_E,0
ACCT_00501,corporate,318013.86,BANK_E,0
ACCT_00502,business,432259.19,BANK_C,1
ACCT_00503,individual,220441.65,BANK_D,0
ACCT_00504,business,316061.17,BANK_C,0
ACCT_00505,corporate,29029.89,BANK_E,0
ACCT_00506,individual,155893.52,BANK_D,0
ACCT_00507,individual,29388.14,BANK_C,0
ACCT_00508,individual,322688.57,BANK_A,0
ACCT_00509,corporate,297445.83,BANK_D,0
ACCT_00510,business,290584.37,BANK_A,0
ACCT_00511,business,454615.93,BANK_E,0
ACCT_00512,corporate,94931.49,BANK_E,0
ACCT_00513,business,251182.28,BANK_A,0
ACCT_00514,business,52647.44,BANK_C,1
ACCT_00515,corporate,43080.24,BANK_B,1
ACCT_00516,individual,124624.12,BANK_D,0
ACCT_00517,business,262510.21,BANK_E,0
ACCT_00518,individual,182585.08,BANK_C,0
ACCT_00519,business,204975.93,BANK_C,0
ACCT_00520,corporate,299345.05,BANK_C,0
ACCT_00521,individual,165515.69,BANK_E,0
ACCT_00522,corporate,193895.54,BANK_C,0
ACCT_00523,corporate,425931.56,BANK_E,0
ACCT_00524,individual,167347.66,BANK_E,0
ACCT_00525,corporate,71572.76,BANK_C,0
ACCT_00526,business,483880.56,BANK_D,0
ACCT_00527,individual,297925.57,BANK_A,0
ACCT_00528,business,279902.11,BANK_C,0
ACCT_00529,individual,335388.08,BANK_E,0
ACCT_00530,individual,323366.39,BANK_D,1
ACCT_00531,corporate,181552.22,BANK_C,0
ACCT_00532,business,90951.2,BANK_B,0
ACCT_00533,business,473886.47,BANK_D,0
ACCT_00534,individual,114044.98,BANK_B,0
ACCT_00535,individual,39505.38,BANK_A,0
ACCT_00536,corporate,385666.49,BANK_E,0
ACCT_00537,individual,331302.69,BANK_E,0
ACCT_00538,individual,299025.97,BANK_B,0
ACCT_00539,individual,91242.14,BANK_E,0
ACCT_00540,individual,360870.32,BANK_A,0
ACCT_00541,business,182785.41,BANK_B,0
ACCT_00542,business,305687.12,BANK_D,0
ACCT_00543,individual,267471.56,BANK_C,0
ACCT_00544,business,452083.19,BANK_B,0
ACCT_00545,business,339475.11,BANK_E,0
ACCT_00546,business,231378.31,BANK_C,0
ACCT_00547,business,251950.44,BANK_D,1
ACCT_00548,individual,408628.73,BANK_E,1
ACCT_00549,individual,436627.96,BANK_A,1
ACCT_00550,corporate,240814.74,BANK_C,0
ACCT_00551,corporate,467212.48,BANK_E,1
ACCT_00552,individual,143246.44,BANK_B,0
ACCT_00553,business,225210.29,BANK_E,0
ACCT_00554,individual,415692.31,BANK_A,0
ACCT_00555,individual,408534.92,BANK_C,0
ACCT_00556,individual,208033.56,BANK_D,0
ACCT_00557,corporate,187606.78,BANK_D,0
ACCT_00558,individual,188081.42,BANK_A,0
ACCT_00559,business,465482.13,BANK_C,0
ACCT_00560,individual,69662.19,BANK_C,1
ACCT_00561,business,348339.92,BANK_B,0
ACCT_00562,corporate,235085.95,BANK_E,0
ACCT_00563,individual,453022.89,BANK_A,0
ACCT_00564,business,108611.72,BANK_B,0
ACCT_00565,corporate,470172.75,BANK_E,0
ACCT_00566,corporate,212204.12,BANK_C,0
ACCT_00567,individual,151274.45,BANK_A,0
ACCT_00568,individual,210492.95,BANK_E,0
ACCT_00569,business,32340.77,BANK_D,1
ACCT_00570,corporate,268490.84,BANK_E,1
ACCT_00571,corporate,121727.13,BANK_B,0
ACCT_00572,business,215190.21,BANK_E,0
ACCT_00573,business,121041.56,BANK_D,0
ACCT_00574,individual,332521.28,BANK_A,0
ACCT_00575,corporate,487352.59,BANK_A,0
ACCT_00576,corporate,272496.9,BANK_E,0
ACCT_00577,corporate,11146.82,BANK_D,0
ACCT_00578,individual,318199.72,BANK_C,0
ACCT_00579,business,373910.98,BANK_C,1
ACCT_00580,individual,173056.44,BANK_A,1
ACCT_00581,corporate,367858.31,BANK_C,0
ACCT_00582,individual,23123.51,BANK_E,0
ACCT_00583,business,406940.92,BANK_B,0
ACCT_00584,corporate,232846.83,BANK_D,0
ACCT_00585,corporate,91956.72,BANK_B,1
ACCT_00586,individual,358306.48,BANK_D,0
ACCT_00587,individual,147427.84,BANK_A,1
ACCT_00588,individual,443009.4,BANK_C,0
ACCT_00589,business,258176.41,BANK_E,0
ACCT_00590,business,127403.57,BANK_B,0
ACCT_00591,business,179130.11,BANK_A,0
ACCT_00592,corporate,166630.42,BANK_A,0
ACCT_00593,business,219038.74,BANK_D,0
ACCT_00594,corporate,220428.58,BANK_D,1
ACCT_00595,business,486888.07,BANK_D,0
ACCT_00596,corporate,249264.17,BANK_E,1
ACCT_00597,business,400772.9,BANK_D,0
ACCT_00598,individual,215872.97,BANK_B,0
ACCT_00599,corporate,147589.44,BANK_A,0
ACCT_00600,individual,164632.03,BANK_C,0
ACCT_00601,business,223511.97,BANK_D,1
ACCT_00602,individual,345192.64,BANK_C,1
ACCT_00603,business,22135.23,BANK_C,1
ACCT_00604,corporate,499077.15,BANK_C,0
ACCT_00605,corporate,490033.61,BANK_A,1
ACCT_00606,individual,335920.76,BANK_D,0
ACCT_00607,business,257029.92,BANK_B,0
ACCT_00608,individual,72246.95,BANK_E,0
ACCT_00609,corporate,390874.67,BANK_A,0
ACCT_00610,individual,34549.45,BANK_C,1
ACCT_00611,business,192044.35,BANK_E,0
ACCT_00612,individual,302942.32,BANK_D,0
ACCT_00613,business,186634.68,BANK_A,0
ACCT_00614,corporate,69709.86,BANK_C,0
ACCT_00615,business,157878.34,BANK_C,0
ACCT_00616,individual,480299.51,BANK_A,0
ACCT_00617,corporate,93837.98,BANK_E,0
ACCT_00618,business,456857.71,BANK_A,0
ACCT_00619,business,387707.28,BANK_D,0
ACCT_00620,individual,498186.19,BANK_C,0
ACCT_00621,corporate,458322.98,BANK_D,0
ACCT_00622,individual,62196.07,BANK_A,0
ACCT_00623,business,87155.53,BANK_D,0
ACCT_00624,individual,405446.1,BANK_C,0
ACCT_00625,corporate,174365.22,BANK_A,0
ACCT_00626,corporate,271543.51,BANK_C,0
ACCT_00627,individual,356192.74,BANK_B,0
ACCT_00628,business,254869.12,BANK_A,0
ACCT_00629,individual,396240.77,BANK_B,0
ACCT_00630,business,14115.73,BANK_E,0
ACCT_00631,corporate,185086.67,BANK_E,0
ACCT_00632,individual,306362.23,BANK_A,0
ACCT_00633,individual,155336.07,BANK_D,0
ACCT_00634,corporate,205986.77,BANK_D,0
ACCT_00635,corporate,37801.61,BANK_C,0
ACCT_00636,corporate,38008.34,BANK_D,0
ACCT_00637,corporate,259162.65,BANK_B,0
ACCT_00638,corporate,320257.17,BANK_B,0
ACCT_00639,individual,216876.52,BANK_A,0
ACCT_00640,individual,259532.96,BANK_C,0
ACCT_00641,individual,81821.51,BANK_B,0
ACCT_00642,business,473794.09,BANK_E,0
ACCT_00643,business,423120.92,BANK_C,0
ACCT_00644,individual,317893.49,BANK_E,0
ACCT_00645,business,63459.98,BANK_C,0
ACCT_00646,corporate,267205.54,BANK_E,0
ACCT_00647,corporate,85149.31,BANK_E,0
ACCT_00648,individual,86429.11,BANK_E,0
ACCT_00649,corporate,451098.45,BANK_C,0
ACCT_00650,corporate,21555.96,BANK_A,0
ACCT_00651,individual,23685.44,BANK_E,0
ACCT_00652,business,325913.86,BANK_E,0
ACCT_00653,business,309436.1,BANK_A,0
ACCT_00654,business,444609.44,BANK_E,0
ACCT_00655,business,321311.74,BANK_C,1
ACCT_00656,business,123194.08,BANK_D,0
ACCT_00657,business,227318.52,BANK_A,1
ACCT_00658,individual,220363.14,BANK_D,0
ACCT_00659,business,102807.48,BANK_E,0
ACCT_00660,individual,156978.67,BANK_C,1
ACCT_00661,corporate,494023.66,BANK_C,0
ACCT_00662,business,66252.31,BANK_C,0
ACCT_00663,corporate,281263.96,BANK_C,1
ACCT_00664,individual,233769.81,BANK_C,0
ACCT_00665,business,124711.52,BANK_A,1
ACCT_00666,individual,145815.79,BANK_D,0
ACCT_00667,corporate,209649.24,BANK_B,1
ACCT_00668,business,466942.02,BANK_C,0
ACCT_00669,individual,381797.57,BANK_D,0
ACCT_00670,corporate,233940.74,BANK_C,0
ACCT_00671,business,12564.97,BANK_D,0
ACCT_00672,corporate,229158.09,BANK_B,0
ACCT_00673,individual,292088.71,BANK_A,0
ACCT_00674,individual,141396.81,BANK_E,0
ACCT_00675,corporate,336587.78,BANK_C,0
ACCT_00676,corporate,5080.53,BANK_A,1
ACCT_00677,business,67833.54,BANK_C,0
ACCT_00678,corporate,183523.04,BANK_D,0
ACCT_00679,business,23575.95,BANK_A,0
ACCT_00680,corporate,281346.62,BANK_C,0
ACCT_00681,corporate,145012.25,BANK_D,0
ACCT_00682,corporate,225726.84,BANK_E,0
ACCT_00683,business,412830.35,BANK_E,0
ACCT_00684,corporate,305910.53,BANK_B,0
ACCT_00685,individual,197557.95,BANK_C,0
ACCT_00686,corporate,469535.33,BANK_B,0
ACCT_00687,individual,301629.01,BANK_D,0
ACCT_00688,corporate,21087.2,BANK_A,1
ACCT_00689,individual,357082.33,BANK_D,0
ACCT_00690,corporate,229037.29,BANK_E,0
ACCT_00691,corporate,70750.71,BANK_E,0
ACCT_00692,business,82088.52,BANK_E,0
ACCT_00693,corporate,421458.36,BANK_E,0
ACCT_00694,business,254150.18,BANK_E,0
ACCT_00695,corporate,245433.48,BANK_E,0
ACCT_00696,business,237971.41,BANK_A,0
ACCT_00697,business,166288.56,BANK_A,1
ACCT_00698,business,292267.37,BANK_A,1
ACCT_00699,corporate,237820.52,BANK_E,0
ACCT_00700,corporate,114544.07,BANK_A,0
ACCT_00701,corporate,240743.94,BANK_E,0
ACCT_00702,corporate,360870.23,BANK_D,0
ACCT_00703,individual,411008.98,BANK_B,0
ACCT_00704,individual,286712.57,BANK_A,0
ACCT_00705,individual,10449.75,BANK_C,0
ACCT_00706,business,76564.2,BANK_B,1
ACCT_00707,business,251407.93,BANK_E,0
ACCT_00708,business,436536.04,BANK_A,1
ACCT_00709,corporate,69903.16,BANK_B,1
ACCT_00710,corporate,163199.72,BANK_D,0
ACCT_00711,corporate,189035.56,BANK_B,0
ACCT_00712,business,456149.96,BANK_C,0
ACCT_00713,corporate,177789.21,BANK_C,0
ACCT_00714,corporate,242605.87,BANK_B,0
ACCT_00715,business,279485.24,BANK_B,0
ACCT_00716,business,385815.96,BANK_B,0
ACCT_00717,corporate,352789.14,BANK_C,0
ACCT_00718,business,175052.78,BANK_C,1
ACCT_00719,business,61815.18,BANK_E,0
ACCT_00720,business,447984.47,BANK_D,0
ACCT_00721,business,477349.82,BANK_B,0
ACCT_00722,business,21991.18,BANK_A,0
ACCT_00723,business,462080.81,BANK_C,0
ACCT_00724,corporate,240060.55,BANK_B,0
ACCT_00725,corporate,136295.23,BANK_E,0
ACCT_00726,corporate,136539.11,BANK_A,0
ACCT_00727,corporate,370704.6,BANK_B,0
ACCT_00728,individual,26331.95,BANK_E,0
ACCT_00729,individual,319334.34,BANK_A,0
ACCT_00730,individual,207237.38,BANK_D,0
ACCT_00731,individual,340914.8,BANK_B,0
ACCT_00732,individual,482294.86,BANK_B,0
ACCT_00733,business,326793.51,BANK_D,1
ACCT_00734,business,325618.81,BANK_C,0
ACCT_00735,business,143422.26,BANK_A,0
ACCT_00736,individual,326497.07,BANK_B,0
ACCT_00737,corporate,369604.57,BANK_A,0
ACCT_00738,individual,209524.61,BANK_B,0
ACCT_00739,individual,498588.73,BANK_D,0
ACCT_00740,business,93969.5,BANK_C,0
ACCT_00741,individual,5624.32,BANK_E,0
ACCT_00742,corporate,54543.04,BANK_C,0
ACCT_00743,business,227720.19,BANK_E,0
ACCT_00744,corporate,247462.3,BANK_B,0
ACCT_00745,corporate,234542.36,BANK_B,0
ACCT_00746,individual,166011.36,BANK_D,0
ACCT_00747,corporate,129375.18,BANK_B,0
ACCT_00748,individual,368572.33,BANK_C,1
ACCT_00749,corporate,337526.17,BANK_B,0
ACCT_00750,individual,305866.3,BANK_D,1
ACCT_00751,business,258125.05,BANK_A,1
ACCT_00752,business,334958.67,BANK_B,0
ACCT_00753,individual,239249.6,BANK_B,0
ACCT_00754,individual,131131.85,BANK_B,1
ACCT_00755,business,377124.57,BANK_C,0
ACCT_00756,business,291647.92,BANK_E,0
ACCT_00757,individual,131515.02,BANK_C,1
ACCT_00758,corporate,118914.99,BANK_A,0
ACCT_00759,business,154096.36,BANK_D,1
ACCT_00760,corporate,251757.72,BANK_C,0
ACCT_00761,corporate,59590.46,BANK_C,0
ACCT_00762,business,307698.1,BANK_B,0
ACCT_00763,individual,239612.77,BANK_D,0
ACCT_00764,corporate,494430.14,BANK_C,1
ACCT_00765,business,351268.42,BANK_D,1
ACCT_00766,corporate,401195.5,BANK_B,0
ACCT_00767,individual,340490.62,BANK_E,0
ACCT_00768,individual,263227.82,BANK_E,0
ACCT_00769,corporate,181530.65,BANK_E,0
ACCT_00770,individual,31817.27,BANK_E,0
ACCT_00771,corporate,101876.23,BANK_E,0
ACCT_00772,individual,83104.04,BANK_E,0
ACCT_00773,business,59003.77,BANK_B,1
ACCT_00774,corporate,291990.69,BANK_A,0
ACCT_00775,corporate,223295.86,BANK_A,1
ACCT_00776,business,66840.23,BANK_D,0
ACCT_00777,business,282391.68,BANK_E,0
ACCT_00778,business,336711.09,BANK_C,0
ACCT_00779,corporate,11863.46,BANK_C,0
ACCT_00780,individual,373156.44,BANK_E,0
ACCT_00781,individual,23599.61,BANK_C,1
ACCT_00782,corporate,32816.2,BANK_A,0
ACCT_00783,individual,493082.49,BANK_D,0
ACCT_00784,individual,144258.26,BANK_B,0
ACCT_00785,individual,383148.01,BANK_D,0
ACCT_00786,business,496435.44,BANK_D,0
ACCT_00787,business,434940.52,BANK_D,1
ACCT_00788,business,41044.75,BANK_E,0
ACCT_00789,individual,327113.52,BANK_C,0
ACCT_00790,individual,90058.34,BANK_E,0
ACCT_00791,business,264892.43,BANK_B,1
ACCT_00792,individual,378333.53,BANK_C,0
ACCT_00793,business,337076.43,BANK_E,0
ACCT_00794,business,266434.87,BANK_B,0
ACCT_00795,individual,230852.01,BANK_B,0
ACCT_00796,business,95051.75,BANK_A,0
ACCT_00797,individual,404929.61,BANK_D,0
ACCT_00798,corporate,383260.68,BANK_A,0
ACCT_00799,individual,103834.73,BANK_A,0
ACCT_00800,corporate,17754.56,BANK_E,0
ACCT_00801,corporate,351939.85,BANK_A,0
ACCT_00802,individual,370530.0,BANK_D,0
ACCT_00803,business,117935.3,BANK_B,0
ACCT_00804,individual,70927.65,BANK_C,0
ACCT_00805,individual,408077.34,BANK_E,0
ACCT_00806,business,289159.93,BANK_C,0
ACCT_00807,individual,151580.45,BANK_B,0
ACCT_00808,corporate,261104.28,BANK_D,0
ACCT_00809,business,138301.81,BANK_E,0
ACCT_00810,corporate,439977.23,BANK_B,0
ACCT_00811,corporate,339696.31,BANK_E,0
ACCT_00812,business,24395.16,BANK_C,0
ACCT_00813,corporate,335999.92,BANK_E,1
ACCT_00814,business,348457.9,BANK_D,0
ACCT_00815,individual,150644.36,BANK_B,0
ACCT_00816,corporate,237285.89,BANK_B,0
ACCT_00817,business,428913.08,BANK_B,1
ACCT_00818,business,457455.85,BANK_E,0
ACCT_00819,business,483925.31,BANK_E,0
ACCT_00820,corporate,67912.28,BANK_B,0
ACCT_00821,business,102465.03,BANK_A,0
ACCT_00822,business,423719.56,BANK_A,0
ACCT_00823,corporate,362567.77,BANK_B,1
ACCT_00824,individual,134962.33,BANK_E,0
ACCT_00825,corporate,20734.23,BANK_A,0
ACCT_00826,individual,402520.66,BANK_E,0
ACCT_00827,corporate,336053.81,BANK_B,0
ACCT_00828,business,105235.66,BANK_C,0
ACCT_00829,business,478552.86,BANK_A,0
ACCT_00830,individual,468642.72,BANK_A,1
ACCT_00831,corporate,499786.43,BANK_D,0
ACCT_00832,individual,348117.52,BANK_B,0
ACCT_00833,business,457648.1,BANK_E,0
ACCT_00834,business,387981.43,BANK_D,0
ACCT_00835,business,267291.41,BANK_C,0
ACCT_00836,business,131519.25,BANK_E,0
ACCT_00837,business,233536.03,BANK_D,0
ACCT_00838,business,457250.92,BANK_C,0
ACCT_00839,business,207551.16,BANK_E,0
ACCT_00840,individual,370884.94,BANK_A,0
ACCT_00841,business,277102.47,BANK_E,1
ACCT_00842,corporate,360285.96,BANK_C,1
ACCT_00843,individual,98899.7,BANK_B,0
ACCT_00844,business,285324.97,BANK_B,0
ACCT_00845,business,275770.62,BANK_C,0
ACCT_00846,business,381916.95,BANK_D,0
ACCT_00847,corporate,321205.53,BANK_D,0
ACCT_00848,business,84948.59,BANK_C,0
ACCT_00849,individual,70839.31,BANK_E,0
ACCT_00850,business,92839.84,BANK_E,1
ACCT_00851,corporate,478661.21,BANK_E,0
ACCT_00852,individual,419695.18,BANK_A,0
ACCT_00853,corporate,25208.68,BANK_A,0
ACCT_00854,business,69608.27,BANK_B,1
ACCT_00855,individual,353877.61,BANK_A,0
ACCT_00856,individual,253360.73,BANK_C,0
ACCT_00857,individual,309299.78,BANK_E,0
ACCT_00858,business,329982.89,BANK_A,1
ACCT_00859,individual,266574.03,BANK_D,0
ACCT_00860,individual,9346.35,BANK_C,0
ACCT_00861,corporate,488762.19,BANK_A,0
ACCT_00862,corporate,406765.45,BANK_D,0
ACCT_00863,individual,54401.2,BANK_A,0
ACCT_00864,corporate,75299.85,BANK_B,0
ACCT_00865,corporate,263701.54,BANK_C,0
ACCT_00866,business,397673.23,BANK_A,0
ACCT_00867,business,479689.6,BANK_D,1
ACCT_00868,corporate,122360.74,BANK_B,0
ACCT_00869,business,342336.77,BANK_A,0
ACCT_00870,corporate,495845.68,BANK_A,0
ACCT_00871,individual,203233.87,BANK_D,0
ACCT_00872,corporate,238526.54,BANK_A,0
ACCT_00873,corporate,86520.4,BANK_D,0
ACCT_00874,business,322808.71,BANK_C,0
ACCT_00875,corporate,488687.28,BANK_A,0
ACCT_00876,corporate,459656.96,BANK_B,0
ACCT_00877,individual,450735.21,BANK_E,0
ACCT_00878,business,136276.43,BANK_A,0
ACCT_00879,corporate,462866.82,BANK_E,0
ACCT_00880,corporate,329396.51,BANK_B,0
ACCT_00881,business,8813.39,BANK_B,0
ACCT_00882,corporate,72951.59,BANK_D,0
ACCT_00883,individual,150339.17,BANK_E,0
ACCT_00884,individual,283781.26,BANK_D,0
ACCT_00885,corporate,448366.36,BANK_C,0
ACCT_00886,business,378049.02,BANK_B,0
ACCT_00887,corporate,362357.62,BANK_E,0
ACCT_00888,corporate,487187.34,BANK_A,0
ACCT_00889,individual,219107.04,BANK_A,0
ACCT_00890,business,302979.2,BANK_E,0
ACCT_00891,corporate,198954.82,BANK_C,0
ACCT_00892,individual,317427.35,BANK_D,0
ACCT_00893,business,114841.06,BANK_E,0
ACCT_00894,business,216492.13,BANK_E,0
ACCT_00895,corporate,190656.28,BANK_E,0
ACCT_00896,business,399229.53,BANK_A,0
ACCT_00897,individual,134718.04,BANK_D,0
ACCT_00898,corporate,392161.25,BANK_B,0
ACCT_00899,corporate,195421.37,BANK_C,0
ACCT_00900,individual,46668.69,BANK_C,0
ACCT_00901,business,180598.83,BANK_C,0
ACCT_00902,individual,67121.0,BANK_B,0
ACCT_00903,business,224972.99,BANK_E,0
ACCT_00904,corporate,204614.04,BANK_A,0
ACCT_00905,individual,177603.23,BANK_A,0
ACCT_00906,corporate,299423.86,BANK_C,0
ACCT_00907,business,7157.97,BANK_D,0
ACCT_00908,business,389805.38,BANK_E,0
ACCT_00909,individual,286408.25,BANK_B,0
ACCT_00910,corporate,190985.28,BANK_B,1
ACCT_00911,business,151264.5,BANK_D,1
ACCT_00912,individual,32570.31,BANK_D,0
ACCT_00913,business,211130.07,BANK_D,0
ACCT_00914,individual,181201.33,BANK_B,0
ACCT_00915,corporate,312891.81,BANK_E,0
ACCT_00916,corporate,98578.56,BANK_A,0
ACCT_00917,individual,153024.34,BANK_D,1
ACCT_00918,business,420965.08,BANK_D,1
ACCT_00919,business,220671.24,BANK_D,0
ACCT_00920,corporate,487138.46,BANK_B,0
ACCT_00921,business,161011.91,BANK_B,1
ACCT_00922,business,157777.46,BANK_D,0
ACCT_00923,business,146432.63,BANK_D,0
ACCT_00924,corporate,391205.21,BANK_C,0
ACCT_00925,business,140869.77,BANK_D,0
ACCT_00926,business,57830.02,BANK_E,0
ACCT_00927,individual,296521.29,BANK_E,0
ACCT_00928,individual,341174.6,BANK_E,1
ACCT_00929,individual,476549.3,BANK_D,1
ACCT_00930,corporate,105614.55,BANK_C,1
ACCT_00931,corporate,35510.18,BANK_D,0
ACCT_00932,corporate,250152.3,BANK_C,0
ACCT_00933,individual,127088.16,BANK_B,0
ACCT_00934,corporate,212140.85,BANK_D,0
ACCT_00935,individual,225084.29,BANK_E,1
ACCT_00936,business,291539.77,BANK_E,0
ACCT_00937,corporate,461824.38,BANK_D,0
ACCT_00938,corporate,19345.82,BANK_C,0
ACCT_00939,corporate,447855.26,BANK_E,0
ACCT_00940,corporate,319452.0,BANK_A,0
ACCT_00941,individual,384708.07,BANK_C,0
ACCT_00942,individual,323852.92,BANK_A,0
ACCT_00943,corporate,491820.49,BANK_D,0
ACCT_00944,business,482892.67,BANK_D,0
ACCT_00945,individual,6263.34,BANK_C,1
ACCT_00946,individual,255827.44,BANK_E,0
ACCT_00947,corporate,290678.63,BANK_E,0
ACCT_00948,individual,223443.5,BANK_D,0
ACCT_00949,business,386398.77,BANK_E,1
ACCT_00950,corporate,250732.43,BANK_C,0
ACCT_00951,individual,241902.77,BANK_C,0
ACCT_00952,business,460353.22,BANK_A,0
ACCT_00953,individual,415827.55,BANK_B,1
ACCT_00954,business,156633.28,BANK_D,0
ACCT_00955,individual,261036.3,BANK_C,0
ACCT_00956,business,49713.89,BANK_D,1
ACCT_00957,business,34520.0,BANK_A,0
ACCT_00958,corporate,58427.55,BANK_C,1
ACCT_00959,corporate,55571.98,BANK_B,0
ACCT_00960,corporate,122712.56,BANK_B,0
ACCT_00961,corporate,80907.72,BANK_E,0
ACCT_00962,business,479272.85,BANK_B,0
ACCT_00963,business,315250.4,BANK_B,0
ACCT_00964,corporate,328996.65,BANK_D,0
ACCT_00965,individual,368956.8,BANK_B,0
ACCT_00966,business,296509.38,BANK_D,0
ACCT_00967,individual,352663.07,BANK_B,0
ACCT_00968,business,376410.42,BANK_A,0
ACCT_00969,corporate,51774.27,BANK_E,0
ACCT_00970,individual,183530.72,BANK_B,0
ACCT_00971,business,57863.53,BANK_D,0
ACCT_00972,corporate,482992.28,BANK_C,1
ACCT_00973,corporate,194930.99,BANK_D,0
ACCT_00974,corporate,58001.8,BANK_C,0
ACCT_00975,business,309063.98,BANK_C,0
ACCT_00976,corporate,295494.01,BANK_B,0
ACCT_00977,business,59812.96,BANK_C,0
ACCT_00978,individual,92339.21,BANK_B,0
ACCT_00979,corporate,194843.17,BANK_E,0
ACCT_00980,individual,287828.22,BANK_D,0
ACCT_00981,individual,243848.44,BANK_E,1
ACCT_00982,corporate,459661.34,BANK_B,0
ACCT_00983,corporate,84265.9,BANK_C,0
ACCT_00984,individual,94362.19,BANK_D,0
ACCT_00985,corporate,27752.02,BANK_C,0
ACCT_00986,individual,242819.85,BANK_B,0
ACCT_00987,business,481950.72,BANK_E,0
ACCT_00988,corporate,247989.95,BANK_D,0
ACCT_00989,business,355361.04,BANK_D,1
ACCT_00990,business,84459.49,BANK_E,0
ACCT_00991,individual,398144.56,BANK_B,1
ACCT_00992,business,17314.85,BANK_B,1
ACCT_00993,corporate,145046.48,BANK_D,0
ACCT_00994,corporate,371516.61,BANK_D,0
ACCT_00995,corporate,255892.18,BANK_E,0
ACCT_00996,individual,134676.57,BANK_E,0
ACCT_00997,business,271479.65,BANK_A,0
ACCT_00998,corporate,221241.92,BANK_B,0
ACCT_00999,business,52105.8,BANK_B,0
ACCT_01000,business,437530.11,BANK_A,1
ACCT_01001,business,132144.8,BANK_A,1
ACCT_01002,business,432779.94,BANK_A,0
ACCT_01003,individual,105729.21,BANK_E,0
ACCT_01004,corporate,175964.79,BANK_E,1
ACCT_01005,corporate,214655.36,BANK_E,0
ACCT_01006,individual,392639.81,BANK_B,0
ACCT_01007,individual,285467.1,BANK_E,0
ACCT_01008,business,298831.99,BANK_B,0
ACCT_01009,business,489521.08,BANK_C,0
ACCT_01010,business,286795.05,BANK_E,1
ACCT_01011,corporate,407775.27,BANK_B,0
ACCT_01012,business,459465.59,BANK_C,0
ACCT_01013,corporate,64317.2,BANK_B,0
ACCT_01014,individual,73975.48,BANK_C,0
ACCT_01015,individual,380975.32,BANK_D,0
ACCT_01016,business,71943.64,BANK_C,0
ACCT_01017,corporate,207698.32,BANK_D,0
ACCT_01018,individual,317180.25,BANK_A,1
ACCT_01019,business,258291.12,BANK_C,1
ACCT_01020,corporate,468231.72,BANK_C,1
ACCT_01021,business,475176.79,BANK_C,0
ACCT_01022,corporate,2234.07,BANK_A,0
ACCT_01023,corporate,486103.0,BANK_C,0
ACCT_01024,individual,398043.29,BANK_D,0
ACCT_01025,individual,484096.16,BANK_B,0
ACCT_01026,business,134999.88,BANK_C,0
ACCT_01027,business,274107.96,BANK_B,0
ACCT_01028,corporate,426358.87,BANK_C,0
ACCT_01029,corporate,381364.76,BANK_A,0
ACCT_01030,individual,313463.58,BANK_D,0
ACCT_01031,individual,62994.35,BANK_B,0
ACCT_01032,business,228802.55,BANK_D,0
ACCT_01033,individual,497851.34,BANK_B,1
ACCT_01034,corporate,151630.89,BANK_C,0
ACCT_01035,individual,327639.39,BANK_C,0
ACCT_01036,individual,186550.04,BANK_B,1
ACCT_01037,individual,198774.44,BANK_C,1
ACCT_01038,corporate,350021.24,BANK_B,0
ACCT_01039,business,328087.13,BANK_A,0
ACCT_01040,individual,107497.17,BANK_A,0
ACCT_01041,individual,297246.07,BANK_E,0
ACCT_01042,corporate,223088.37,BANK_A,0
ACCT_01043,corporate,172443.5,BANK_A,0
ACCT_01044,business,347321.47,BANK_D,0
ACCT_01045,individual,115244.49,BANK_A,0
ACCT_01046,corporate,403172.46,BANK_A,0
ACCT_01047,business,184413.28,BANK_C,0
ACCT_01048,individual,191977.8,BANK_B,0
ACCT_01049,corporate,496477.14,BANK_B,0
ACCT_01050,individual,265723.63,BANK_A,0
ACCT_01051,corporate,325360.09,BANK_D,0
ACCT_01052,business,361493.58,BANK_B,0
ACCT_01053,business,308421.93,BANK_D,1
ACCT_01054,individual,44257.33,BANK_A,0
ACCT_01055,individual,376470.38,BANK_E,0
ACCT_01056,corporate,192631.92,BANK_D,0
ACCT_01057,business,395747.25,BANK_B,0
ACCT_01058,business,322665.66,BANK_B,0
ACCT_01059,corporate,300898.53,BANK_E,0
ACCT_01060,business,389705.86,BANK_A,0
ACCT_01061,corporate,438037.77,BANK_B,0
ACCT_01062,corporate,303856.51,BANK_B,0
ACCT_01063,corporate,196483.76,BANK_A,0
ACCT_01064,individual,247948.97,BANK_A,0
ACCT_01065,individual,250291.69,BANK_E,0
ACCT_01066,individual,264614.96,BANK_A,0
ACCT_01067,business,467028.28,BANK_B,0
ACCT_01068,business,430546.19,BANK_E,1
ACCT_01069,business,183340.82,BANK_B,0
ACCT_01070,business,477272.04,BANK_A,0
ACCT_01071,individual,294094.38,BANK_A,1
ACCT_01072,business,108655.73,BANK_A,0
ACCT_01073,business,253798.69,BANK_E,0
ACCT_01074,business,212364.04,BANK_D,0
ACCT_01075,individual,320628.11,BANK_E,0
ACCT_01076,corporate,77187.54,BANK_A,0
ACCT_01077,business,40431.76,BANK_B,1
ACCT_01078,individual,268658.7,BANK_D,1
ACCT_01079,corporate,317512.83,BANK_A,0
ACCT_01080,business,349639.26,BANK_B,0
ACCT_01081,individual,122995.4,BANK_D,0
ACCT_01082,individual,227232.55,BANK_E,0
ACCT_01083,individual,155335.74,BANK_B,0
ACCT_01084,individual,7319.82,BANK_B,0
ACCT_01085,corporate,6663.95,BANK_D,0
ACCT_01086,business,261979.68,BANK_C,0
ACCT_01087,individual,186562.85,BANK_C,0
ACCT_01088,corporate,443320.97,BANK_A,0
ACCT_01089,business,403746.82,BANK_C,1
ACCT_01090,corporate,32872.12,BANK_E,0
ACCT_01091,corporate,39457.95,BANK_D,0
ACCT_01092,corporate,180701.82,BANK_D,0
ACCT_01093,corporate,84273.81,BANK_B,1
ACCT_01094,business,386891.15,BANK_E,0
ACCT_01095,corporate,361666.41,BANK_B,0
ACCT_01096,corporate,254903.62,BANK_A,0
ACCT_01097,individual,123031.17,BANK_D,0
ACCT_01098,business,192106.76,BANK_B,0
ACCT_01099,individual,465648.88,BANK_A,0
ACCT_01100,corporate,401754.63,BANK_D,0
ACCT_01101,individual,161579.21,BANK_D,0
ACCT_01102,corporate,160647.63,BANK_A,0
ACCT_01103,corporate,187031.28,BANK_E,0
ACCT_01104,corporate,451068.56,BANK_B,0
ACCT_01105,individual,402364.67,BANK_A,0
ACCT_01106,business,35394.29,BANK_D,0
ACCT_01107,business,386990.21,BANK_C,0
ACCT_01108,business,44106.38,BANK_D,0
ACCT_01109,individual,185090.76,BANK_C,0
ACCT_01110,corporate,392469.1,BANK_E,0
ACCT_01111,individual,232499.42,BANK_E,0
ACCT_01112,business,498895.77,BANK_B,0
ACCT_01113,corporate,450321.21,BANK_B,0
ACCT_01114,individual,4182.56,BANK_D,0
ACCT_01115,individual,117265.87,BANK_C,1
ACCT_01116,corporate,419947.43,BANK_A,0
ACCT_01117,business,1729.56,BANK_D,0
ACCT_01118,corporate,363880.3,BANK_A,0
ACCT_01119,individual,265377.43,BANK_B,0
ACCT_01120,business,246522.41,BANK_A,0
ACCT_01121,individual,356114.58,BANK_A,0
ACCT_01122,individual,460715.93,BANK_E,0
ACCT_01123,business,350722.61,BANK_C,0
ACCT_01124,business,487302.84,BANK_A,0
ACCT_01125,corporate,48692.93,BANK_B,1
ACCT_01126,corporate,410161.48,BANK_A,0
ACCT_01127,corporate,284342.54,BANK_D,0
ACCT_01128,corporate,482144.92,BANK_B,0
ACCT_01129,business,131234.48,BANK_C,0
ACCT_01130,business,350662.08,BANK_C,1
ACCT_01131,business,226926.17,BANK_B,0
ACCT_01132,individual,471833.79,BANK_B,0
ACCT_01133,corporate,55377.44,BANK_A,1
ACCT_01134,individual,225333.81,BANK_C,1
ACCT_01135,business,61247.63,BANK_C,1
ACCT_01136,individual,226506.62,BANK_D,0
ACCT_01137,business,426388.61,BANK_A,0
ACCT_01138,individual,403990.86,BANK_C,1
ACCT_01139,corporate,348742.11,BANK_A,0
ACCT_01140,individual,418126.45,BANK_C,0
ACCT_01141,individual,46515.24,BANK_B,0
ACCT_01142,business,198725.99,BANK_A,0
ACCT_01143,corporate,150121.51,BANK_B,0
ACCT_01144,individual,476096.21,BANK_D,0
ACCT_01145,corporate,374291.15,BANK_B,1
ACCT_01146,individual,231559.58,BANK_B,0
ACCT_01147,individual,6966.5,BANK_B,0
ACCT_01148,individual,99868.38,BANK_D,1
ACCT_01149,business,343456.35,BANK_A,1
ACCT_01150,corporate,293473.26,BANK_A,0
ACCT_01151,individual,498583.55,BANK_B,0
ACCT_01152,corporate,222272.23,BANK_B,1
ACCT_01153,individual,452633.91,BANK_C,0
ACCT_01154,individual,22305.46,BANK_D,0
ACCT_01155,individual,84826.62,BANK_E,0
ACCT_01156,business,411021.02,BANK_D,0
ACCT_01157,business,15711.66,BANK_D,0
ACCT_01158,individual,177617.68,BANK_B,0
ACCT_01159,business,140647.42,BANK_B,0
ACCT_01160,individual,307439.18,BANK_E,0
ACCT_01161,individual,323991.92,BANK_D,0
ACCT_01162,business,441506.51,BANK_D,0
ACCT_01163,individual,44773.05,BANK_D,0
ACCT_01164,individual,210198.18,BANK_E,0
ACCT_01165,individual,315746.44,BANK_E,0
ACCT_01166,individual,494712.4,BANK_C,0
ACCT_01167,business,272714.39,BANK_D,0
ACCT_01168,business,456425.83,BANK_E,0
ACCT_01169,business,194802.26,BANK_B,0
ACCT_01170,individual,160119.91,BANK_B,0
ACCT_01171,individual,447986.63,BANK_C,0
ACCT_01172,individual,404518.29,BANK_D,0
ACCT_01173,corporate,179359.01,BANK_E,0
ACCT_01174,individual,487015.95,BANK_A,0
ACCT_01175,individual,328775.35,BANK_C,0
ACCT_01176,corporate,408326.3,BANK_A,1
ACCT_01177,individual,288270.36,BANK_D,1
ACCT_01178,business,467667.81,BANK_B,0
ACCT_01179,individual,119039.02,BANK_C,1
ACCT_01180,corporate,349115.66,BANK_E,0
ACCT_01181,individual,352022.99,BANK_C,0
ACCT_01182,corporate,282239.64,BANK_E,0
ACCT_01183,individual,418511.72,BANK_D,0
ACCT_01184,corporate,155217.48,BANK_D,0
ACCT_01185,individual,46038.43,BANK_B,0
ACCT_01186,corporate,110185.66,BANK_E,0
ACCT_01187,business,1341.06,BANK_E,0
ACCT_01188,individual,403416.26,BANK_C,0
ACCT_01189,corporate,89552.48,BANK_C,0
ACCT_01190,individual,11934.54,BANK_E,0
ACCT_01191,corporate,458694.85,BANK_A,0
ACCT_01192,corporate,430474.06,BANK_A,0
ACCT_01193,business,352564.47,BANK_D,0
ACCT_01194,corporate,51415.05,BANK_C,0
ACCT_01195,business,69089.38,BANK_B,0
ACCT_01196,corporate,474398.07,BANK_D,0
ACCT_01197,corporate,159324.41,BANK_E,0
ACCT_01198,corporate,444910.51,BANK_E,0
ACCT_01199,business,112395.37,BANK_E,0
ACCT_01200,individual,189813.67,BANK_C,0
ACCT_01201,individual,89676.44,BANK_A,1
ACCT_01202,corporate,474400.38,BANK_D,0
ACCT_01203,corporate,17158.99,BANK_E,0
ACCT_01204,business,460598.07,BANK_E,0
ACCT_01205,individual,320183.74,BANK_A,0
ACCT_01206,business,71181.04,BANK_A,0
ACCT_01207,individual,174058.25,BANK_C,0
ACCT_01208,individual,318457.2,BANK_A,1
ACCT_01209,corporate,335342.26,BANK_C,0
ACCT_01210,business,6686.41,BANK_B,1
ACCT_01211,individual,346894.86,BANK_C,0
ACCT_01212,business,393722.98,BANK_A,0
ACCT_01213,individual,193582.61,BANK_D,0
ACCT_01214,individual,442391.45,BANK_D,0
ACCT_01215,business,176264.35,BANK_D,0
ACCT_01216,individual,414574.68,BANK_E,0
ACCT_01217,corporate,379363.53,BANK_B,0
ACCT_01218,individual,226192.42,BANK_A,0
ACCT_01219,business,11018.92,BANK_C,0
ACCT_01220,individual,38026.0,BANK_B,1
ACCT_01221,business,81291.34,BANK_A,0
ACCT_01222,corporate,470975.24,BANK_A,0
ACCT_01223,business,297421.24,BANK_E,0
ACCT_01224,business,352547.82,BANK_D,0
ACCT_01225,corporate,83333.6,BANK_D,1
ACCT_01226,individual,27724.32,BANK_C,0
ACCT_01227,individual,487224.81,BANK_D,1
ACCT_01228,corporate,277502.1,BANK_E,1
ACCT_01229,business,330638.35,BANK_C,0
ACCT_01230,individual,48862.04,BANK_D,0
ACCT_01231,corporate,275281.65,BANK_D,0
ACCT_01232,individual,28197.92,BANK_A,0
ACCT_01233,business,44726.55,BANK_E,0
ACCT_01234,business,100637.73,BANK_A,0
ACCT_01235,individual,86245.26,BANK_C,0
ACCT_01236,individual,237311.75,BANK_A,0
ACCT_01237,business,392653.41,BANK_D,0
ACCT_01238,business,447543.86,BANK_C,1
ACCT_01239,individual,321291.32,BANK_D,0
ACCT_01240,individual,186139.24,BANK_D,0
ACCT_01241,business,94104.89,BANK_A,0
ACCT_01242,business,220430.47,BANK_C,0
ACCT_01243,individual,418702.3,BANK_E,0
ACCT_01244,individual,76414.21,BANK_A,0
ACCT_01245,individual,334402.45,BANK_E,0
ACCT_01246,business,485382.06,BANK_E,0
ACCT_01247,individual,277247.35,BANK_D,0
ACCT_01248,corporate,209897.41,BANK_E,0
ACCT_01249,corporate,433580.11,BANK_D,0
ACCT_01250,corporate,440945.28,BANK_D,0
ACCT_01251,business,40398.57,BANK_A,0
ACCT_01252,corporate,286038.75,BANK_E,0
ACCT_01253,corporate,339089.91,BANK_E,0
ACCT_01254,individual,61020.66,BANK_D,0
ACCT_01255,individual,474581.68,BANK_B,0
ACCT_01256,individual,404421.9,BANK_B,1
ACCT_01257,individual,212264.07,BANK_D,0
ACCT_01258,individual,498637.34,BANK_B,0
ACCT_01259,corporate,129685.29,BANK_A,0
ACCT_01260,individual,194661.48,BANK_D,0
ACCT_01261,corporate,163737.28,BANK_C,0
ACCT_01262,corporate,229620.43,BANK_A,0
ACCT_01263,corporate,311905.91,BANK_E,0
ACCT_01264,business,57146.9,BANK_B,0
ACCT_01265,individual,283730.37,BANK_E,0
ACCT_01266,individual,462539.16,BANK_E,0
ACCT_01267,individual,393087.07,BANK_E,1
ACCT_01268,business,439068.89,BANK_C,0
ACCT_01269,business,327739.05,BANK_E,0
ACCT_01270,corporate,237050.26,BANK_B,0
ACCT_01271,business,202084.01,BANK_E,0
ACCT_01272,corporate,340725.62,BANK_D,0
ACCT_01273,individual,198500.58,BANK_C,0
ACCT_01274,corporate,119552.07,BANK_D,0
ACCT_01275,business,448618.65,BANK_A,0
ACCT_01276,business,408875.58,BANK_C,0
ACCT_01277,business,140892.98,BANK_D,0
ACCT_01278,corporate,342741.16,BANK_B,1
ACCT_01279,individual,150939.74,BANK_D,0
ACCT_01280,business,135440.57,BANK_D,0
ACCT_01281,corporate,323131.85,BANK_B,0
ACCT_01282,business,106483.86,BANK_D,0
ACCT_01283,corporate,242745.7,BANK_E,0
ACCT_01284,business,410687.68,BANK_E,0
ACCT_01285,individual,33742.87,BANK_E,1
ACCT_01286,business,68689.26,BANK_E,0
ACCT_01287,corporate,15445.13,BANK_B,0
ACCT_01288,individual,418651.36,BANK_B,0
ACCT_01289,individual,228767.88,BANK_C,0
ACCT_01290,corporate,100355.78,BANK_C,0
ACCT_01291,business,253058.06,BANK_A,0
ACCT_01292,corporate,16251.03,BANK_C,0
ACCT_01293,business,297427.75,BANK_B,0
ACCT_01294,business,293853.24,BANK_C,1
ACCT_01295,business,82593.29,BANK_C,0
ACCT_01296,corporate,415604.23,BANK_A,0
ACCT_01297,business,14697.79,BANK_A,0
ACCT_01298,individual,427056.84,BANK_B,0
ACCT_01299,individual,324042.57,BANK_B,0
ACCT_01300,business,326142.08,BANK_E,0
ACCT_01301,individual,432450.34,BANK_A,1
ACCT_01302,business,455846.2,BANK_B,0
ACCT_01303,corporate,400631.54,BANK_B,0
ACCT_01304,business,304563.6,BANK_C,0
ACCT_01305,corporate,483545.2,BANK_C,0
ACCT_01306,business,447846.0,BANK_C,0
ACCT_01307,business,126747.36,BANK_D,0
ACCT_01308,business,338920.88,BANK_E,0
ACCT_01309,business,292659.09,BANK_A,0
ACCT_01310,corporate,499715.26,BANK_C,0
ACCT_01311,corporate,324023.72,BANK_E,0
ACCT_01312,business,149939.49,BANK_A,0
ACCT_01313,business,32854.69,BANK_C,1
ACCT_01314,corporate,163243.4,BANK_C,0
ACCT_01315,business,328403.68,BANK_C,0
ACCT_01316,individual,75814.72,BANK_B,1
ACCT_01317,individual,402909.48,BANK_E,0
ACCT_01318,business,330604.63,BANK_B,0
ACCT_01319,corporate,13702.18,BANK_D,0
ACCT_01320,business,130453.71,BANK_D,0
ACCT_01321,business,194749.19,BANK_A,0
ACCT_01322,corporate,354326.41,BANK_E,1
ACCT_01323,individual,172240.36,BANK_B,0
ACCT_01324,corporate,267782.92,BANK_D,0
ACCT_01325,corporate,179890.07,BANK_C,0
ACCT_01326,individual,420478.71,BANK_E,0
ACCT_01327,individual,147598.24,BANK_D,0
ACCT_01328,individual,370718.53,BANK_E,0
ACCT_01329,individual,473514.77,BANK_C,1
ACCT_01330,corporate,45560.61,BANK_C,0
ACCT_01331,individual,372360.75,BANK_C,0
ACCT_01332,business,394257.13,BANK_C,0
ACCT_01333,business,131019.06,BANK_C,0
ACCT_01334,business,425755.73,BANK_D,0
ACCT_01335,individual,433330.29,BANK_E,0
ACCT_01336,corporate,472206.19,BANK_A,0
ACCT_01337,business,444823.6,BANK_E,1
ACCT_01338,individual,433881.38,BANK_D,0
ACCT_01339,corporate,149879.52,BANK_A,0
ACCT_01340,individual,69545.26,BANK_B,1
ACCT_01341,business,205186.73,BANK_E,1
ACCT_01342,business,72468.85,BANK_B,0
ACCT_01343,individual,244302.84,BANK_B,0
ACCT_01344,business,317614.99,BANK_A,1
ACCT_01345,business,137490.4,BANK_B,0
ACCT_01346,corporate,382477.38,BANK_D,0
ACCT_01347,individual,65573.57,BANK_D,0
ACCT_01348,corporate,215275.45,BANK_D,0
ACCT_01349,business,192274.89,BANK_A,1
ACCT_01350,corporate,100507.71,BANK_C,1
ACCT_01351,individual,446111.19,BANK_E,0
ACCT_01352,individual,9940.15,BANK_A,0
ACCT_01353,corporate,367068.02,BANK_B,1
ACCT_01354,corporate,438615.58,BANK_C,0
ACCT_01355,individual,52251.4,BANK_E,0
ACCT_01356,corporate,153751.43,BANK_A,1
ACCT_01357,individual,149802.92,BANK_C,0
ACCT_01358,business,364188.12,BANK_E,0
ACCT_01359,corporate,169579.74,BANK_B,1
ACCT_01360,business,498073.32,BANK_D,0
ACCT_01361,business,375307.68,BANK_B,1
ACCT_01362,business,10543.24,BANK_B,0
ACCT_01363,corporate,492454.88,BANK_B,1
ACCT_01364,corporate,11934.72,BANK_E,0
ACCT_01365,individual,62457.83,BANK_A,0
ACCT_01366,business,438395.52,BANK_C,1
ACCT_01367,corporate,311944.25,BANK_E,1
ACCT_01368,individual,331322.99,BANK_A,0
ACCT_01369,individual,345185.12,BANK_D,0
ACCT_01370,business,190746.63,BANK_E,1
ACCT_01371,business,237723.77,BANK_B,0
ACCT_01372,individual,347900.82,BANK_A,0
ACCT_01373,business,211014.86,BANK_A,0
ACCT_01374,corporate,260634.31,BANK_E,0
ACCT_01375,corporate,350662.45,BANK_D,0
ACCT_01376,individual,256280.81,BANK_E,0
ACCT_01377,individual,142070.68,BANK_A,1
ACCT_01378,business,100124.68,BANK_B,0
ACCT_01379,business,415917.91,BANK_B,0
ACCT_01380,business,352014.94,BANK_C,1
ACCT_01381,individual,20663.45,BANK_D,0
ACCT_01382,individual,344413.75,BANK_D,1
ACCT_01383,business,118018.13,BANK_A,0
ACCT_01384,corporate,45412.42,BANK_A,1
ACCT_01385,corporate,334841.94,BANK_B,0
ACCT_01386,individual,389983.59,BANK_A,0
ACCT_01387,corporate,362064.55,BANK_C,0
ACCT_01388,corporate,116348.98,BANK_C,0
ACCT_01389,business,232674.4,BANK_A,0
ACCT_01390,individual,437196.08,BANK_C,1
ACCT_01391,business,400996.46,BANK_C,0
ACCT_01392,business,369531.56,BANK_A,0
ACCT_01393,individual,5826.49,BANK_B,1
ACCT_01394,corporate,323952.11,BANK_C,0
ACCT_01395,business,447369.28,BANK_E,0
ACCT_01396,business,439359.29,BANK_A,0
ACCT_01397,business,407667.18,BANK_B,0
ACCT_01398,individual,200987.98,BANK_D,1
ACCT_01399,business,418018.46,BANK_D,0
ACCT_01400,business,324774.4,BANK_B,0
ACCT_01401,individual,67123.28,BANK_A,0
ACCT_01402,individual,52752.84,BANK_E,0
ACCT_01403,business,401330.13,BANK_D,0
ACCT_01404,individual,306050.26,BANK_C,1
ACCT_01405,corporate,15379.3,BANK_B,0
ACCT_01406,business,460278.59,BANK_A,0
ACCT_01407,business,220903.25,BANK_A,0
ACCT_01408,business,327831.81,BANK_A,0
ACCT_01409,corporate,434297.8,BANK_E,1
ACCT_01410,corporate,288747.86,BANK_E,0
ACCT_01411,individual,488969.88,BANK_C,1
ACCT_01412,corporate,262028.48,BANK_E,0
ACCT_01413,individual,216991.11,BANK_B,0
ACCT_01414,business,173528.99,BANK_D,0
ACCT_01415,individual,419677.48,BANK_E,0
ACCT_01416,corporate,28228.49,BANK_B,0
ACCT_01417,corporate,424573.94,BANK_D,0
ACCT_01418,individual,38357.76,BANK_D,0
ACCT_01419,business,121205.02,BANK_C,0
ACCT_01420,individual,253957.74,BANK_E,0
ACCT_01421,corporate,189940.16,BANK_B,0
ACCT_01422,individual,230088.2,BANK_E,1
ACCT_01423,business,44921.91,BANK_D,0
ACCT_01424,business,158714.7,BANK_D,0
ACCT_01425,corporate,327033.13,BANK_A,0
ACCT_01426,business,206756.94,BANK_E,0
ACCT_01427,corporate,1084.69,BANK_A,0
ACCT_01428,corporate,481622.45,BANK_C,0
ACCT_01429,corporate,281603.95,BANK_D,0
ACCT_01430,business,182307.9,BANK_A,0
ACCT_01431,individual,422314.4,BANK_C,0
ACCT_01432,corporate,383940.78,BANK_E,0
ACCT_01433,business,358612.38,BANK_C,0
ACCT_01434,corporate,226813.7,BANK_A,0
ACCT_01435,corporate,111651.81,BANK_C,0
ACCT_01436,business,415112.06,BANK_C,0
ACCT_01437,corporate,261470.56,BANK_A,1
ACCT_01438,individual,448541.68,BANK_D,0
ACCT_01439,individual,411097.49,BANK_D,1
ACCT_01440,individual,127890.37,BANK_B,0
ACCT_01441,individual,61252.16,BANK_D,0
ACCT_01442,individual,229065.96,BANK_B,0
ACCT_01443,corporate,169628.84,BANK_D,0
ACCT_01444,individual,463386.64,BANK_E,0
ACCT_01445,individual,386300.44,BANK_D,0
ACCT_01446,business,329569.89,BANK_E,1
ACCT_01447,individual,481963.52,BANK_A,1
ACCT_01448,corporate,368370.75,BANK_E,1
ACCT_01449,business,419569.24,BANK_D,0
ACCT_01450,corporate,390759.67,BANK_B,1
ACCT_01451,corporate,289698.64,BANK_B,0
ACCT_01452,individual,194315.38,BANK_E,0
ACCT_01453,corporate,441465.24,BANK_E,0
ACCT_01454,business,209913.71,BANK_E,0
ACCT_01455,corporate,381424.95,BANK_C,1
ACCT_01456,business,481833.18,BANK_C,0
ACCT_01457,business,402593.62,BANK_B,0
ACCT_01458,business,301659.7,BANK_E,0
ACCT_01459,business,421694.14,BANK_E,1
ACCT_01460,business,356225.3,BANK_E,0
ACCT_01461,corporate,109453.94,BANK_B,1
ACCT_01462,corporate,357477.88,BANK_C,0
ACCT_01463,corporate,67203.19,BANK_B,0
ACCT_01464,corporate,271703.25,BANK_C,0
ACCT_01465,corporate,58587.22,BANK_C,0
ACCT_01466,corporate,240704.59,BANK_E,0
ACCT_01467,corporate,355351.69,BANK_E,0
ACCT_01468,business,438861.14,BANK_D,0
ACCT_01469,individual,261842.26,BANK_A,0
ACCT_01470,business,73518.03,BANK_A,0
ACCT_01471,individual,134222.16,BANK_B,0
ACCT_01472,business,342011.77,BANK_B,1
ACCT_01473,individual,345606.83,BANK_C,0
ACCT_01474,individual,377043.38,BANK_A,0
ACCT_01475,business,407199.08,BANK_A,0
ACCT_01476,corporate,434149.65,BANK_E,0
ACCT_01477,individual,371463.96,BANK_E,0
ACCT_01478,business,119560.14,BANK_C,0
ACCT_01479,corporate,332582.29,BANK_D,0
ACCT_01480,business,208866.55,BANK_C,0
ACCT_01481,corporate,27847.29,BANK_C,0
ACCT_01482,individual,310660.29,BANK_D,0
ACCT_01483,individual,455831.7,BANK_C,1
ACCT_01484,corporate,273760.95,BANK_E,0
ACCT_01485,individual,388297.23,BANK_B,0
ACCT_01486,business,224958.65,BANK_A,0
ACCT_01487,individual,481275.15,BANK_E,0
ACCT_01488,individual,189221.92,BANK_D,0
ACCT_01489,business,278742.71,BANK_B,1
ACCT_01490,individual,292409.04,BANK_C,0
ACCT_01491,individual,165950.83,BANK_B,0
ACCT_01492,individual,77697.99,BANK_C,0
ACCT_01493,corporate,26376.87,BANK_E,0
ACCT_01494,corporate,151276.25,BANK_E,0
ACCT_01495,corporate,179684.71,BANK_C,0
ACCT_01496,corporate,110761.05,BANK_B,0
ACCT_01497,corporate,35020.06,BANK_E,0
ACCT_01498,individual,208549.69,BANK_E,0
ACCT_01499,business,46880.83,BANK_B,0
ACCT_01500,individual,332003.9,BANK_C,0
ACCT_01501,business,147493.6,BANK_E,0
ACCT_01502,corporate,237953.74,BANK_E,0
ACCT_01503,corporate,5393.04,BANK_C,0
ACCT_01504,business,120933.59,BANK_E,0
ACCT_01505,corporate,122669.75,BANK_A,0
ACCT_01506,corporate,442944.42,BANK_D,1
ACCT_01507,individual,193552.09,BANK_E,0
ACCT_01508,corporate,142131.67,BANK_E,1
ACCT_01509,business,257640.22,BANK_E,0
ACCT_01510,business,243915.55,BANK_C,0
ACCT_01511,corporate,97063.68,BANK_E,0
ACCT_01512,individual,474157.7,BANK_B,0
ACCT_01513,corporate,267069.71,BANK_A,0
ACCT_01514,individual,335497.23,BANK_B,0
ACCT_01515,corporate,212680.52,BANK_A,0
ACCT_01516,individual,269339.35,BANK_D,0
ACCT_01517,corporate,408560.42,BANK_A,1
ACCT_01518,corporate,343335.73,BANK_A,0
ACCT_01519,business,358717.27,BANK_A,0
ACCT_01520,individual,37550.77,BANK_B,0
ACCT_01521,business,279484.02,BANK_E,1
ACCT_01522,individual,455582.3,BANK_D,0
ACCT_01523,business,226111.71,BANK_D,0
ACCT_01524,business,158885.72,BANK_D,0
ACCT_01525,corporate,60034.58,BANK_A,0
ACCT_01526,corporate,360422.55,BANK_A,0
ACCT_01527,corporate,293218.4,BANK_A,0
ACCT_01528,business,464095.83,BANK_A,1
ACCT_01529,business,393659.06,BANK_C,1
ACCT_01530,corporate,44166.11,BANK_D,1
ACCT_01531,business,198161.52,BANK_A,0
ACCT_01532,business,79005.41,BANK_B,0
ACCT_01533,individual,373630.2,BANK_E,1
ACCT_01534,business,480107.0,BANK_B,0
ACCT_01535,business,338967.23,BANK_C,0
ACCT_01536,individual,277208.57,BANK_E,0
ACCT_01537,individual,62494.34,BANK_A,0
ACCT_01538,corporate,298730.79,BANK_E,0
ACCT_01539,corporate,473542.72,BANK_C,0
ACCT_01540,individual,374400.0,BANK_C,0
ACCT_01541,individual,206914.59,BANK_E,0
ACCT_01542,individual,81316.22,BANK_B,0
ACCT_01543,corporate,417539.44,BANK_B,0
ACCT_01544,individual,91497.63,BANK_E,0
ACCT_01545,individual,425842.47,BANK_E,0
ACCT_01546,business,322692.58,BANK_A,0
ACCT_01547,business,336170.94,BANK_C,0
ACCT_01548,individual,99511.38,BANK_E,0
ACCT_01549,business,475818.41,BANK_C,0
ACCT_01550,individual,335976.49,BANK_B,0
ACCT_01551,individual,143283.43,BANK_A,0
ACCT_01552,individual,159575.18,BANK_D,0
ACCT_01553,business,308554.87,BANK_C,1
ACCT_01554,corporate,292500.8,BANK_E,0
ACCT_01555,corporate,182882.22,BANK_C,0
ACCT_01556,business,85151.12,BANK_C,0
ACCT_01557,individual,393044.4,BANK_D,0
ACCT_01558,business,420214.92,BANK_B,0
ACCT_01559,corporate,366753.43,BANK_D,0
ACCT_01560,business,223233.63,BANK_C,1
ACCT_01561,business,276284.24,BANK_B,0
ACCT_01562,corporate,303707.21,BANK_C,0
ACCT_01563,individual,445757.22,BANK_B,1
ACCT_01564,business,367038.76,BANK_A,1
ACCT_01565,corporate,38624.58,BANK_A,0
ACCT_01566,corporate,316181.62,BANK_E,0
ACCT_01567,corporate,203162.1,BANK_E,0
ACCT_01568,individual,453245.49,BANK_E,0
ACCT_01569,business,272191.19,BANK_E,0
ACCT_01570,business,327300.16,BANK_B,0
ACCT_01571,business,196856.67,BANK_E,0
ACCT_01572,corporate,428724.91,BANK_B,0
ACCT_01573,business,251060.46,BANK_A,0
ACCT_01574,business,182568.91,BANK_A,0
ACCT_01575,corporate,120201.52,BANK_E,1
ACCT_01576,corporate,83755.93,BANK_E,0
ACCT_01577,individual,223664.0,BANK_B,0
ACCT_01578,corporate,474407.2,BANK_B,0
ACCT_01579,corporate,366270.23,BANK_C,0
ACCT_01580,individual,110190.74,BANK_D,0
ACCT_01581,individual,32367.72,BANK_C,0
ACCT_01582,individual,22361.41,BANK_B,0
ACCT_01583,corporate,453955.32,BANK_C,0
ACCT_01584,business,235367.44,BANK_D,1
ACCT_01585,individual,20912.44,BANK_C,0
ACCT_01586,individual,352164.39,BANK_E,1
ACCT_01587,corporate,414993.93,BANK_C,0
ACCT_01588,corporate,272630.68,BANK_B,0
ACCT_01589,business,327183.98,BANK_C,1
ACCT_01590,corporate,327014.94,BANK_A,0
ACCT_01591,corporate,126541.62,BANK_B,0
ACCT_01592,corporate,203515.26,BANK_C,1
ACCT_01593,business,396536.07,BANK_E,0
ACCT_01594,individual,251416.66,BANK_B,0
ACCT_01595,business,83637.31,BANK_A,0
ACCT_01596,corporate,322095.02,BANK_B,0
ACCT_01597,individual,94265.93,BANK_C,0
ACCT_01598,corporate,358934.05,BANK_A,0
ACCT_01599,corporate,115942.82,BANK_C,1
ACCT_01600,corporate,57556.01,BANK_D,0
ACCT_01601,business,106141.27,BANK_B,0
ACCT_01602,corporate,416849.13,BANK_A,0
ACCT_01603,individual,22529.02,BANK_E,0
ACCT_01604,corporate,81403.44,BANK_E,0
ACCT_01605,individual,445508.04,BANK_B,0
ACCT_01606,individual,84004.34,BANK_B,0
ACCT_01607,corporate,479160.93,BANK_E,1
ACCT_01608,corporate,319173.73,BANK_C,0
ACCT_01609,individual,109080.12,BANK_E,0
ACCT_01610,business,433783.9,BANK_B,0
ACCT_01611,individual,415351.42,BANK_E,0
ACCT_01612,individual,397513.42,BANK_B,0
ACCT_01613,corporate,330164.73,BANK_C,0
ACCT_01614,individual,362369.21,BANK_C,0
ACCT_01615,business,298670.15,BANK_A,0
ACCT_01616,individual,189727.46,BANK_B,0
ACCT_01617,individual,9264.75,BANK_E,0
ACCT_01618,corporate,342499.55,BANK_B,0
ACCT_01619,corporate,49052.99,BANK_D,1
ACCT_01620,corporate,300307.08,BANK_E,0
ACCT_01621,corporate,376439.19,BANK_A,0
ACCT_01622,business,330036.91,BANK_E,0
ACCT_01623,corporate,413933.37,BANK_D,1
ACCT_01624,corporate,210921.33,BANK_A,0
ACCT_01625,corporate,265378.44,BANK_B,1
ACCT_01626,business,394988.24,BANK_D,1
ACCT_01627,business,294934.99,BANK_E,1
ACCT_01628,individual,213319.21,BANK_C,0
ACCT_01629,business,383163.59,BANK_A,0
ACCT_01630,business,299547.88,BANK_E,1
ACCT_01631,business,129644.68,BANK_A,0
ACCT_01632,corporate,372079.19,BANK_A,0
ACCT_01633,corporate,261747.77,BANK_E,0
ACCT_01634,individual,188139.91,BANK_B,1
ACCT_01635,corporate,402339.29,BANK_D,0
ACCT_01636,business,54185.03,BANK_D,0
ACCT_01637,corporate,293099.72,BANK_C,0
ACCT_01638,corporate,212357.21,BANK_C,0
ACCT_01639,corporate,138504.71,BANK_D,0
ACCT_01640,individual,207200.85,BANK_E,1
ACCT_01641,business,90181.08,BANK_E,0
ACCT_01642,corporate,242396.32,BANK_C,0
ACCT_01643,corporate,172833.8,BANK_D,1
ACCT_01644,corporate,69896.19,BANK_A,0
ACCT_01645,corporate,115655.88,BANK_B,0
ACCT_01646,individual,108014.61,BANK_D,0
ACCT_01647,business,400626.01,BANK_E,0
ACCT_01648,corporate,342597.66,BANK_A,1
ACCT_01649,individual,195162.74,BANK_A,0
ACCT_01650,individual,411804.48,BANK_D,0
ACCT_01651,corporate,218253.34,BANK_A,0
ACCT_01652,business,111663.35,BANK_A,1
ACCT_01653,corporate,19839.91,BANK_D,1
ACCT_01654,business,307368.83,BANK_E,0
ACCT_01655,business,356091.31,BANK_E,0
ACCT_01656,individual,472912.21,BANK_B,0
ACCT_01657,corporate,247689.82,BANK_A,0
ACCT_01658,individual,425433.25,BANK_E,1
ACCT_01659,business,98178.5,BANK_E,0
ACCT_01660,corporate,258391.0,BANK_B,0
ACCT_01661,corporate,85571.96,BANK_A,0
ACCT_01662,business,120389.06,BANK_A,0
ACCT_01663,individual,44334.56,BANK_C,1
ACCT_01664,business,177210.7,BANK_D,0
ACCT_01665,business,293454.0,BANK_E,0
ACCT_01666,individual,368725.84,BANK_A,0
ACCT_01667,individual,275246.73,BANK_E,0
ACCT_01668,corporate,174699.53,BANK_C,0
ACCT_01669,individual,303575.34,BANK_B,0
ACCT_01670,business,464927.21,BANK_E,0
ACCT_01671,individual,131292.65,BANK_D,0
ACCT_01672,corporate,54126.01,BANK_A,0
ACCT_01673,corporate,147831.66,BANK_A,0
ACCT_01674,corporate,478397.97,BANK_E,0
ACCT_01675,corporate,125820.6,BANK_D,0
ACCT_01676,business,282021.13,BANK_B,0
ACCT_01677,business,480658.12,BANK_D,0
ACCT_01678,corporate,230899.5,BANK_E,0
ACCT_01679,individual,241503.11,BANK_C,0
ACCT_01680,individual,191953.95,BANK_B,0
ACCT_01681,corporate,350886.87,BANK_C,0
ACCT_01682,business,477767.4,BANK_E,0
ACCT_01683,corporate,5851.87,BANK_C,0
ACCT_01684,individual,144357.5,BANK_D,0
ACCT_01685,corporate,374645.28,BANK_C,0
ACCT_01686,individual,277721.2,BANK_B,0
ACCT_01687,business,157622.52,BANK_B,0
ACCT_01688,corporate,135268.82,BANK_B,0
ACCT_01689,business,368819.01,BANK_B,0
ACCT_01690,corporate,121786.2,BANK_C,0
ACCT_01691,individual,115374.56,BANK_B,0
ACCT_01692,corporate,178657.66,BANK_A,1
ACCT_01693,individual,460173.88,BANK_D,0
ACCT_01694,corporate,4305.21,BANK_E,0
ACCT_01695,individual,424157.29,BANK_C,0
ACCT_01696,corporate,158393.04,BANK_E,0
ACCT_01697,business,245911.87,BANK_E,0
ACCT_01698,business,199541.87,BANK_E,0
ACCT_01699,individual,28019.94,BANK_D,1
ACCT_01700,business,469887.56,BANK_A,0
ACCT_01701,corporate,174297.19,BANK_B,0
ACCT_01702,business,488277.09,BANK_E,0
ACCT_01703,business,158509.98,BANK_A,0
ACCT_01704,individual,337377.43,BANK_D,1
ACCT_01705,corporate,51273.17,BANK_C,0
ACCT_01706,corporate,431059.17,BANK_B,1
ACCT_01707,corporate,132161.67,BANK_C,0
ACCT_01708,business,479304.88,BANK_C,0
ACCT_01709,business,92772.92,BANK_D,0
ACCT_01710,individual,210127.38,BANK_C,0
ACCT_01711,business,427308.72,BANK_C,0
ACCT_01712,business,90764.73,BANK_B,0
ACCT_01713,corporate,343319.94,BANK_A,1
ACCT_01714,corporate,135704.6,BANK_B,0
ACCT_01715,corporate,216677.16,BANK_D,0
ACCT_01716,individual,73776.02,BANK_B,0
ACCT_01717,business,403028.51,BANK_B,0
ACCT_01718,business,250299.32,BANK_E,1
ACCT_01719,corporate,360559.6,BANK_D,1
ACCT_01720,business,126236.04,BANK_E,0
ACCT_01721,individual,199802.55,BANK_B,1
ACCT_01722,individual,108518.2,BANK_C,0
ACCT_01723,business,419646.88,BANK_A,1
ACCT_01724,business,372552.02,BANK_C,0
ACCT_01725,business,180792.98,BANK_E,0
ACCT_01726,business,172726.0,BANK_D,0
ACCT_01727,individual,176194.15,BANK_E,0
ACCT_01728,individual,288850.02,BANK_E,0
ACCT_01729,individual,489707.19,BANK_C,0
ACCT_01730,business,163220.05,BANK_E,1
ACCT_01731,business,387597.44,BANK_D,0
ACCT_01732,individual,191154.43,BANK_C,0
ACCT_01733,business,316224.38,BANK_B,0
ACCT_01734,individual,320649.75,BANK_C,0
ACCT_01735,business,316005.43,BANK_E,1
ACCT_01736,business,424601.49,BANK_A,0
ACCT_01737,individual,81837.74,BANK_B,0
ACCT_01738,business,159122.24,BANK_C,1
ACCT_01739,corporate,134468.72,BANK_D,0
ACCT_01740,business,443958.21,BANK_C,1
ACCT_01741,corporate,293872.97,BANK_D,0
ACCT_01742,business,84491.74,BANK_A,0
ACCT_01743,individual,364158.44,BANK_C,0
ACCT_01744,corporate,350647.77,BANK_A,0
ACCT_01745,individual,84288.32,BANK_A,0
ACCT_01746,individual,32832.41,BANK_D,0
ACCT_01747,corporate,27858.89,BANK_D,1
ACCT_01748,corporate,382733.19,BANK_A,0
ACCT_01749,individual,131963.68,BANK_B,0
ACCT_01750,individual,327761.51,BANK_D,0
ACCT_01751,business,115448.62,BANK_C,0
ACCT_01752,business,313613.86,BANK_B,0
ACCT_01753,corporate,419420.37,BANK_A,0
ACCT_01754,individual,332111.02,BANK_C,1
ACCT_01755,business,234129.54,BANK_E,0
ACCT_01756,business,274724.09,BANK_B,0
ACCT_01757,corporate,270104.5,BANK_E,1
ACCT_01758,corporate,228815.17,BANK_E,0
ACCT_01759,business,262206.44,BANK_E,0
ACCT_01760,business,454552.65,BANK_D,0
ACCT_01761,corporate,114337.09,BANK_A,0
ACCT_01762,business,154626.22,BANK_D,0
ACCT_01763,business,78703.05,BANK_A,0
ACCT_01764,individual,262134.8,BANK_B,1
ACCT_01765,business,144094.36,BANK_E,0
ACCT_01766,individual,344197.21,BANK_D,0
ACCT_01767,business,150505.65,BANK_D,0
ACCT_01768,business,298904.87,BANK_A,0
ACCT_01769,corporate,187448.29,BANK_D,0
ACCT_01770,corporate,219116.08,BANK_B,0
ACCT_01771,individual,357754.05,BANK_D,1
ACCT_01772,business,111075.62,BANK_A,0
ACCT_01773,business,313036.18,BANK_E,0
ACCT_01774,corporate,403979.9,BANK_C,0
ACCT_01775,business,324580.06,BANK_E,1
ACCT_01776,business,207039.03,BANK_A,0
ACCT_01777,individual,69175.39,BANK_A,0
ACCT_01778,corporate,228216.16,BANK_D,0
ACCT_01779,business,350535.83,BANK_D,0
ACCT_01780,individual,161001.22,BANK_B,0
ACCT_01781,individual,484888.39,BANK_A,1
ACCT_01782,individual,486193.97,BANK_C,1
ACCT_01783,business,63394.56,BANK_D,0
ACCT_01784,corporate,5093.84,BANK_A,0
ACCT_01785,individual,8347.7,BANK_B,0
ACCT_01786,business,210701.27,BANK_D,0
ACCT_01787,business,232378.55,BANK_A,0
ACCT_01788,business,41031.33,BANK_B,0
ACCT_01789,individual,133985.29,BANK_D,1
ACCT_01790,individual,272052.78,BANK_B,0
ACCT_01791,individual,447953.79,BANK_C,0
ACCT_01792,business,414297.77,BANK_A,0
ACCT_01793,corporate,125232.22,BANK_D,0
ACCT_01794,individual,369071.89,BANK_A,1
ACCT_01795,individual,230956.48,BANK_A,0
ACCT_01796,corporate,333337.93,BANK_B,0
ACCT_01797,business,195172.36,BANK_C,1
ACCT_01798,business,80147.11,BANK_A,0
ACCT_01799,corporate,468773.04,BANK_E,0
ACCT_01800,individual,127403.06,BANK_C,0
ACCT_01801,individual,180852.9,BANK_A,0
ACCT_01802,corporate,109676.34,BANK_A,0
ACCT_01803,individual,316821.57,BANK_C,1
ACCT_01804,individual,84512.82,BANK_C,0
ACCT_01805,corporate,60705.15,BANK_B,1
ACCT_01806,individual,484448.63,BANK_E,0
ACCT_01807,corporate,238160.07,BANK_E,0
ACCT_01808,individual,186327.93,BANK_A,0
ACCT_01809,individual,79691.53,BANK_A,0
ACCT_01810,corporate,309703.78,BANK_A,0
ACCT_01811,individual,178403.32,BANK_B,1
ACCT_01812,corporate,268640.31,BANK_A,0
ACCT_01813,individual,244433.6,BANK_C,0
ACCT_01814,corporate,394492.35,BANK_C,0
ACCT_01815,business,366861.23,BANK_A,0
ACCT_01816,corporate,189506.7,BANK_B,0
ACCT_01817,business,449432.86,BANK_D,0
ACCT_01818,corporate,219312.5,BANK_C,1
ACCT_01819,corporate,348821.85,BANK_B,0
ACCT_01820,corporate,94126.74,BANK_C,0
ACCT_01821,business,366468.8,BANK_C,0
ACCT_01822,corporate,457322.53,BANK_E,1
ACCT_01823,individual,35369.42,BANK_B,0
ACCT_01824,business,148540.66,BANK_C,0
ACCT_01825,corporate,184189.24,BANK_A,0
ACCT_01826,corporate,253472.91,BANK_B,1
ACCT_01827,individual,310247.57,BANK_C,0
ACCT_01828,corporate,120154.49,BANK_A,0
ACCT_01829,corporate,483614.42,BANK_D,0
ACCT_01830,individual,262510.81,BANK_D,0
ACCT_01831,corporate,77911.63,BANK_C,1
ACCT_01832,business,205492.46,BANK_C,1
ACCT_01833,individual,49031.89,BANK_A,0
ACCT_01834,individual,417761.49,BANK_B,0
ACCT_01835,individual,436872.9,BANK_B,0
ACCT_01836,individual,243199.77,BANK_A,0
ACCT_01837,individual,285935.08,BANK_D,0
ACCT_01838,corporate,245464.91,BANK_E,0
ACCT_01839,corporate,295560.16,BANK_A,1
ACCT_01840,business,111140.67,BANK_A,0
ACCT_01841,individual,465175.31,BANK_B,0
ACCT_01842,corporate,246211.35,BANK_A,0
ACCT_01843,business,400708.95,BANK_A,1
ACCT_01844,business,279451.92,BANK_D,0
ACCT_01845,business,397330.54,BANK_A,0
ACCT_01846,corporate,133642.0,BANK_A,0
ACCT_01847,corporate,36123.68,BANK_C,0
ACCT_01848,individual,472357.14,BANK_E,0
ACCT_01849,individual,51511.34,BANK_B,0
ACCT_01850,corporate,193280.21,BANK_B,1
ACCT_01851,corporate,328781.38,BANK_E,0
ACCT_01852,corporate,473804.17,BANK_E,0
ACCT_01853,corporate,279512.66,BANK_A,0
ACCT_01854,corporate,288705.27,BANK_D,0
ACCT_01855,corporate,332955.94,BANK_A,0
ACCT_01856,individual,396438.34,BANK_E,0
ACCT_01857,business,252841.7,BANK_B,0
ACCT_01858,corporate,499218.35,BANK_D,0
ACCT_01859,business,451340.0,BANK_E,0
ACCT_01860,business,422582.15,BANK_D,0
ACCT_01861,corporate,215863.45,BANK_C,0
ACCT_01862,corporate,121120.56,BANK_E,0
ACCT_01863,individual,188156.47,BANK_E,0
ACCT_01864,corporate,127790.47,BANK_D,0
ACCT_01865,business,479952.39,BANK_A,0
ACCT_01866,corporate,18296.79,BANK_C,0
ACCT_01867,corporate,9134.92,BANK_B,1
ACCT_01868,business,4277.85,BANK_B,0
ACCT_01869,individual,428004.49,BANK_A,0
ACCT_01870,corporate,411346.39,BANK_E,0
ACCT_01871,corporate,278605.22,BANK_E,0
ACCT_01872,individual,48049.28,BANK_D,0
ACCT_01873,business,78897.45,BANK_C,0
ACCT_01874,business,444923.05,BANK_B,0
ACCT_01875,individual,128865.68,BANK_C,1
ACCT_01876,individual,285673.09,BANK_E,0
ACCT_01877,individual,367398.71,BANK_C,0
ACCT_01878,business,87278.34,BANK_E,0
ACCT_01879,individual,298020.37,BANK_C,0
ACCT_01880,individual,365663.89,BANK_E,0
ACCT_01881,business,40160.22,BANK_A,0
ACCT_01882,business,174617.17,BANK_D,0
ACCT_01883,business,465192.8,BANK_A,0
ACCT_01884,individual,374091.65,BANK_E,1
ACCT_01885,individual,317309.66,BANK_D,0
ACCT_01886,individual,153086.91,BANK_A,0
ACCT_01887,business,270424.93,BANK_B,0
ACCT_01888,business,251698.4,BANK_B,0
ACCT_01889,individual,26209.39,BANK_D,0
ACCT_01890,business,376667.26,BANK_E,0
ACCT_01891,corporate,45951.39,BANK_D,0
ACCT_01892,business,393397.78,BANK_B,0
ACCT_01893,individual,168747.92,BANK_D,1
ACCT_01894,corporate,372912.2,BANK_E,0
ACCT_01895,business,132016.43,BANK_D,0
ACCT_01896,corporate,217811.06,BANK_B,0
ACCT_01897,individual,240980.33,BANK_B,0
ACCT_01898,business,198264.08,BANK_E,0
ACCT_01899,individual,281022.64,BANK_E,0
ACCT_01900,individual,121915.23,BANK_C,0
ACCT_01901,business,162382.41,BANK_E,0
ACCT_01902,individual,57152.41,BANK_D,0
ACCT_01903,business,183268.55,BANK_B,0
ACCT_01904,business,172917.93,BANK_A,0
ACCT_01905,business,85458.38,BANK_C,0
ACCT_01906,corporate,410970.44,BANK_D,0
ACCT_01907,corporate,73763.42,BANK_A,0
ACCT_01908,individual,100642.92,BANK_C,0
ACCT_01909,individual,379109.16,BANK_A,0
ACCT_01910,individual,370051.23,BANK_B,1
ACCT_01911,corporate,463438.12,BANK_C,1
ACCT_01912,individual,172292.41,BANK_A,1
ACCT_01913,business,225580.72,BANK_A,0
ACCT_01914,business,105295.76,BANK_E,0
ACCT_01915,individual,102696.88,BANK_E,0
ACCT_01916,business,274851.23,BANK_E,1
ACCT_01917,corporate,496158.76,BANK_A,0
ACCT_01918,business,291919.47,BANK_E,0
ACCT_01919,individual,128472.72,BANK_A,0
ACCT_01920,business,101147.33,BANK_E,0
ACCT_01921,business,27489.54,BANK_A,1
ACCT_01922,individual,194933.93,BANK_C,0
ACCT_01923,corporate,426189.39,BANK_C,0
ACCT_01924,individual,10520.08,BANK_D,0
ACCT_01925,individual,489916.63,BANK_E,0
ACCT_01926,corporate,50702.25,BANK_C,1
ACCT_01927,business,433519.6,BANK_E,0
ACCT_01928,individual,94022.28,BANK_E,0
ACCT_01929,business,280783.08,BANK_A,0
ACCT_01930,individual,124448.68,BANK_E,0
ACCT_01931,business,167451.25,BANK_D,0
ACCT_01932,corporate,79345.62,BANK_C,0
ACCT_01933,corporate,176604.63,BANK_C,0
ACCT_01934,individual,498001.21,BANK_E,1
ACCT_01935,business,406134.54,BANK_C,0
ACCT_01936,business,445310.64,BANK_A,0
ACCT_01937,corporate,474609.09,BANK_B,0
ACCT_01938,individual,171551.29,BANK_D,0
ACCT_01939,corporate,69493.08,BANK_D,0
ACCT_01940,corporate,480342.24,BANK_E,1
ACCT_01941,corporate,343575.13,BANK_D,0
ACCT_01942,individual,286876.38,BANK_D,0
ACCT_01943,business,454957.96,BANK_C,0
ACCT_01944,business,271574.64,BANK_B,0
ACCT_01945,corporate,70149.69,BANK_E,0
ACCT_01946,corporate,400252.42,BANK_B,0
ACCT_01947,business,344577.51,BANK_E,0
ACCT_01948,individual,215602.08,BANK_B,0
ACCT_01949,corporate,466581.94,BANK_B,0
ACCT_01950,business,34839.21,BANK_E,0
ACCT_01951,corporate,60075.26,BANK_C,0
ACCT_01952,individual,363812.69,BANK_C,0
ACCT_01953,business,480636.9,BANK_C,0
ACCT_01954,business,373059.26,BANK_C,1
ACCT_01955,individual,389774.83,BANK_A,0
ACCT_01956,individual,93188.5,BANK_E,1
ACCT_01957,corporate,134164.44,BANK_E,0
ACCT_01958,corporate,116224.76,BANK_B,0
ACCT_01959,individual,344001.56,BANK_C,0
ACCT_01960,individual,344382.5,BANK_D,0
ACCT_01961,individual,251659.97,BANK_E,0
ACCT_01962,business,356297.54,BANK_C,0
ACCT_01963,individual,426212.59,BANK_D,0
ACCT_01964,business,69618.85,BANK_B,0
ACCT_01965,individual,17082.55,BANK_A,0
ACCT_01966,business,475148.82,BANK_B,0
ACCT_01967,corporate,335998.2,BANK_B,0
ACCT_01968,individual,34002.03,BANK_D,0
ACCT_01969,corporate,245481.51,BANK_C,0
ACCT_01970,business,443905.87,BANK_D,0
ACCT_01971,business,388331.14,BANK_E,0
ACCT_01972,corporate,412339.93,BANK_C,0
ACCT_01973,business,306140.93,BANK_E,0
ACCT_01974,corporate,268543.53,BANK_A,0
ACCT_01975,corporate,55548.83,BANK_D,0
ACCT_01976,individual,439012.19,BANK_B,0
ACCT_01977,corporate,269396.7,BANK_A,0
ACCT_01978,corporate,194311.53,BANK_A,0
ACCT_01979,individual,146298.5,BANK_D,0
ACCT_01980,business,387064.83,BANK_C,0
ACCT_01981,business,84076.81,BANK_C,0
ACCT_01982,corporate,459597.38,BANK_E,1
ACCT_01983,individual,232325.9,BANK_D,0
ACCT_01984,individual,361600.75,BANK_A,0
ACCT_01985,individual,389586.84,BANK_E,0
ACCT_01986,individual,197140.29,BANK_C,0
ACCT_01987,business,13431.14,BANK_D,0
ACCT_01988,corporate,448412.14,BANK_B,0
ACCT_01989,business,45999.65,BANK_C,0
ACCT_01990,corporate,324639.64,BANK_B,0
ACCT_01991,corporate,366897.9,BANK_A,0
ACCT_01992,individual,353407.13,BANK_C,0
ACCT_01993,individual,262384.84,BANK_D,0
ACCT_01994,corporate,395742.23,BANK_E,0
ACCT_01995,corporate,474927.19,BANK_D,0
ACCT_01996,corporate,190922.9,BANK_B,0
ACCT_01997,business,283180.3,BANK_B,0
ACCT_01998,individual,434540.45,BANK_B,0
ACCT_01999,corporate,26603.93,BANK_C,0
ACCT_02000,business,365350.71,BANK_D,0
