scenario_id,scenario_type,account_id,rule_score,xgb_probability,iforest_score,graph_anomaly_score,baseline_score,baseline_tier,risk_score,risk_tier,fired_rules,is_xgboost_flagged,is_iforest_flagged
S01,suspicious,800056370,1.0,0.9048,0.6688,0.25,0.76,High,0.756,Critical,INSIDER.PRIVILEGE_CHANGE;AML.TRANSACTION_SPLITTING,True,True
S02,suspicious,800056660,1.0,0.7741,0.6203,0.2941,0.7264,High,0.6927,High,INSIDER.PRIVILEGE_CHANGE,True,True
S03,suspicious,800056A50,1.0,0.6822,0.6488,0.05,0.6603,High,0.6019,High,INSIDER.PRIVILEGE_CHANGE,True,True
S04,suspicious,800056CB0,1.0,0.8252,0.6232,0.05,0.6909,High,0.6698,High,INSIDER.PRIVILEGE_CHANGE;AML.TRANSACTION_SPLITTING,True,True
S05,suspicious,800056E00,1.0,0.7468,0.6562,0.25,0.7179,High,0.6753,High,INSIDER.PRIVILEGE_CHANGE,True,True
S06,suspicious,800057020,1.0,0.7288,0.6201,0.05,0.6662,High,0.6212,High,INSIDER.PRIVILEGE_CHANGE,True,True
S07,suspicious,8000573C0,1.0,0.8828,0.6545,0.2302,0.7476,High,0.7391,High,AML.TRANSACTION_SPLITTING,True,True
S08,suspicious,800057620,1.0,0.5164,0.5406,0.3941,0.666,High,0.5727,High,INSIDER.PRIVILEGE_CHANGE,True,True
S09,suspicious,800057A10,1.0,0.8756,0.6553,0.05,0.71,High,0.6996,High,INSIDER.PRIVILEGE_CHANGE;AML.TRANSACTION_SPLITTING,True,True
S10,suspicious,800057D40,1.0,0.8827,0.6566,0.25,0.752,High,0.7433,High,INSIDER.PRIVILEGE_CHANGE;AML.TRANSACTION_SPLITTING,True,True
S11,suspicious,800057D41,1.0,0.7834,0.5565,0.2,0.6971,High,0.6696,High,INSIDER.PRIVILEGE_CHANGE,True,True
S12,suspicious,800058100,1.0,0.7472,0.5888,0.15,0.6846,High,0.6461,High,INSIDER.PRIVILEGE_CHANGE,True,True
S13,suspicious,800058470,1.0,0.8678,0.6377,0.1851,0.7315,High,0.7202,High,INSIDER.PRIVILEGE_CHANGE,True,True
S14,suspicious,8000588D0,1.0,0.8891,0.6604,0.05,0.7144,High,0.707,High,INSIDER.PRIVILEGE_CHANGE,True,True
S15,suspicious,800058920,1.0,0.6682,0.585,0.05,0.6441,High,0.586,High,INSIDER.PRIVILEGE_CHANGE,True,True
S16,suspicious,800058B80,1.0,0.8887,0.6365,0.05,0.7095,High,0.7035,High,INSIDER.PRIVILEGE_CHANGE,True,True
S17,suspicious,800059440,1.0,0.7348,0.6133,0.25,0.7064,High,0.6633,High,INSIDER.PRIVILEGE_CHANGE;AML.TRANSACTION_SPLITTING,True,True
S18,suspicious,800059840,1.0,0.4299,0.5839,0.1941,0.6131,High,0.4955,Medium,INSIDER.PRIVILEGE_CHANGE,False,True
L01,legitimate,800059C00,1.0,0.258,0.6501,0.5351,0.6515,High,0.487,Medium,INSIDER.PRIVILEGE_CHANGE;AML.TRANSACTION_SPLITTING,False,True
L02,legitimate,800059F50,1.0,0.1588,0.5786,0.25,0.5554,High,0.3704,Medium,INSIDER.PRIVILEGE_CHANGE,False,True
L03,legitimate,80005A2A0,1.0,0.3714,0.6083,0.25,0.6145,High,0.4808,Medium,INSIDER.PRIVILEGE_CHANGE,False,True
L04,legitimate,80005A6B0,1.0,0.1376,0.4824,0.2401,0.5289,Medium,0.3444,Medium,INSIDER.PRIVILEGE_CHANGE,False,False
L05,legitimate,80005AB30,1.0,0.2817,0.5469,0.15,0.5598,High,0.4074,Medium,INSIDER.PRIVILEGE_CHANGE,False,True
L06,legitimate,80005AD90,0.0,0.1254,0.5794,0.25,0.1972,Low,0.1938,Low,,False,True
L07,legitimate,80005ADE0,1.0,0.1424,0.6003,0.25,0.5557,High,0.3653,Medium,INSIDER.PRIVILEGE_CHANGE;AML.TRANSACTION_SPLITTING,False,True
L08,legitimate,80005B110,1.0,0.1277,0.5879,0.25,0.5495,Medium,0.3562,Medium,INSIDER.PRIVILEGE_CHANGE;AML.TRANSACTION_SPLITTING,False,True
L09,legitimate,80005B3E0,1.0,0.3113,0.5287,0.05,0.5436,Medium,0.3996,Medium,INSIDER.PRIVILEGE_CHANGE,False,True
L10,legitimate,80005B5F0,1.0,0.5164,0.5543,0.15,0.62,High,0.5258,Medium,INSIDER.PRIVILEGE_CHANGE,True,True
L11,legitimate,80005B9B0,1.0,0.2291,0.6126,0.05,0.5398,Medium,0.3703,Medium,INSIDER.PRIVILEGE_CHANGE,False,True
L12,legitimate,80005BD00,0.0,0.2177,0.5839,0.25,0.2212,Low,0.2406,Low,,False,True
L13,legitimate,80005C0A0,1.0,0.1033,0.5627,0.15,0.5184,Medium,0.3205,Medium,INSIDER.PRIVILEGE_CHANGE,False,True
L14,legitimate,80005C0A1,1.0,0.1873,0.5604,0.1,0.5289,Medium,0.3521,Medium,INSIDER.PRIVILEGE_CHANGE,False,True
L15,legitimate,80005C3D0,1.0,0.5826,0.5888,0.35,0.6834,High,0.6037,High,INSIDER.PRIVILEGE_CHANGE,True,True
L16,legitimate,80005C790,1.0,0.1096,0.5797,0.05,0.5033,Medium,0.3059,Medium,INSIDER.PRIVILEGE_CHANGE,False,True
L17,legitimate,80005CB50,1.0,0.3383,0.6027,0.25,0.6051,High,0.4635,Medium,INSIDER.PRIVILEGE_CHANGE;AML.TRANSACTION_SPLITTING,False,True
L18,legitimate,80005CF10,1.0,0.1003,0.541,0.25,0.5333,Medium,0.3359,Medium,INSIDER.PRIVILEGE_CHANGE,False,True
S19,suspicious,800085BF0,1.0,0.8454,0.6343,0.6011,0.8084,Critical,0.7917,Critical,INSIDER.PRIVILEGE_CHANGE;AML.CIRCULAR_TRANSFER,True,True
L19,legitimate,80026A5A0,0.0,0.1416,0.5489,0.4,0.2252,Low,0.2276,Low,,False,True
