account_id,cluster_label,cluster_size,is_outlier
100428660,-1,1,True
1004286A8,-1,1,True
1004286F0,0,8,False
100428738,-1,1,True
100428780,1,6,False
1004287C8,2,8,False
100428810,-1,1,True
1004288A0,3,8,False
100428930,4,9,False
100428978,-1,1,True
1004289C0,5,7,False
800042CB0,6,24,False
800056370,7,13,False
800056660,8,10,False
800056A50,9,22,False
800056CB0,10,25,False
800056E00,11,12,False
800057020,12,15,False
8000573C0,13,20,False
800057620,-1,1,True
800057A10,14,31,False
800057D40,15,17,False
800057D41,-1,1,True
800058100,16,9,False
800058470,17,17,False
8000588D0,18,14,False
800058920,19,17,False
800058B80,20,18,False
800058F40,21,11,False
800059230,22,12,False
800059440,6,24,False
800059840,23,16,False
800059C00,24,14,False
800059F50,25,11,False
80005A2A0,26,15,False
80005A6B0,27,8,False
80005AB30,28,10,False
80005AD90,29,16,False
80005ADE0,30,17,False
80005B110,31,11,False
80005B3E0,32,14,False
80005B5F0,33,7,False
80005B9B0,34,16,False
80005BD00,35,15,False
80005C050,36,12,False
80005C0A0,37,7,False
80005C0A1,38,5,False
80005C3D0,39,7,False
80005C790,40,11,False
80005CB50,41,17,False
80005CF10,42,13,False
8000625C0,27,8,False
800066070,27,8,False
800067BB0,10,25,False
800067DC0,-1,1,True
800068890,24,14,False
800068B80,-1,1,True
800068E90,13,20,False
800069180,10,25,False
8000691D0,14,31,False
800069740,6,24,False
800069DD0,13,20,False
80006A5E0,19,17,False
80006A8B0,-1,1,True
80006B030,9,22,False
80006B080,-1,1,True
80006B780,-1,1,True
80006C1F0,6,24,False
80006C890,-1,1,True
80006CB30,12,15,False
80006CD90,15,17,False
80006E160,-1,1,True
80006E370,43,5,False
80006EA80,9,22,False
80006F380,14,31,False
80006F5E0,9,22,False
80006F9C0,6,24,False
80006FCE0,17,17,False
800070010,14,31,False
800070290,125,6,False
800070610,14,31,False
800070870,13,20,False
800070AD0,14,31,False
800071150,13,20,False
800071A10,-1,1,True
800071D30,31,11,False
800072080,-1,1,True
800072350,10,25,False
800072710,14,31,False
800072EF0,30,17,False
800072F40,6,24,False
800073360,14,31,False
800073750,6,24,False
800073AF0,9,22,False
8000746C0,-1,1,True
8000748D0,-1,1,True
8000748D1,6,24,False
800075050,7,13,False
8000750A0,10,25,False
800075700,10,25,False
800075C50,6,24,False
800075FF0,13,20,False
8000763B0,-1,1,True
800076AD0,10,25,False
800076E90,33,7,False
8000776E0,14,31,False
800077AA0,23,16,False
800078B20,6,24,False
800078E70,-1,1,True
800078F80,14,31,False
800079600,23,16,False
800079650,-1,1,True
800079C00,14,31,False
80007A1D0,-1,1,True
80007AA30,-1,1,True
80007BF00,-1,1,True
80007C2C0,21,11,False
80007C540,19,17,False
80007C890,13,20,False
80007D510,24,14,False
80007E0F0,24,14,False
80007E510,-1,1,True
80007E720,14,31,False
80007EA70,30,17,False
80007F290,14,31,False
80007F8C0,-1,1,True
80007FDD0,41,17,False
8000803F0,15,17,False
800080670,-1,1,True
800080880,23,16,False
800081670,15,17,False
8000816C0,44,12,False
800081920,-1,1,True
800081970,7,13,False
800081CA0,11,12,False
800082060,15,17,False
8000823F0,14,31,False
800082630,-1,1,True
800082B40,10,25,False
800082ED0,18,14,False
800083220,6,24,False
8000837F0,38,5,False
800083E30,-1,1,True
8000841A0,-1,1,True
800084E50,14,31,False
8000851A0,-1,1,True
800085BF0,45,13,False
8000866B0,14,31,False
800086DC0,10,25,False
800087390,-1,1,True
800087A50,-1,1,True
800087DA0,14,31,False
800088440,19,17,False
800088EB0,9,22,False
8000890A0,6,24,False
80008A071,14,31,False
80008A3F0,38,5,False
80008A610,26,15,False
80008A830,-1,1,True
80008AA20,14,31,False
80008AC30,9,22,False
80008AEB0,14,31,False
80008AF00,15,17,False
80008B0F0,-1,1,True
80008B2E0,10,25,False
80008BA40,9,22,False
80008BD30,10,25,False
80008C690,-1,1,True
80008C980,9,22,False
80008DDF0,160,8,False
80008E500,6,24,False
80008E550,31,11,False
80008E7B0,-1,1,True
80008F6B0,41,17,False
80008FA70,23,16,False
80008FE30,7,13,False
800090560,14,31,False
800090F60,-1,1,True
800091320,14,31,False
8000915E0,14,31,False
8000919A0,10,25,False
800091C60,9,22,False
800091EE0,-1,1,True
8000924D0,38,5,False
800092E40,-1,1,True
8000934A0,46,7,False
800093890,-1,1,True
800093C80,45,13,False
800093EE0,14,31,False
800094540,14,31,False
800094FC0,-1,1,True
8000966F0,9,22,False
800096DD0,26,15,False
800096FE0,10,25,False
800097520,-1,1,True
800097FF0,8,10,False
800098200,-1,1,True
8000991D0,10,25,False
800099520,-1,1,True
800099810,34,16,False
800099E80,41,17,False
80009A680,-1,1,True
80009A9D0,-1,1,True
80009B0E0,13,20,False
80009B470,17,17,False
80009B830,14,31,False
8000B8AB0,-1,1,True
8000D63A0,47,7,False
8000EBBB0,48,13,False
8000EBD30,48,13,False
8000EBF70,28,10,False
8000ECF50,-1,1,True
8000ECF51,-1,1,True
8000ED150,22,12,False
8000EDBB0,-1,1,True
8000EE9C0,13,20,False
8000EF3B0,17,17,False
8000F17D0,34,16,False
8000F1870,40,11,False
8000F1D30,49,7,False
8000F3AB0,36,12,False
8000F42A0,25,11,False
8000F5030,48,13,False
8000F55D0,10,25,False
8000F65C0,35,15,False
8000F6850,34,16,False
8000F6BB0,9,22,False
8000F6C00,35,15,False
8000F7660,11,12,False
8000F7850,-1,1,True
8000F7C60,42,13,False
8000F8070,41,17,False
8000F85D0,36,12,False
8000FD480,27,8,False
8000FE790,50,7,False
800102DD0,11,12,False
800105730,-1,1,True
800105D30,18,14,False
800106D00,26,15,False
8001074F0,12,15,False
800108870,21,11,False
8001090A0,-1,1,True
8001099F0,32,14,False
80010B040,29,16,False
80010B900,22,12,False
80010BC70,14,31,False
80010C060,51,889,False
80010C2F0,23,16,False
80010C340,10,25,False
80010F7B0,19,17,False
8001117A0,34,16,False
800113DC0,21,11,False
800113FE0,40,11,False
800115570,23,16,False
800117FF0,20,18,False
800118660,32,14,False
8001193D0,20,18,False
800119BA0,10,25,False
80011AA30,15,17,False
80011CB60,16,9,False
80011DEA0,13,20,False
80011E2A0,21,11,False
800126360,16,9,False
8001290F0,41,17,False
80012E100,17,17,False
800131650,19,17,False
800134D30,18,14,False
8001364A0,41,17,False
800136AE0,40,11,False
80013AA10,12,15,False
80013E150,36,12,False
80013F130,15,17,False
800143F00,9,22,False
800146140,12,15,False
8001473E0,52,7,False
8001495E0,-1,1,True
80014C3E0,34,16,False
80014F7B0,24,14,False
800150F20,-1,1,True
8001523C0,36,12,False
8001547E0,33,7,False
800155BB0,13,20,False
800155D50,28,10,False
8001580D0,14,31,False
80015E3C0,23,16,False
80015F5D0,22,12,False
800164070,20,18,False
800164FC0,17,17,False
800165A30,24,14,False
80016CCE0,6,24,False
800172410,21,11,False
8001758B0,22,12,False
80018BA80,12,15,False
80018E990,24,14,False
80018F970,8,10,False
800191A90,16,9,False
800193420,35,15,False
800195070,18,14,False
8001998C0,24,14,False
80019A020,26,15,False
80019D2E0,9,22,False
8001A8460,35,15,False
8001A9700,42,13,False
8001AB940,7,13,False
8001B2A50,53,5,False
8001B7060,30,17,False
8001BBEF0,-1,1,True
8001BD460,54,7,False
8001BDC90,-1,1,True
8001C3570,45,13,False
8001C6920,29,16,False
8001CA5C0,25,11,False
8001CE6C0,24,14,False
8001CF060,18,14,False
8001D6370,17,17,False
8001DAF70,18,14,False
8001DE1B0,-1,1,True
8001E1DE0,18,14,False
8001E34C0,-1,1,True
8001E37F0,30,17,False
8001E3CC0,32,14,False
8001E45D0,-1,1,True
8001E89E0,28,10,False
8001EF2E0,28,10,False
80021ADE0,31,11,False
80021BEC0,32,14,False
80021DC50,51,889,False
80021F680,-1,1,True
800228EC0,9,22,False
80022A3F0,22,12,False
80022B750,26,15,False
800232B60,17,17,False
800240B70,31,11,False
80024D950,20,18,False
80024EBB0,19,17,False
80024FF00,20,18,False
800250820,9,22,False
800254FD0,12,15,False
8002552F0,37,7,False
800256CC0,55,5,False
800256E00,55,5,False
800256EF0,55,5,False
80025A740,8,10,False
80026A5A0,56,9,False
80026CDF0,28,10,False
8002787E0,49,7,False
8002807E0,51,889,False
8002A65C0,-1,1,True
8002C56D0,51,889,False
8002C7E80,56,9,False
8002CE270,-1,1,True
8002ECFC0,6,24,False
800301780,21,11,False
800306AA0,20,18,False
800324420,11,12,False
8003278E0,57,8,False
80034A780,36,12,False
80034DC00,58,6,False
80035DA80,19,17,False
80035F420,49,7,False
800378700,59,5,False
800379860,6,24,False
80038A310,6,24,False
80038D0D0,15,17,False
80038E6F0,33,7,False
800393D40,58,6,False
80039CD50,32,14,False
8003A04C0,60,7,False
8003A2200,41,17,False
8003A8A60,42,13,False
8003AC470,37,7,False
8003AC471,38,5,False
8003B9D30,35,15,False
8003BCBB0,26,15,False
8003BD920,57,8,False
8003BDF60,57,8,False
8003BE4B0,57,8,False
8003BE730,57,8,False
8003BF6E0,57,8,False
8003C2210,41,17,False
8003C24D0,51,889,False
8003D1FC0,12,15,False
8003F7BD0,51,889,False
8003FBD00,56,9,False
80040A220,24,14,False
800415B00,33,7,False
8004162D0,26,15,False
80041DDA0,34,16,False
800425630,51,889,False
800432650,61,7,False
800434550,19,17,False
80043A250,31,11,False
8004429F0,23,16,False
8004473E0,51,889,False
800456880,51,889,False
80045B7C0,62,10,False
80045CEF0,11,12,False
800473570,14,31,False
80047E7B0,15,17,False
80047EED0,12,15,False
800489210,51,889,False
800489F60,-1,1,True
8004922D0,61,7,False
80049A540,-1,1,True
8004AF800,20,18,False
8004B6050,51,889,False
8004C74E0,-1,1,True
8004CF710,7,13,False
8004DC0A0,63,5,False
8004FD2A0,39,7,False
8004FE3E0,51,889,False
800506810,58,6,False
800528510,6,24,False
80053CFC0,51,889,False
800545B00,9,22,False
8005486E0,64,12,False
800549E00,35,15,False
80054F8C0,54,7,False
80054FC20,54,7,False
800550920,54,7,False
800559860,19,17,False
80055E260,27,8,False
8005692B0,54,7,False
80056E5C0,-1,1,True
8005730D0,65,5,False
8005814C0,40,11,False
800595290,-1,1,True
8005A0D10,18,14,False
8005A18F0,66,146,False
8005A1B80,15,17,False
8005AEB60,35,15,False
8005D3B30,67,6,False
8005E4980,68,7,False
8005E5940,49,7,False
8005F5810,15,17,False
8005F7CD0,32,14,False
8005FD430,16,9,False
80060E490,56,9,False
800618D90,10,25,False
800619E80,-1,1,True
80061A630,57,8,False
8006248A0,-1,1,True
800627410,18,14,False
800629A20,18,14,False
80063A800,49,7,False
80063DE20,51,889,False
800645040,56,9,False
8006498E0,6,24,False
80064AB30,18,14,False
800655BC0,35,15,False
80065E800,13,20,False
800668890,69,7,False
80066D000,34,16,False
800681A40,70,6,False
800688D00,30,17,False
80068E7D0,52,7,False
80068F400,22,12,False
8006A66A0,-1,1,True
8006B0490,34,16,False
8006B5930,71,19,False
8006B89A0,-1,1,True
8006BB110,69,7,False
8006C49E0,-1,1,True
8006C7290,16,9,False
8006C7740,23,16,False
8006CDB30,30,17,False
8006DFC50,60,7,False
8006E0660,16,9,False
8006E2E40,72,5,False
8006E4A40,24,14,False
8007071B0,21,11,False
800710850,12,15,False
800711AE0,72,5,False
800711BD0,72,5,False
800720AA0,10,25,False
80072D300,20,18,False
80073F230,20,18,False
8007439C0,17,17,False
800750080,-1,1,True
80075BC80,9,22,False
80075D5E0,32,14,False
80076E540,40,11,False
800778840,73,5,False
80078B850,29,16,False
800793180,51,889,False
8007A97A0,36,12,False
800804F70,-1,1,True
800805540,74,6,False
800808C70,30,17,False
80080DBF0,52,7,False
800816030,32,14,False
800818D30,41,17,False
80081ED90,25,11,False
80082B030,34,16,False
800837E10,23,16,False
800846280,35,15,False
800846CF0,30,17,False
80084B380,51,889,False
800854820,34,16,False
8008566C0,32,14,False
800871790,22,12,False
8008735A0,21,11,False
8008774F0,13,20,False
800894770,17,17,False
8008BB3A0,66,146,False
8008CE991,-1,1,True
8008D8C30,41,17,False
8008E8BF0,-1,1,True
8009083C0,66,146,False
800925110,51,889,False
800931ED0,-1,1,True
800935340,56,9,False
80093A6D0,11,12,False
800950E30,34,16,False
8009516F0,75,7,False
8009580D0,42,13,False
800970B80,-1,1,True
80098A3D0,76,9,False
80098E1E0,-1,1,True
8009A4370,51,889,False
8009B45E0,51,889,False
8009C6170,77,8,False
8009CE490,20,18,False
8009D56C0,-1,1,True
8009F93B0,29,16,False
800A014B0,19,17,False
800A14360,17,17,False
800A290F0,78,8,False
800A366F0,33,7,False
800A4B610,-1,1,True
800A52F40,51,889,False
800A57770,-1,1,True
800A5F6C0,79,9,False
800A73310,19,17,False
800A79350,71,19,False
800A8D010,-1,1,True
800AA9E00,51,889,False
800AB3970,80,8,False
800AC30B0,19,17,False
800AC3AC0,42,13,False
800AFE2F0,81,5,False
800B10B00,54,7,False
800B10F80,-1,1,True
800B25370,-1,1,True
800B28B60,-1,1,True
800B29140,37,7,False
800B3A9C0,51,889,False
800B620B0,51,889,False
800B7B5B0,17,17,False
800B87D30,-1,1,True
800B95320,51,889,False
800BA44C0,-1,1,True
800BA6C30,-1,1,True
800BAEA11,-1,1,True
800BAF580,82,6,False
800BBD220,51,889,False
800BED3C0,51,889,False
800C03640,-1,1,True
800C06E60,14,31,False
800C214A0,70,6,False
800C28FD0,-1,1,True
800C2DB20,17,17,False
800C35BE0,83,5,False
800C45CA0,51,889,False
800C5E3F0,51,889,False
800C733C0,-1,1,True
800C9BCE0,40,11,False
800CB0760,16,9,False
800CE8340,66,146,False
800CF62E0,-1,1,True
800D10B40,23,16,False
800D11090,51,889,False
800D2ACB0,32,14,False
800D2B1B0,25,11,False
800D36B20,51,889,False
800D38EF0,84,12,False
800D3EB00,-1,1,True
800D43A90,51,889,False
800D46C20,51,889,False
800D5C2E0,-1,1,True
800D5F230,26,15,False
800D621B0,-1,1,True
800D6DD70,51,889,False
800D7A690,-1,1,True
800D83A40,51,889,False
800D93700,50,7,False
800D996E0,30,17,False
800DB2CF0,36,12,False
800DB45D0,25,11,False
800DCA660,24,14,False
800DCE920,-1,1,True
800DD0D90,12,15,False
800DDCCE0,7,13,False
800DDED10,51,889,False
800DEC1D0,85,7,False
800E08EB0,-1,1,True
800E3DD10,21,11,False
800E4DA90,51,889,False
800E84250,51,889,False
800E86060,66,146,False
800E860B0,66,146,False
800E97810,-1,1,True
800EA0DE0,-1,1,True
800EA3760,-1,1,True
800EAC9D0,-1,1,True
800EB04C0,-1,1,True
800EB7DB0,19,17,False
800EC3AF0,52,7,False
800ED00D0,-1,1,True
800EE2180,51,889,False
800EE3450,29,16,False
800EE4450,10,25,False
800EFEC70,-1,1,True
800F013F0,15,17,False
800F02FB0,-1,1,True
800F06F10,-1,1,True
800F123C0,62,10,False
800F1DB80,51,889,False
800F30520,51,889,False
800F31850,-1,1,True
800F42EF0,22,12,False
800F63960,25,11,False
800F67030,35,15,False
800F70C40,36,12,False
800F73590,-1,1,True
800F74DF0,-1,1,True
800FC2E50,86,6,False
800FDBF30,-1,1,True
800FDE180,87,8,False
80101D8F0,66,146,False
8010414C0,-1,1,True
80104C070,88,7,False
80104C6F0,51,889,False
801059C70,-1,1,True
80105A870,-1,1,True
801079260,88,7,False
80107DF80,88,7,False
80107E200,88,7,False
80107EA40,88,7,False
801090590,89,10,False
8010940E0,35,15,False
801096840,67,6,False
8010AE7D0,-1,1,True
8010AE9A0,-1,1,True
8010BB6E0,51,889,False
8010BC410,-1,1,True
8010D1D00,-1,1,True
8010EA130,32,14,False
8010F2720,15,17,False
8010FD210,90,5,False
8011125F0,-1,1,True
801117B90,-1,1,True
80115BE40,-1,1,True
80116AFF0,69,7,False
801189FC0,18,14,False
801198F90,91,5,False
8011D2BD0,51,889,False
8011DF4A0,-1,1,True
8011F1250,51,889,False
8011F9E60,51,889,False
8012010B0,51,889,False
80120A710,51,889,False
801211C30,-1,1,True
801212B10,-1,1,True
8012261B0,10,25,False
8012296B0,88,7,False
801249DD0,92,10,False
80124B260,-1,1,True
80124DA90,51,889,False
80127C9F0,53,5,False
8012846D0,23,16,False
80128D9D0,11,12,False
801294D10,51,889,False
80129EAE0,-1,1,True
80129EB80,-1,1,True
8012BFD70,93,6,False
8012E46E0,31,11,False
8013388F0,-1,1,True
8013605A0,59,5,False
8013B5280,55,5,False
8013E0D50,-1,1,True
8013E5FB0,51,889,False
8013FD450,-1,1,True
8014178C0,94,7,False
801419010,52,7,False
801461050,51,889,False
8014612E0,41,17,False
801462490,-1,1,True
801471C80,66,146,False
80147FA90,66,146,False
80148BD80,13,20,False
8014A1950,-1,1,True
8014A1CB0,-1,1,True
8014A3E30,-1,1,True
8014B5570,-1,1,True
8014CB250,-1,1,True
8014D45A0,51,889,False
8014E3E10,25,11,False
8014F8F30,42,13,False
8014FC550,51,889,False
8015216E0,51,889,False
80152EDC0,71,19,False
801533C40,95,6,False
801535A60,51,889,False
801537BC0,96,15,False
801542B10,97,9,False
80158AFD0,54,7,False
8015936C0,-1,1,True
8015C6420,-1,1,True
8015CCAC0,98,9,False
8015CDCD0,-1,1,True
8015E65A0,20,18,False
8015E88E0,51,889,False
8015F18C0,29,16,False
801621350,99,5,False
801621DD0,99,5,False
801630450,-1,1,True
80163B7F0,19,17,False
8016448B0,-1,1,True
80164A9C0,78,8,False
80164B550,78,8,False
80164F8A0,99,5,False
801651CC0,99,5,False
801666430,99,5,False
8016723A0,93,6,False
80167DDD0,51,889,False
8016A5360,-1,1,True
8016A54A0,-1,1,True
8016A9DB0,30,17,False
8016B8CD0,100,7,False
8016CC350,10,25,False
8016D7060,85,7,False
8016D8110,51,889,False
8016DB1E0,16,9,False
8016DF190,-1,1,True
8016E3AA0,-1,1,True
80170D0A0,6,24,False
80174B200,-1,1,True
80174EF70,-1,1,True
801772420,51,889,False
80177CEB0,51,889,False
801798880,-1,1,True
80179F360,51,889,False
8017BCCD0,84,12,False
8017BE720,51,889,False
8017C71A0,51,889,False
8017CB230,-1,1,True
8017D4DA0,101,6,False
8017D7AF0,13,20,False
801801B40,102,5,False
8018204F0,51,889,False
8018238B0,51,889,False
801827EC0,50,7,False
801834370,13,20,False
80184DA00,103,8,False
801857EB0,60,7,False
80185BB80,-1,1,True
801860520,-1,1,True
80186E730,85,7,False
801873FA0,81,5,False
80188C080,82,6,False
8018AF090,104,9,False
8018C98C0,-1,1,True
8018CBE20,55,5,False
8018CD260,51,889,False
8018E0040,59,5,False
80192A260,84,12,False
80192BFB0,84,12,False
80192FEF0,51,889,False
801958E70,7,13,False
80195BB20,9,22,False
8019739C0,51,889,False
801986330,51,889,False
8019C1290,105,7,False
8019C1330,105,7,False
8019C1560,105,7,False
8019C23D0,105,7,False
8019C9AA0,-1,1,True
8019CF270,-1,1,True
8019D53B0,51,889,False
8019D82F0,20,18,False
8019E4B60,34,16,False
8019F3C80,61,7,False
8019FFC80,51,889,False
801A179B0,-1,1,True
801A19640,51,889,False
801A1ED50,-1,1,True
801A1F4D0,-1,1,True
801A21E40,7,13,False
801A22E00,-1,1,True
801A27B20,-1,1,True
801A2ECA0,-1,1,True
801A36C20,-1,1,True
801A7E980,-1,1,True
801A83B10,-1,1,True
801AAB6A0,106,5,False
801AAE1B0,53,5,False
801AB3040,102,5,False
801AD8570,-1,1,True
801AD9D90,20,18,False
801AF9510,-1,1,True
801B0D040,107,7,False
801B23910,23,16,False
801B28780,108,5,False
801B28870,108,5,False
801B28960,108,5,False
801B289B0,108,5,False
801B28A50,108,5,False
801B3D440,83,5,False
801B565E0,51,889,False
801B5F4E0,6,24,False
801B850B0,51,889,False
801B8EBB0,25,11,False
801BB7120,10,25,False
801BCA760,-1,1,True
801BEED90,51,889,False
801BFB960,109,8,False
801C04D80,51,889,False
801C07E00,34,16,False
801C0FB60,51,889,False
801C40BF0,28,10,False
801C5A580,56,9,False
801C7C6D0,66,146,False
801C7D6A0,66,146,False
801C912F0,-1,1,True
801C98AE0,51,889,False
801C9D3E0,11,12,False
801CAD7E0,110,5,False
801CAD8D0,110,5,False
801CAD9C0,110,5,False
801CB1B60,111,5,False
801CB1C00,111,5,False
801CB1C50,111,5,False
801CBAF20,51,889,False
801CBD470,58,6,False
801CCF940,-1,1,True
801CD85A0,-1,1,True
801D03210,51,889,False
801D4EE90,40,11,False
801D83260,104,9,False
801DA6080,21,11,False
801DAE650,109,8,False
801DD5140,51,889,False
801DE8D10,41,17,False
801DFB5B0,51,889,False
801E2B3B0,-1,1,True
801E47D80,-1,1,True
801E6A920,51,889,False
801EC0260,51,889,False
801EC49C0,97,9,False
801EC5530,97,9,False
801EC5580,97,9,False
801EC55D0,97,9,False
801EC5710,97,9,False
801EC5760,97,9,False
801EC5F20,97,9,False
801EC6010,97,9,False
801ED4980,51,889,False
801ED61F0,68,7,False
801ED6910,68,7,False
801EE2770,-1,1,True
801F212F0,-1,1,True
801F2E1A0,51,889,False
801F2E9B0,-1,1,True
801F307F0,104,9,False
801F69530,51,889,False
801F7CB30,-1,1,True
801FC1CB0,104,9,False
801FEFC90,27,8,False
80200A570,-1,1,True
802021CD0,74,6,False
802021D20,74,6,False
802030F60,-1,1,True
802035310,76,9,False
8020699D0,112,11,False
80206A100,112,11,False
8020A01E0,-1,1,True
8020D3130,-1,1,True
8020D3EF0,-1,1,True
8020D99C0,-1,1,True
8020EDF80,49,7,False
8020F1BE0,-1,1,True
8021008F0,-1,1,True
802111CD0,113,5,False
802119C10,51,889,False
802145270,-1,1,True
80216CE90,61,7,False
80216EE30,80,8,False
80216EE80,80,8,False
802176B60,-1,1,True
802184880,51,889,False
802186F50,114,10,False
8021882B0,114,10,False
802188300,114,10,False
802188350,114,10,False
8021886B0,114,10,False
802188CA0,114,10,False
8021890A0,114,10,False
802199BD0,114,10,False
802199C20,114,10,False
80219A8D0,114,10,False
8021E0FE0,107,7,False
8021F2480,115,6,False
8021FFD30,51,889,False
802201890,7,13,False
80220D040,-1,1,True
802213DF0,51,889,False
802222410,51,889,False
802236EA0,29,16,False
8022480A0,107,7,False
80224CAA0,51,889,False
80225C2C0,-1,1,True
80226A860,51,889,False
80226C4C0,51,889,False
80226E680,35,15,False
80227A210,75,7,False
8022D83D0,13,20,False
80231AB70,-1,1,True
80231C910,-1,1,True
80233B380,-1,1,True
80234CE50,77,8,False
802375B20,116,11,False
8023C1EF0,-1,1,True
8023C6E30,-1,1,True
8023C9750,117,5,False
8023ED8B0,51,889,False
8023FBD80,78,8,False
802400FB0,-1,1,True
802413950,83,5,False
8024139F0,83,5,False
8024193E0,-1,1,True
80241F950,118,14,False
802422010,109,8,False
802454150,119,6,False
80247ACF0,-1,1,True
80247BB70,51,889,False
8024802B0,60,7,False
802486E50,51,889,False
8024C6BD0,103,8,False
8024CEAA0,120,9,False
8024D12E0,61,7,False
8024E8770,116,11,False
802515ED0,20,18,False
8025215F0,104,9,False
8025239F0,51,889,False
80252EF80,51,889,False
80254A380,51,889,False
80254F920,121,6,False
80254F9C0,121,6,False
80254FA60,121,6,False
80255C3C0,63,5,False
80255E030,72,5,False
80255F6D0,41,17,False
802569B30,51,889,False
802577E80,112,11,False
80257A2F0,76,9,False
802591830,68,7,False
8025AFB80,51,889,False
8025BE730,51,889,False
8025E5970,50,7,False
8025F9120,51,889,False
802605BB0,-1,1,True
8026096F0,-1,1,True
8026367E0,122,5,False
80264DE00,116,11,False
802657ED0,-1,1,True
802657F70,-1,1,True
80265BCB0,51,889,False
802667790,79,9,False
802678250,123,6,False
80268DEF0,77,8,False
80269F230,77,8,False
8026B3760,51,889,False
8026B9670,-1,1,True
8026EC360,112,11,False
8026ED8D0,51,889,False
80271AD20,59,5,False
80271DB90,51,889,False
802742B50,98,9,False
80276CE70,98,9,False
80276E8D0,32,14,False
80277A7C0,62,10,False
80278D510,87,8,False
8027AC630,84,12,False
8027CD110,103,8,False
8027D8100,77,8,False
8027DC5E0,76,9,False
8027F18F0,51,889,False
802824F50,-1,1,True
802825930,-1,1,True
802849D60,66,146,False
80284C550,66,146,False
802851A10,15,17,False
80285CE30,10,25,False
80286CBA0,-1,1,True
80286D280,-1,1,True
8028A4630,-1,1,True
8028FE1A0,-1,1,True
8029176F0,-1,1,True
802917A10,-1,1,True
802959F80,51,889,False
80296CA20,-1,1,True
8029751E0,-1,1,True
802980380,51,889,False
8029AFBC0,-1,1,True
8029DCFF0,123,6,False
8029ED1D0,86,6,False
8029FD6D0,124,5,False
802A128A0,125,6,False
802A136B0,126,5,False
802A45100,-1,1,True
802A6DF40,27,8,False
802A7F590,-1,1,True
802A92B30,122,5,False
802AC1D70,127,6,False
802ACD260,107,7,False
802AD2A00,53,5,False
802ADC5B0,86,6,False
802AF4F20,-1,1,True
802B23240,51,889,False
802B25500,128,6,False
802B2A690,50,7,False
802B35210,39,7,False
802B59400,51,889,False
802B8DF60,51,889,False
802BC2530,39,7,False
802BCFE40,51,889,False
802BE6300,12,15,False
802BF1730,-1,1,True
802C38120,67,6,False
802C383E0,67,6,False
802C38840,67,6,False
802C439B0,51,889,False
802C46080,129,9,False
802C48E80,66,146,False
802C54340,51,889,False
802C54C70,-1,1,True
802C58090,129,9,False
802C69C80,51,889,False
802C6B020,-1,1,True
802C6E9E0,-1,1,True
802C70BB0,-1,1,True
802C71560,-1,1,True
802C79370,130,5,False
802C8CF10,51,889,False
802CAE9D0,124,5,False
802CCA7E0,118,14,False
802CCE400,118,14,False
802CD6E20,119,6,False
802CD73C0,-1,1,True
802CE3AC0,-1,1,True
802CE3B10,-1,1,True
802D1E340,51,889,False
802D21160,51,889,False
802D39430,122,5,False
802D53570,131,10,False
802D53700,131,10,False
802D53880,131,10,False
802D53B50,131,10,False
802D53CE0,131,10,False
802D53D80,131,10,False
802D54930,131,10,False
802D54980,131,10,False
802D54A20,131,10,False
802D54B60,131,10,False
802D76360,51,889,False
802D85170,-1,1,True
802DA8920,106,5,False
802DAA850,132,5,False
802DB5A10,17,17,False
802DBE860,-1,1,True
802DC94C0,51,889,False
802DD5430,26,15,False
802E1C5F0,-1,1,True
802ECCFF0,-1,1,True
802ED8920,-1,1,True
802EE1F20,36,12,False
802EFA860,51,889,False
802EFB0C0,111,5,False
802F3C9E0,-1,1,True
802F401B0,-1,1,True
802F4C810,-1,1,True
802F55C80,116,11,False
802F56080,116,11,False
802F92460,-1,1,True
802FA7310,51,889,False
802FAD250,51,889,False
802FB2C20,-1,1,True
802FB7770,11,12,False
802FBA3A0,63,5,False
802FDD680,-1,1,True
802FFA8C0,53,5,False
803009080,0,8,False
80302EEC0,106,5,False
803042E00,51,889,False
80304E5F0,-1,1,True
803076D90,-1,1,True
8030774A0,-1,1,True
80308B8A0,-1,1,True
80309A250,80,8,False
8030A49B0,126,5,False
8030CD8B0,42,13,False
8030D37E0,-1,1,True
8030DCBC0,-1,1,True
8030E8C80,80,8,False
8030F0360,125,6,False
8030F0750,125,6,False
803100750,39,7,False
80312B180,26,15,False
803130170,93,6,False
803132450,26,15,False
803145180,51,889,False
80314ABA0,-1,1,True
80314B220,-1,1,True
80314C230,-1,1,True
80314EC80,43,5,False
80315FCD0,51,889,False
803165370,51,889,False
803193DC0,-1,1,True
8031B7E50,51,889,False
8031DD260,133,7,False
8031E6280,126,5,False
803209820,51,889,False
80321F610,134,18,False
80321FA70,134,18,False
803220930,134,18,False
80323AB50,51,889,False
803247FE0,51,889,False
803253540,13,20,False
80326BA30,134,18,False
80326D010,134,18,False
803270B90,134,18,False
803270BE0,134,18,False
803271FC0,134,18,False
803272580,134,18,False
803272710,134,18,False
803273E80,134,18,False
803274500,134,18,False
803274550,134,18,False
803274990,134,18,False
803274A30,134,18,False
803274AD0,134,18,False
8032751F0,134,18,False
8032788F0,134,18,False
80328C410,15,17,False
8032980A0,-1,1,True
80329DBA0,-1,1,True
8032A1BF0,29,16,False
8032AD9C0,13,20,False
8032DBB30,-1,1,True
8032FD420,51,889,False
80330D740,66,146,False
80330E030,51,889,False
80330EE20,-1,1,True
80331C810,-1,1,True
8033271A0,111,5,False
80333CC00,107,7,False
80333F6C0,-1,1,True
803341720,-1,1,True
803382690,135,6,False
803383060,-1,1,True
80338A4A0,51,889,False
80339F5C0,51,889,False
80339FB50,51,889,False
8033A1CF0,-1,1,True
803419FE0,-1,1,True
803421B00,51,889,False
803427AC0,40,11,False
803430460,-1,1,True
803434610,136,7,False
80345B9D0,118,14,False
8034690C0,-1,1,True
80347F740,51,889,False
803482B10,34,16,False
80349F3F0,64,12,False
8034A4BC0,137,8,False
8034B3590,51,889,False
8034ED6E0,12,15,False
80352A280,51,889,False
803534450,-1,1,True
80353C7D0,51,889,False
80353D530,30,17,False
803585600,20,18,False
803591B90,51,889,False
80359D740,51,889,False
80359D790,-1,1,True
80359FC90,51,889,False
8035A00A0,-1,1,True
8035A9A50,51,889,False
8035B1D60,-1,1,True
8035B1FF0,-1,1,True
8035C92F0,-1,1,True
8035F7DA0,138,7,False
803602B10,106,5,False
80363F160,52,7,False
80363F890,-1,1,True
80365A670,-1,1,True
80365C020,-1,1,True
80365E620,133,7,False
80366E4D0,133,7,False
80369B9A0,139,16,False
8036AB9F0,0,8,False
8036CCB90,0,8,False
8036DCEF0,138,7,False
8036F7090,66,146,False
8036FA980,119,6,False
8036FADE0,119,6,False
80371AA90,-1,1,True
80371B600,51,889,False
80371D940,-1,1,True
80373DB80,51,889,False
8037467C0,66,146,False
803767D50,51,889,False
80376F850,51,889,False
803771ED0,51,889,False
803782210,51,889,False
803797160,-1,1,True
8037A0EB0,-1,1,True
8037BF510,-1,1,True
8037C2570,-1,1,True
8037DC160,-1,1,True
8037DC1B0,-1,1,True
8037E5BB0,133,7,False
80382B300,139,16,False
803839810,140,10,False
803852870,139,16,False
8038536F0,66,146,False
803854380,141,6,False
803864B70,51,889,False
803878680,31,11,False
80387B870,51,889,False
8038D3BF0,24,14,False
8038FAAD0,-1,1,True
803946150,51,889,False
803952EF0,-1,1,True
80396DE00,121,6,False
80396EF00,51,889,False
80398A160,80,8,False
8039B60D0,141,6,False
8039CEA30,-1,1,True
8039CF720,142,5,False
8039D99E0,51,889,False
8039FEDD0,51,889,False
803A287E0,-1,1,True
803A2F0E0,-1,1,True
803A2FCC0,-1,1,True
803A32400,-1,1,True
803A32F60,-1,1,True
803A33E10,-1,1,True
803A3FCC0,139,16,False
803A43310,51,889,False
803A544E0,-1,1,True
803A54B70,-1,1,True
803A5D800,-1,1,True
803A663B0,51,889,False
803A71AA0,-1,1,True
803A75270,143,6,False
803A7F390,51,889,False
803A85FB0,139,16,False
803AC4350,51,889,False
803AC4ED0,-1,1,True
803AC7250,-1,1,True
803AD76E0,94,7,False
803AD7730,94,7,False
803AD7C30,94,7,False
803ADDEF0,-1,1,True
803AEF880,144,8,False
803AFBCD0,51,889,False
803B0AA20,141,6,False
803B17300,144,8,False
803B1D230,139,16,False
803B448D0,143,6,False
803B44970,143,6,False
803B74BB0,141,6,False
803B7C090,-1,1,True
803B82560,-1,1,True
803B8BFC0,139,16,False
803B8C4E0,51,889,False
803B965F0,51,889,False
803B9F410,78,8,False
803BAA8E0,-1,1,True
803BAE1F0,-1,1,True
803BB79C0,103,8,False
803BB9EA0,-1,1,True
803BBB2D0,77,8,False
803BC23A0,29,16,False
803BDFEC0,23,16,False
803BE1A90,66,146,False
803BF42C0,66,146,False
803C2BAA0,-1,1,True
803C2BF60,-1,1,True
803C35FE0,-1,1,True
803C36F80,141,6,False
803C4D790,-1,1,True
803C5D5F0,23,16,False
803C5F940,36,12,False
803C84C10,51,889,False
803C907F0,-1,1,True
803CABBA0,51,889,False
803CC4680,145,7,False
803CC8700,139,16,False
803CC9670,139,16,False
803CD6B50,66,146,False
803CDAE00,51,889,False
803CE0561,51,889,False
803CEB180,51,889,False
803CF8F30,66,146,False
803D02E30,-1,1,True
803D1C990,51,889,False
803D23610,51,889,False
803D43820,96,15,False
803D4E1D0,-1,1,True
803D69260,-1,1,True
803D69350,51,889,False
803D83D80,66,146,False
803D844B0,66,146,False
803D8D260,66,146,False
803D9B130,-1,1,True
803D9B1D0,-1,1,True
803DAA8E0,139,16,False
803DBF890,139,16,False
803DC5E80,60,7,False
803DE70B0,139,16,False
803DEB120,141,6,False
803E2FA50,51,889,False
803E419B0,51,889,False
803E4D2C0,58,6,False
803E51BD0,146,9,False
803E54D80,144,8,False
803E614B0,-1,1,True
803EB5240,143,6,False
803EB6960,146,9,False
803ECA7F0,51,889,False
803ED0780,51,889,False
803EF8310,144,8,False
803EFA650,139,16,False
803EFD190,-1,1,True
803F30090,51,889,False
803F34710,139,16,False
803F590A0,145,7,False
803F59280,145,7,False
803F5DB30,144,8,False
803FAA9E0,-1,1,True
803FBC160,-1,1,True
803FBC2F0,-1,1,True
803FBE550,146,9,False
803FBFC60,66,146,False
804025CB0,51,889,False
804033B80,51,889,False
80403FE40,51,889,False
804055180,143,6,False
804096C00,-1,1,True
8040A80E0,-1,1,True
8040BDA80,145,7,False
8040D99A0,51,889,False
80412AAC0,66,146,False
80412B270,66,146,False
80412B460,-1,1,True
80414E740,146,9,False
804163860,66,146,False
804165EC0,139,16,False
804182DD0,68,7,False
8041BF590,72,5,False
8041C1790,51,889,False
8041E8A10,-1,1,True
8041EB080,-1,1,True
8041F85A0,-1,1,True
8042127F0,51,889,False
80422A620,147,6,False
80422F270,94,7,False
80423D550,-1,1,True
80423D5F0,-1,1,True
8042552D0,118,14,False
80426EF50,51,889,False
804284200,31,11,False
8042CDCE0,51,889,False
8042F7CE0,140,10,False
8043153F0,142,5,False
80432B8A0,51,889,False
80436F220,66,146,False
80438A560,113,5,False
8043B1D00,51,889,False
8043D2F30,-1,1,True
8043E1CF0,148,5,False
8043E2050,148,5,False
8043E20A0,148,5,False
8043E29F0,148,5,False
8043E2B80,148,5,False
8043F4E40,98,9,False
804405680,51,889,False
80440B4D0,51,889,False
804438E30,51,889,False
804474D60,-1,1,True
80448BEB0,66,146,False
80448C310,66,146,False
80448E4D0,-1,1,True
8044CC3A0,-1,1,True
8044D7EF0,146,9,False
80451BD80,51,889,False
804533720,140,10,False
8045388E0,143,6,False
804559BE0,149,6,False
80455FA80,51,889,False
80456AC10,146,9,False
8045722E0,51,889,False
8045AFF90,51,889,False
8045CC480,8,10,False
8045F1DC0,142,5,False
804608590,-1,1,True
80460D080,51,889,False
804615740,146,9,False
80462D920,-1,1,True
80462E640,-1,1,True
8046B4A20,146,9,False
8046BE9C0,140,10,False
8046FC600,51,889,False
804715AD0,145,7,False
80471A190,146,9,False
80472A160,-1,1,True
80472A200,-1,1,True
80472A520,-1,1,True
804730220,144,8,False
804752C40,51,889,False
80475F9B0,17,17,False
804760F70,-1,1,True
804761100,-1,1,True
80477A740,145,7,False
80477BAE0,-1,1,True
804790520,51,889,False
8047A0F50,150,6,False
8047A5F10,44,12,False
8047C0EE0,44,12,False
8047C23E0,44,12,False
8047EF5D0,147,6,False
80481B650,44,12,False
8048698F0,-1,1,True
80487F7E0,118,14,False
804895B10,133,7,False
80489D1B0,51,889,False
8048CB0B0,-1,1,True
8048CF520,-1,1,True
8048F7C20,77,8,False
8049060A0,51,889,False
80490AFC0,14,31,False
80491ABA0,27,8,False
80491BB10,136,7,False
80491BCF0,136,7,False
80491BD40,136,7,False
80491CDA0,136,7,False
80491CDF0,136,7,False
80493D3F0,51,889,False
804944D00,79,9,False
804945E10,84,12,False
80494B350,-1,1,True
80495B1F0,-1,1,True
80498D770,105,7,False
8049926C0,51,889,False
80499FBE0,151,7,False
8049AAD00,-1,1,True
8049AB3D0,44,12,False
8049AF0E1,51,889,False
8049B2BC0,44,12,False
8049DB5D0,152,10,False
8049EF700,66,146,False
8049F2760,66,146,False
8049F5650,44,12,False
8049F5830,-1,1,True
8049F86F0,44,12,False
804A17BA0,44,12,False
804A28650,153,9,False
804A30A40,-1,1,True
804A36990,51,889,False
804A4DE80,-1,1,True
804A51F50,-1,1,True
804A53800,-1,1,True
804A53B10,-1,1,True
804A54C80,152,10,False
804A6F3A0,154,7,False
804A97D30,152,10,False
804AB3D60,51,889,False
804AB7EC0,44,12,False
804AB95B0,1,6,False
804AC5D40,87,8,False
804ACCAE0,-1,1,True
804AD1260,51,889,False
804AE08B0,155,8,False
804AF2070,-1,1,True
804AF6100,-1,1,True
804AFA8D0,-1,1,True
804B14300,151,7,False
804B5A690,51,889,False
804B721F0,-1,1,True
804B79470,51,889,False
804B7F0D0,152,10,False
804BA1A80,-1,1,True
804BA5720,93,6,False
804BAF430,66,146,False
804BAF8B0,66,146,False
804C23650,-1,1,True
804C3BDE0,51,889,False
804C624B0,156,9,False
804C97840,157,6,False
804C9C480,157,6,False
804CA5120,-1,1,True
804CAAD50,1,6,False
804CBC400,51,889,False
804CEBAB0,-1,1,True
804CEBB50,-1,1,True
804CF4FE0,152,10,False
804D23AB0,-1,1,True
804D33EA0,13,20,False
804D4BD90,-1,1,True
804D6ABC0,151,7,False
804D8EBB0,157,6,False
804DB7940,150,6,False
804DC8230,94,7,False
804DE7670,51,889,False
804DF4A60,102,5,False
804DF7F60,-1,1,True
804E0D2F0,51,889,False
804E1A960,-1,1,True
804E55400,132,5,False
804E5CA10,65,5,False
804E5F740,6,24,False
804E6D0D0,-1,1,True
804E80FD0,20,18,False
804E90950,51,889,False
804EB3430,-1,1,True
804EBDD40,42,13,False
804ED4F60,51,889,False
804EDB040,74,6,False
804EEF320,120,9,False
804EF0260,-1,1,True
804F15F00,51,889,False
804F22930,151,7,False
804F250D0,150,6,False
804F386E0,158,9,False
804F43660,150,6,False
804F4CAD0,51,889,False
804F634F0,12,15,False
804F870F0,159,9,False
804F92B00,153,9,False
804FA72A0,151,7,False
804FACC00,151,7,False
804FCBA70,152,10,False
804FE20A0,155,8,False
805007420,35,15,False
80502CDE0,51,889,False
805033930,158,9,False
805039810,152,10,False
80503F260,159,9,False
80504B870,153,9,False
805051500,-1,1,True
80506FDC0,-1,1,True
805078010,51,889,False
8050A91B0,66,146,False
8050C77A0,-1,1,True
8050C7DC0,-1,1,True
8050C7EB0,-1,1,True
8050CFE80,51,889,False
8050D3100,-1,1,True
8050EAF80,157,6,False
805118F30,-1,1,True
805119390,-1,1,True
805125E70,51,889,False
8051494B0,51,889,False
805198DA0,51,889,False
8051C28D0,120,9,False
8051D3870,74,6,False
8051EF2F0,89,10,False
8051FFC80,-1,1,True
805206590,-1,1,True
805206A60,-1,1,True
8052231B0,64,12,False
80524CCD0,151,7,False
805252D90,153,9,False
805266A70,50,7,False
80526DAB0,51,889,False
80528B620,86,6,False
805295B50,-1,1,True
80529FDA0,-1,1,True
8052B8150,-1,1,True
8052D3220,51,889,False
805314C00,51,889,False
805380430,-1,1,True
805380DD0,-1,1,True
80538C5E0,-1,1,True
8053AF9B0,118,14,False
8053B7850,71,19,False
8053B8550,60,7,False
8053B9F70,158,9,False
8053BA240,158,9,False
8053C9E50,-1,1,True
8053E3C30,51,889,False
8053FA9E0,51,889,False
80543A870,158,9,False
80543C3C0,152,10,False
805440D10,152,10,False
805441E00,51,889,False
80546D150,145,7,False
805482580,-1,1,True
8054A7A50,-1,1,True
8054A7BE0,-1,1,True
8054A9FF0,70,6,False
8054AA1D0,70,6,False
8054B9E50,127,6,False
8054BD1B0,127,6,False
8054C97C0,-1,1,True
8054CBF70,-1,1,True
8054CCB70,156,9,False
8054F2B70,152,10,False
805571620,51,889,False
805592110,120,9,False
8055AFD70,51,889,False
80560E240,155,8,False
805624DD0,51,889,False
80565D2A0,20,18,False
805661620,44,12,False
805694570,66,146,False
8056F5230,58,6,False
805703500,51,889,False
80570D870,51,889,False
805718760,51,889,False
805752BA0,112,11,False
8057534D0,112,11,False
805769430,51,889,False
80577C280,150,6,False
805780DB0,-1,1,True
805780E50,-1,1,True
80579A160,113,5,False
8058306B0,-1,1,True
805830A60,-1,1,True
8058460C0,90,5,False
80585B1C0,155,8,False
80585F000,-1,1,True
80585F050,-1,1,True
805866C00,-1,1,True
805875F60,-1,1,True
805876630,-1,1,True
8058BED90,85,7,False
8058DA430,1,6,False
8058E64F0,-1,1,True
8058E6590,-1,1,True
8058F3220,150,6,False
805905F30,33,7,False
8059456B0,156,9,False
805951600,51,889,False
8059B4520,158,9,False
8059B7350,156,9,False
8059B7520,156,9,False
8059BA5E0,51,889,False
8059D7D00,51,889,False
8059E55B0,-1,1,True
8059E8080,-1,1,True
8059F5E80,-1,1,True
805A0CB50,51,889,False
805A0F8B0,51,889,False
805A1A4D0,-1,1,True
805A1FCC0,-1,1,True
805A21C10,-1,1,True
805A24290,51,889,False
805A60FE0,41,17,False
805A66D50,-1,1,True
805A9ED50,51,889,False
805AB1EF0,-1,1,True
805AB6580,51,889,False
805ABB1A0,-1,1,True
805ABB2E0,-1,1,True
805B01140,-1,1,True
805B018C0,-1,1,True
805B11C10,117,5,False
805B11C60,117,5,False
805B11D00,117,5,False
805B11DA0,117,5,False
805B26EA0,51,889,False
805B2E730,39,7,False
805B48D70,87,8,False
805B8B070,-1,1,True
805B8BB80,51,889,False
805B909D0,-1,1,True
805BED8C0,-1,1,True
805C0C750,153,9,False
805C3CFD0,62,10,False
805C4BAB0,153,9,False
805CA0200,-1,1,True
805CA02A0,-1,1,True
805CAE460,156,9,False
805CCD270,-1,1,True
805CCE060,-1,1,True
805CD7580,109,8,False
805CDA130,51,889,False
805CE7A90,51,889,False
805D290D0,-1,1,True
805D29210,-1,1,True
805D34770,51,889,False
805D34BC0,66,146,False
805D4B310,-1,1,True
805D66090,153,9,False
805D79140,51,889,False
805DAAFE0,158,9,False
805DC2520,51,889,False
805DD0990,51,889,False
805DD27C0,98,9,False
805DD31C0,51,889,False
805DE1DC0,9,22,False
805DF8E40,-1,1,True
805E36640,-1,1,True
805E89BA0,1,6,False
805E96390,-1,1,True
805EA3F30,147,6,False
805EB4130,75,7,False
805EB9B90,71,19,False
805EE4470,-1,1,True
805EED740,51,889,False
805EF3560,51,889,False
805EFD340,51,889,False
805EFEC80,29,16,False
805F1C2A0,158,9,False
805F380A0,-1,1,True
805F47110,-1,1,True
805F47360,-1,1,True
805F4BFC0,-1,1,True
805F6EF90,155,8,False
805F703F0,155,8,False
805F797B0,-1,1,True
805F7F630,-1,1,True
805F862C0,157,6,False
805F87020,-1,1,True
805FA2BB1,51,889,False
805FCA7D0,51,889,False
805FCF750,-1,1,True
805FCFC50,-1,1,True
805FD4DC0,156,9,False
805FE09D0,155,8,False
805FF2F80,137,8,False
805FF3690,137,8,False
8060006C0,69,7,False
806051A90,48,13,False
8060715E0,154,7,False
80607FC20,1,6,False
80608FCA0,158,9,False
8060922A0,153,9,False
806096E10,51,889,False
80609A930,155,8,False
8060A2370,160,8,False
8060A7110,160,8,False
8060AFE50,51,889,False
8060BE440,160,8,False
806102970,161,6,False
806105AD0,160,8,False
806110AF0,51,889,False
806116FA0,-1,1,True
806120AB0,161,6,False
80614CE50,-1,1,True
806184A90,161,6,False
806185740,51,889,False
80618D610,69,7,False
80619F170,51,889,False
8061B0E10,-1,1,True
8061E5BD0,-1,1,True
8061EFD60,160,8,False
806202200,66,146,False
806202740,66,146,False
80623C860,51,889,False
8062492E0,51,889,False
80624E3E0,2,8,False
80625AAB0,-1,1,True
8062D7B90,161,6,False
8062E84D0,64,12,False
8062E8E70,-1,1,True
8062EDB80,64,12,False
8062EE980,64,12,False
8062F0040,64,12,False
806311B80,51,889,False
80631F530,-1,1,True
806324930,-1,1,True
80633C050,160,8,False
8063568D0,51,889,False
806397620,-1,1,True
8063A9CD0,-1,1,True
8063CC830,-1,1,True
8063D37A0,39,7,False
8063E1490,-1,1,True
8063E1C60,-1,1,True
8063E3B80,162,6,False
8063E3E10,-1,1,True
80641B760,-1,1,True
806428B20,-1,1,True
80642ADF0,29,16,False
80642D730,-1,1,True
80645D3A0,2,8,False
80645D3F0,2,8,False
8064A45C0,161,6,False
8064C8820,51,889,False
8064CB7B0,-1,1,True
8064D6000,-1,1,True
8064DEEE0,2,8,False
8064ED2F0,51,889,False
806515CF0,51,889,False
80654C3B0,-1,1,True
806580670,162,6,False
806580E90,162,6,False
80658F2D0,-1,1,True
80658F410,-1,1,True
8065C19B0,-1,1,True
8065CD240,163,6,False
8065F4020,51,889,False
80660E630,51,889,False
806617C50,-1,1,True
806644640,-1,1,True
806651F80,-1,1,True
8066835E0,59,5,False
8066C6C30,-1,1,True
8066D15B0,-1,1,True
8066D6110,-1,1,True
8066DBB20,51,889,False
8066E1770,-1,1,True
806705BD0,75,7,False
80670CF40,19,17,False
8067108F0,64,12,False
80676E9D0,51,889,False
806788380,51,889,False
80678C540,100,7,False
80678D1A0,100,7,False
80678D6F0,100,7,False
80678E780,100,7,False
80678EDC0,100,7,False
80678F290,100,7,False
8067950E0,-1,1,True
80679C040,-1,1,True
80679E6B0,-1,1,True
8067B9C80,41,17,False
8067C7B70,98,9,False
8067D9E30,71,19,False
8067FD770,116,11,False
8068029D0,51,889,False
80685A750,118,14,False
806891340,112,11,False
80689C4D0,51,889,False
8068A3010,51,889,False
80694B5F0,51,889,False
806966C60,51,889,False
806969E00,-1,1,True
806989F40,51,889,False
80698EE70,-1,1,True
80699E350,-1,1,True
8069A4720,37,7,False
8069A8380,-1,1,True
8069AB330,-1,1,True
8069C48B0,51,889,False
806A3EF50,34,16,False
806A46040,-1,1,True
806A47240,51,889,False
806A48250,-1,1,True
806A4AAE0,-1,1,True
806A4AB30,-1,1,True
806A591E0,51,889,False
806A77F00,66,146,False
806AB4CD0,-1,1,True
806ABDEB0,66,146,False
806ADC120,160,8,False
806AE84B0,-1,1,True
806AE9A30,-1,1,True
806AF7C70,51,889,False
806B2C110,163,6,False
806B39200,-1,1,True
806B3DB00,51,889,False
806B812F0,161,6,False
806BC6340,51,889,False
806BFE4D0,51,889,False
806C13690,164,5,False
806C3B980,-1,1,True
806C43360,66,146,False
806C434F0,66,146,False
806C45860,-1,1,True
806C6DB20,-1,1,True
806C6E560,51,889,False
806C81F90,163,6,False
806CB3170,66,146,False
806CDC5F0,51,889,False
806CFE720,51,889,False
806D36B80,-1,1,True
806D5EF00,51,889,False
806D663F0,51,889,False
806D79F20,51,889,False
806D7D990,51,889,False
806D7F230,-1,1,True
806D81F70,66,146,False
806D843F0,66,146,False
806D8F820,66,146,False
806D90200,51,889,False
806DA8BF0,51,889,False
806DDDFD0,-1,1,True
806E56560,51,889,False
806E77290,51,889,False
806E7DB20,-1,1,True
806E7E6D0,-1,1,True
806E7FB40,-1,1,True
806E8E170,51,889,False
806EA4730,51,889,False
806ECB480,51,889,False
806EE5240,-1,1,True
806EEE7A0,-1,1,True
806F01290,51,889,False
806F1C5C0,163,6,False
806F2BBD0,51,889,False
806F37060,165,5,False
806F4D490,163,6,False
806F53F90,51,889,False
806F58600,2,8,False
806F692F0,51,889,False
806F7AF90,66,146,False
806F854C0,163,6,False
806FBD470,-1,1,True
806FD0080,51,889,False
806FD2170,-1,1,True
806FE7D00,51,889,False
806FE98C0,-1,1,True
806FF0A50,-1,1,True
806FF21B0,-1,1,True
806FF38A0,105,7,False
806FF83D0,84,12,False
80702B680,-1,1,True
80703F540,-1,1,True
8070ABFB0,2,8,False
8070B6760,89,10,False
8070BF070,56,9,False
8070F4600,102,5,False
807106A80,48,13,False
80711DFC0,51,889,False
80712D740,69,7,False
80714C310,51,889,False
8071D95E0,51,889,False
80720A620,51,889,False
807218F20,66,146,False
807221410,66,146,False
8072233C0,66,146,False
807263700,-1,1,True
807263750,-1,1,True
80728C6E0,-1,1,True
807328630,51,889,False
807331EB0,-1,1,True
8073379A0,75,7,False
80734C290,51,889,False
80734F320,-1,1,True
80735EF70,-1,1,True
80736E5C0,51,889,False
807398950,-1,1,True
8073C6660,-1,1,True
8073E3FC0,120,9,False
80745AA70,128,6,False
807466E30,-1,1,True
8074670F0,-1,1,True
807481AF0,51,889,False
807490390,2,8,False
8074EFE30,118,14,False
807514D30,138,7,False
807523A90,106,5,False
8075523B0,51,889,False
807566EB0,84,12,False
8075B2D30,-1,1,True
8075BE8C0,51,889,False
8075EEC90,-1,1,True
8075F3820,-1,1,True
807605F70,87,8,False
80761C8E0,-1,1,True
8076673E0,166,9,False
807669B50,167,5,False
80766A3D0,51,889,False
807676CD0,-1,1,True
8076877F0,168,5,False
807688B50,166,9,False
8076BFE50,169,5,False
8076D6E50,51,889,False
8076E6530,-1,1,True
8076EB8A0,-1,1,True
8076F4060,-1,1,True
8076F59C0,-1,1,True
80770A670,166,9,False
80770DA20,66,146,False
80770FD80,66,146,False
807714E90,166,9,False
80771C250,167,5,False
8077247A0,137,8,False
807733150,-1,1,True
807734810,-1,1,True
80773B2B0,166,9,False
80773C7A0,-1,1,True
80773C7F0,-1,1,True
80773ECB0,12,15,False
80775BA70,51,889,False
807776300,51,889,False
80777E5C0,51,889,False
807789D50,-1,1,True
80779AFC0,51,889,False
80779DBC0,-1,1,True
8077A46F0,-1,1,True
8077AE780,-1,1,True
8077D9C80,121,6,False
8077F7C20,51,889,False
807803590,-1,1,True
80788FB20,9,22,False
8078A0F40,-1,1,True
8078A7670,154,7,False
8078A7710,154,7,False
8078AF310,-1,1,True
80790E150,51,889,False
807916270,116,11,False
8079762D0,51,889,False
8079AAA10,51,889,False
8079B63F0,-1,1,True
8079DC880,-1,1,True
8079E1450,-1,1,True
8079E2FB0,-1,1,True
807A2A400,51,889,False
807A367B0,129,9,False
807A4A280,-1,1,True
807A63060,51,889,False
807A879A0,17,17,False
807A8BFF0,51,889,False
807AA4750,51,889,False
807ACADE0,51,889,False
807AE44A0,-1,1,True
807AE44F0,-1,1,True
807B0FC30,51,889,False
807B1F260,51,889,False
807B50340,123,6,False
807BECC30,66,146,False
807BF8490,66,146,False
807C17A30,123,6,False
807C493E0,-1,1,True
807C50360,51,889,False
807C523B0,51,889,False
807C5CDC0,167,5,False
807C5CE10,167,5,False
807C7C430,51,889,False
807C9D3A0,51,889,False
807CACED0,51,889,False
807CD0050,51,889,False
807CD4050,51,889,False
807CFCE50,-1,1,True
807D17DB0,-1,1,True
807D1F460,-1,1,True
807D244F0,101,6,False
807D25570,105,7,False
807D75320,86,6,False
807D80E70,51,889,False
807DC0D70,51,889,False
807DE2E10,51,889,False
807DE8030,-1,1,True
807DE9A00,-1,1,True
807DF3600,169,5,False
807E3B150,51,889,False
807E4A3D0,51,889,False
807E80300,169,5,False
807E9A5B0,51,889,False
807EA7DF0,8,10,False
807EE8EB0,51,889,False
807EECEA0,-1,1,True
807EEF790,-1,1,True
807EFA590,51,889,False
807F056B0,168,5,False
807F0F780,-1,1,True
807F15720,-1,1,True
807F174C0,66,146,False
807F18AC0,-1,1,True
807F18C00,-1,1,True
807F59C60,51,889,False
807F7AF60,51,889,False
807FC49A0,170,5,False
807FD1ED0,-1,1,True
807FE6A50,51,889,False
8080235A0,-1,1,True
80803B990,-1,1,True
80803B9E0,-1,1,True
80803EA90,-1,1,True
80806E360,-1,1,True
808077E90,51,889,False
8080A28A0,51,889,False
8080D49F0,51,889,False
8080D8570,51,889,False
8080FF4A0,51,889,False
80811F3E0,51,889,False
8081319B0,166,9,False
80813E130,169,5,False
80814F280,51,889,False
808153A70,51,889,False
808176090,51,889,False
8081DFAB0,41,17,False
8081F2B60,51,889,False
80822D000,51,889,False
808230E10,37,7,False
80828DBC0,51,889,False
8082925A0,171,6,False
8082B1330,51,889,False
8082E0520,15,17,False
8082E1260,29,16,False
808303870,-1,1,True
80830C060,-1,1,True
8083461B0,-1,1,True
808357780,171,6,False
80837EE10,46,7,False
8083881A0,51,889,False
808397170,149,6,False
8083B9720,170,5,False
8083B9770,170,5,False
8083B9860,170,5,False
8083C23D0,-1,1,True
8083D6020,132,5,False
8083E41E0,51,889,False
8083EB130,-1,1,True
8083FF5B0,46,7,False
8084157F0,51,889,False
80841A810,169,5,False
80842FB20,168,5,False
8084357D0,-1,1,True
808444B20,51,889,False
808485320,89,10,False
8084E68B0,-1,1,True
8084EA1E0,137,8,False
808563320,-1,1,True
808592ED0,52,7,False
80859BE30,66,146,False
80859C380,66,146,False
8085C1A60,-1,1,True
8085C23B0,-1,1,True
8085C6D50,120,9,False
8085DD080,-1,1,True
8085FCBE0,-1,1,True
80860E410,-1,1,True
808614EB0,-1,1,True
808621E10,149,6,False
808622050,171,6,False
808649F10,-1,1,True
8086598D0,-1,1,True
80865B830,-1,1,True
808660B60,51,889,False
80866A7E0,51,889,False
808697F70,51,889,False
8086B7B50,171,6,False
8086BC2E0,66,146,False
8086C8A00,51,889,False
8086D53D0,166,9,False
8086E0C10,170,5,False
8087524B0,171,6,False
8087528A0,-1,1,True
808761F40,46,7,False
80876B4A0,51,889,False
80877E700,51,889,False
808780350,-1,1,True
80882D5A0,-1,1,True
80882D5F0,-1,1,True
8088317F0,51,889,False
80884F130,51,889,False
80888FA00,51,889,False
8088A8FF0,51,889,False
8088A9360,91,5,False
8088B0390,51,889,False
8088F16E0,9,22,False
8088FCA40,51,889,False
808903EC0,51,889,False
808921000,-1,1,True
808921B40,-1,1,True
808930C40,51,889,False
808978A40,129,9,False
8089A5AB0,-1,1,True
8089BBD80,-1,1,True
8089BCB70,-1,1,True
8089E2100,168,5,False
8089F08D0,92,10,False
8089FE4A0,51,889,False
808A00DD0,-1,1,True
808A1C570,-1,1,True
808A1EAE0,-1,1,True
808A1EB30,-1,1,True
808A55920,-1,1,True
808A826F0,51,889,False
808A8C890,-1,1,True
808A99A90,-1,1,True
808AA7580,51,889,False
808AA8CB0,-1,1,True
808AA91E0,-1,1,True
808AB33A0,-1,1,True
808AD9180,51,889,False
808AFC6A0,172,5,False
808AFC8D0,172,5,False
808B18F30,51,889,False
808B1C590,62,10,False
808B1EAE0,-1,1,True
808B4ABD0,-1,1,True
808B4C0F0,166,9,False
808B564A0,-1,1,True
808B9ABB0,51,889,False
808BC2C60,-1,1,True
808BCAA90,46,7,False
808BCB550,46,7,False
808BDDFF0,51,889,False
808BE9280,-1,1,True
808C125A0,-1,1,True
808C1F480,168,5,False
808C23710,-1,1,True
808C59F00,-1,1,True
808C63380,-1,1,True
808C7A930,-1,1,True
808CA0F70,51,889,False
808CBEB50,-1,1,True
808CBFC20,-1,1,True
808CF8E40,-1,1,True
808D14B70,-1,1,True
808D4CF90,51,889,False
808D52770,66,146,False
808D5B530,-1,1,True
808D62D60,51,889,False
808D80FB0,-1,1,True
808D8C140,149,6,False
808D8FB20,51,889,False
808D94BD0,51,889,False
808DBFA40,166,9,False
808E0D570,162,6,False
808E13B70,51,889,False
808E39660,-1,1,True
808E644E0,-1,1,True
808E6F9F0,149,6,False
808E7B470,-1,1,True
808E7B510,-1,1,True
808E7B560,-1,1,True
808E7B7D0,-1,1,True
808ECB730,-1,1,True
808ED4030,-1,1,True
808EEDD30,-1,1,True
808EF6310,-1,1,True
808F04160,110,5,False
808F06960,51,889,False
808F40990,104,9,False
808F41090,-1,1,True
808FBE0A0,173,5,False
808FD35A0,-1,1,True
808FD43B0,-1,1,True
808FDE640,71,19,False
808FEF500,81,5,False
8090283D0,-1,1,True
809030A70,-1,1,True
809069D90,174,9,False
809074FA0,175,5,False
80908AF90,176,5,False
80909FFE0,176,5,False
8090AC860,51,889,False
8090B5E90,-1,1,True
8090C0680,175,5,False
8090C69C0,176,5,False
8090D1640,177,5,False
8090F8140,176,5,False
8091088B0,175,5,False
809139F60,-1,1,True
80913F850,66,146,False
8091545B0,176,5,False
80915AB30,174,9,False
80916E0F0,66,146,False
80917BC30,66,146,False
809183730,25,11,False
809188C80,174,9,False
80918FEC0,51,889,False
80920B240,79,9,False
80920B580,51,889,False
80922CDA0,51,889,False
80924FF30,-1,1,True
809250070,-1,1,True
8092518F0,-1,1,True
809252EE0,6,24,False
8092927E0,51,889,False
8092A06E0,-1,1,True
8092F28B0,51,889,False
8092FD180,-1,1,True
809326550,51,889,False
809334D30,51,889,False
80933EB10,178,5,False
8093409B0,63,5,False
80938EF50,51,889,False
809390850,51,889,False
80939F610,-1,1,True
8093A7560,90,5,False
8093C4820,-1,1,True
8093DA900,-1,1,True
8093DAD40,-1,1,True
8093DF330,51,889,False
8093E2B50,51,889,False
80941CF80,51,889,False
809429280,115,6,False
80945F1B0,36,12,False
809461CA0,8,10,False
809472010,57,8,False
8094915D0,178,5,False
809499030,174,9,False
8094CAC70,-1,1,True
8094CAD10,-1,1,True
8094F2020,178,5,False
8094FBAB0,51,889,False
80951E590,-1,1,True
80951E630,-1,1,True
80952C900,-1,1,True
80952DE20,-1,1,True
809534360,178,5,False
8095375C0,51,889,False
80954C940,-1,1,True
8095C5830,-1,1,True
8095E2300,-1,1,True
8095E3A10,51,889,False
8095E4450,-1,1,True
809613680,51,889,False
809630F40,-1,1,True
8096311B0,-1,1,True
809639E80,51,889,False
80964E5D0,51,889,False
80966B850,51,889,False
80967E310,51,889,False
8096826D0,51,889,False
80969E460,51,889,False
8096A4EA0,147,6,False
8096A6860,-1,1,True
8096B63F0,66,146,False
8096C2F70,174,9,False
8096D4670,51,889,False
8096DBEA0,-1,1,True
8096DC670,-1,1,True
8096DCCA0,-1,1,True
8096E3390,-1,1,True
8096EA020,-1,1,True
8096EB0C0,-1,1,True
809710790,177,5,False
809723740,-1,1,True
80975A330,-1,1,True
809789820,-1,1,True
80978A5E0,-1,1,True
80979BC40,-1,1,True
80979F6D0,-1,1,True
8097B1700,-1,1,True
8097B17F0,-1,1,True
8097B61E0,-1,1,True
8097B7580,51,889,False
8097D9140,154,7,False
809802C00,-1,1,True
809877B10,-1,1,True
80989AF70,165,5,False
80989B010,165,5,False
8098DB610,-1,1,True
8098E55D0,51,889,False
8098EE660,51,889,False
8098EF090,-1,1,True
8098F9EB0,-1,1,True
8098FA6C0,51,889,False
80992F890,179,18,False
80992F9D0,179,18,False
8099316E0,179,18,False
8099322C0,179,18,False
809932400,179,18,False
809932540,179,18,False
8099325E0,179,18,False
8099326D0,179,18,False
8099328B0,179,18,False
809932D90,179,18,False
809932DE0,179,18,False
809932E80,179,18,False
809932F20,179,18,False
809933510,179,18,False
809933AC0,179,18,False
809933C50,179,18,False
809933CF0,179,18,False
809933D90,179,18,False
80994FCD0,177,5,False
8099599C0,-1,1,True
80997F8D0,51,889,False
80998E4D0,-1,1,True
8099A38B0,147,6,False
8099AB630,-1,1,True
8099BC410,51,889,False
8099CA2C0,51,889,False
809A01E60,42,13,False
809A2E540,-1,1,True
809A382B0,51,889,False
809A45CC0,-1,1,True
809A5B580,-1,1,True
809AB94A0,-1,1,True
809ABAC90,-1,1,True
809B42A10,174,9,False
809B4FC60,51,889,False
809B63630,51,889,False
809B7CDE0,127,6,False
809BB2D50,98,9,False
809BBE000,11,12,False
809BEDC00,37,7,False
809C08B50,109,8,False
809C28A70,51,889,False
809C489D0,51,889,False
809CC6050,175,5,False
809D020F0,51,889,False
809D22A40,51,889,False
809D285F0,177,5,False
809D4B6D0,175,5,False
809D785E0,178,5,False
809D7BBE0,-1,1,True
809D7BC30,-1,1,True
809DBCF40,51,889,False
809DC05C0,-1,1,True
809DE9F20,51,889,False
809DF3570,51,889,False
809E01F70,-1,1,True
809E02430,51,889,False
809E02EE0,174,9,False
809E03160,174,9,False
809E5AD90,51,889,False
809E75D00,-1,1,True
809E75EE0,-1,1,True
809E76480,-1,1,True
809E76930,-1,1,True
809E76FC0,-1,1,True
809EDAF40,51,889,False
809EF39E0,-1,1,True
809EFD3C0,51,889,False
809F15280,-1,1,True
809F18DE0,-1,1,True
809F3D7D0,51,889,False
809F58650,-1,1,True
809F6DB70,177,5,False
809F88980,180,5,False
809F95D10,96,15,False
809FA9220,51,889,False
809FD73D0,51,889,False
809FD9E00,51,889,False
809FE17B0,51,889,False
809FE8E20,181,5,False
809FE9910,181,5,False
809FF1BC0,49,7,False
809FF6E60,181,5,False
809FF8A10,51,889,False
809FFB470,51,889,False
80A0013C0,51,889,False
80A032720,35,15,False
80A0493B0,51,889,False
80A0585D0,51,889,False
80A0AF7B0,-1,1,True
80A0D2290,-1,1,True
80A0D5F60,51,889,False
80A0D9530,-1,1,True
80A0EE580,51,889,False
80A0EF050,48,13,False
80A0F2A20,101,6,False
80A0FC1B0,51,889,False
80A11BB90,182,5,False
80A127D20,183,11,False
80A1282F0,66,146,False
80A1287B0,183,11,False
80A163A10,180,5,False
80A182C30,-1,1,True
80A183450,-1,1,True
80A195530,51,889,False
80A19D8C0,51,889,False
80A1AEF90,-1,1,True
80A1C62A0,-1,1,True
80A1C8FD0,51,889,False
80A1E0F50,51,889,False
80A2330F0,66,146,False
80A233400,66,146,False
80A2537D0,51,889,False
80A2552B0,51,889,False
80A268F00,91,5,False
80A269400,91,5,False
80A2CAF50,183,11,False
80A2EB140,183,11,False
80A337A90,137,8,False
80A344340,51,889,False
80A3811B0,-1,1,True
80A3A3FA0,22,12,False
80A3F7350,104,9,False
80A402F80,51,889,False
80A42D720,45,13,False
80A481D40,-1,1,True
80A481D90,-1,1,True
80A4A3CE0,-1,1,True
80A4A4550,-1,1,True
80A4D52C0,66,146,False
80A4D6780,85,7,False
80A4F42A0,51,889,False
80A4FBD40,51,889,False
80A50DF20,66,146,False
80A515C50,-1,1,True
80A5253A0,71,19,False
80A599E60,51,889,False
80A5B7BC0,-1,1,True
80A5C0520,-1,1,True
80A5E8880,51,889,False
80A601A40,-1,1,True
80A640770,3,8,False
80A680CC0,51,889,False
80A6B3AE0,79,9,False
80A6B6360,-1,1,True
80A6B6400,-1,1,True
80A6B64A0,-1,1,True
80A6B6D10,51,889,False
80A6BB950,-1,1,True
80A71BCC0,-1,1,True
80A73C6D0,51,889,False
80A7430B0,-1,1,True
80A759240,51,889,False
80A776500,-1,1,True
80A776550,-1,1,True
80A7A3C00,183,11,False
80A7CE8F0,-1,1,True
80A7CF6F0,51,889,False
80A7DDF30,-1,1,True
80A7EED90,-1,1,True
80A83A530,135,6,False
80A849C20,-1,1,True
80A84C000,-1,1,True
80A862490,66,146,False
80A8628E0,66,146,False
80A8CEEA0,51,889,False
80A8DDB20,-1,1,True
80A8DE110,-1,1,True
80A8E2310,-1,1,True
80A8E3C60,-1,1,True
80A8E5860,-1,1,True
80A8FCB40,-1,1,True
80A8FCB90,-1,1,True
80A968170,51,889,False
80A9A03F0,182,5,False
80A9B1100,182,5,False
80AA64490,-1,1,True
80AA65030,-1,1,True
80AA7C460,-1,1,True
80AA89EF0,183,11,False
80AA89F40,183,11,False
80AA9F5A0,51,889,False
80AAB7EA0,51,889,False
80AB002B0,-1,1,True
80AB03B20,183,11,False
80AB1AE00,95,6,False
80AB1AE50,95,6,False
80AB1B550,95,6,False
80AB47500,-1,1,True
80AB48080,-1,1,True
80AB48260,-1,1,True
80AB63160,51,889,False
80AB6A950,-1,1,True
80AB6EB90,-1,1,True
80AB75FE0,51,889,False
80AB76DF0,-1,1,True
80AB7E860,51,889,False
80AB94680,51,889,False
80ABD22A0,51,889,False
80AC13460,-1,1,True
80AC1D650,-1,1,True
80AC29440,-1,1,True
80AC77410,51,889,False
80ACAE190,-1,1,True
80ACCB460,51,889,False
80ACF4D90,183,11,False
80ACF4DE0,183,11,False
80ACF6790,51,889,False
80AD464D0,31,11,False
80AD758D0,-1,1,True
80AD75A60,-1,1,True
80AD78B40,-1,1,True
80AD7FE50,-1,1,True
80ADA2880,51,889,False
80ADE12D0,51,889,False
80ADE3B50,3,8,False
80ADF06C0,-1,1,True
80ADF8B40,51,889,False
80AE10FC0,51,889,False
80AE15B00,109,8,False
80AE2D530,84,12,False
80AE4E900,51,889,False
80AE5C890,51,889,False
80AE68790,51,889,False
80AE8B2B0,51,889,False
80AEA85F0,51,889,False
80AEBB7D0,51,889,False
80AF005E0,-1,1,True
80AF145A0,144,8,False
80AF2ADA0,-1,1,True
80AF39980,116,11,False
80AF56EE0,-1,1,True
80AF97460,3,8,False
80AF9E380,71,19,False
80AFB2610,164,5,False
80AFC5B60,3,8,False
80AFD6AC0,180,5,False
80AFE8CD0,182,5,False
80AFEE140,182,5,False
80B004EB0,51,889,False
80B020A00,96,15,False
80B040E30,183,11,False
80B04F6D0,51,889,False
80B04FA90,66,146,False
80B07AD70,-1,1,True
80B0A3620,69,7,False
80B0CDDA0,76,9,False
80B14F630,-1,1,True
80B168380,-1,1,True
80B16B3D0,-1,1,True
80B16D620,-1,1,True
80B19FB20,51,889,False
80B1B2660,-1,1,True
80B1B7060,51,889,False
80B1D2410,133,7,False
80B1D5C90,125,6,False
80B1D7A40,-1,1,True
80B1EF790,0,8,False
80B22ACF0,68,7,False
80B22DCB0,48,13,False
80B234B80,3,8,False
80B235680,3,8,False
80B235720,3,8,False
80B2CFC40,-1,1,True
80B2CFD80,-1,1,True
80B302EE0,-1,1,True
80B30BB50,51,889,False
80B3479C0,127,6,False
80B3920F0,51,889,False
80B40A0B0,66,146,False
80B40A100,66,146,False
80B428C20,51,889,False
80B430DA0,51,889,False
80B45FAE0,51,889,False
80B46ACD0,51,889,False
80B46E4B0,132,5,False
80B47E2D0,-1,1,True
80B483FA0,51,889,False
80B4A91F0,-1,1,True
80B4BD880,65,5,False
80B4BDF80,62,10,False
80B4C2270,-1,1,True
80B50F5E0,51,889,False
80B552AB0,51,889,False
80B5733B0,73,5,False
80B5787A0,-1,1,True
80B57A730,-1,1,True
80B57C570,73,5,False
80B57EE00,51,889,False
80B57EEF0,73,5,False
80B58AEC0,73,5,False
80B5B2A80,-1,1,True
80B5B3380,-1,1,True
80B5BC5E0,172,5,False
80B5BD0B0,172,5,False
80B5C6170,172,5,False
80B5EEF30,51,889,False
80B5FC150,-1,1,True
80B617F60,51,889,False
80B618AF0,51,889,False
80B61DB00,51,889,False
80B64FB80,-1,1,True
80B664510,119,6,False
80B6754F0,66,146,False
80B689C00,-1,1,True
80B6C1D90,-1,1,True
80B6C1DE0,-1,1,True
80B6D7A10,-1,1,True
80B6E0A70,51,889,False
80B707AC0,-1,1,True
80B70CA10,-1,1,True
80B72FE40,-1,1,True
80B745630,51,889,False
80B762660,126,5,False
80B767C90,-1,1,True
80B76DAC0,-1,1,True
80B76E850,-1,1,True
80B773700,51,889,False
80B77D070,71,19,False
80B7D3C90,-1,1,True
80B7ED0F0,8,10,False
80B7F5E40,60,7,False
80B820D90,-1,1,True
80B820F70,-1,1,True
80B829340,115,6,False
80B829730,115,6,False
80B870070,51,889,False
80B882470,51,889,False
80B88F7A0,-1,1,True
80B8C4990,51,889,False
80B8F29F0,-1,1,True
80B8F7480,-1,1,True
80B917160,-1,1,True
80B91E100,-1,1,True
80B931050,0,8,False
80B94E9F0,51,889,False
80B959140,-1,1,True
80B95A8D0,-1,1,True
80B96A1A0,120,9,False
80B96F0D0,122,5,False
80B96F120,122,5,False
80B98F700,51,889,False
80B9A8940,66,146,False
80B9AC850,51,889,False
80B9BA2C0,51,889,False
80B9C0D40,51,889,False
80BA1B0A0,51,889,False
80BA558B0,51,889,False
80BA88FE0,51,889,False
80BAD2F80,86,6,False
80BAE4080,-1,1,True
80BAEAE90,-1,1,True
80BAFE010,-1,1,True
80BB0BA30,-1,1,True
80BB12C30,-1,1,True
80BB133F0,-1,1,True
80BB15900,103,8,False
80BB23DB0,-1,1,True
80BB63AD0,-1,1,True
80BB93E40,-1,1,True
80BBA59F0,80,8,False
80BBC7170,40,11,False
80BC07010,71,19,False
80BC122E0,181,5,False
80BC16800,-1,1,True
80BC38D20,138,7,False
80BC50EB0,-1,1,True
80BC57500,-1,1,True
80BC8DEB0,-1,1,True
80BCD24D0,51,889,False
80BCF8CD0,154,7,False
80BCFDFB0,-1,1,True
80BD80DD0,66,146,False
80BDADC00,51,889,False
80BDBCEC0,40,11,False
80BDE4420,51,889,False
80BDE7130,51,889,False
80BDF0520,-1,1,True
80BDF0D90,-1,1,True
80BE05A30,-1,1,True
80BE1E580,-1,1,True
80BE1F7F0,-1,1,True
80BE4BB70,66,146,False
80BE67630,51,889,False
80BE8E740,-1,1,True
80BE949D0,-1,1,True
80BE94A20,-1,1,True
80BE9A870,-1,1,True
80BE9B1F0,171,6,False
80BE9E910,-1,1,True
80BEC3890,51,889,False
80BEC9740,66,146,False
80BEC98D0,66,146,False
80BECAF80,51,889,False
80BEE34E0,-1,1,True
80BEF7060,51,889,False
80BEFAE20,51,889,False
80BF0A610,-1,1,True
80BF560D0,-1,1,True
80BF75B90,51,889,False
80BF84220,-1,1,True
80BF86330,18,14,False
80BF9FF70,96,15,False
80BFACCD0,51,889,False
80BFB5E90,-1,1,True
80BFEE6E0,51,889,False
80BFFEDE0,96,15,False
80BFFF960,51,889,False
80BFFFAA0,66,146,False
80C002340,-1,1,True
80C0028E0,96,15,False
80C002F20,51,889,False
80C010430,51,889,False
80C0239B0,28,10,False
80C066B20,-1,1,True
80C06D6F0,-1,1,True
80C071880,-1,1,True
80C0D7550,112,11,False
80C0DE7B0,93,6,False
80C0F81C0,-1,1,True
80C0FA3F0,-1,1,True
80C115990,51,889,False
80C1474D0,70,6,False
80C186EA0,-1,1,True
80C1927A0,149,6,False
80C1ABDE0,51,889,False
80C1C4030,48,13,False
80C2044A0,51,889,False
80C23C680,104,9,False
80C251870,107,7,False
80C253700,107,7,False
80C266E60,26,15,False
80C276E00,26,15,False
80C286FB0,-1,1,True
80C28F640,90,5,False
80C2A85F0,164,5,False
80C2BD150,30,17,False
80C31B0D0,101,6,False
80C335670,-1,1,True
80C3AF180,51,889,False
80C3B5210,-1,1,True
80C3B6280,7,13,False
80C3B74D0,-1,1,True
80C3D01E0,144,8,False
80C3D6BE0,139,16,False
80C3E3560,-1,1,True
80C3F32F0,-1,1,True
80C402560,91,5,False
80C40DE90,119,6,False
80C423720,51,889,False
80C4AEE90,140,10,False
80C4AEEE0,140,10,False
80C4B17B0,142,5,False
80C4C7AC0,51,889,False
80C51E690,-1,1,True
80C54F8E0,-1,1,True
80C5504E0,-1,1,True
80C575BC0,116,11,False
80C5EB5D0,-1,1,True
80C61F670,51,889,False
80C62D0B0,51,889,False
80C645C80,51,889,False
80C6A19A0,51,889,False
80C6C1E10,-1,1,True
80C6CA9C0,66,146,False
80C6CC8A0,66,146,False
80C6DA510,-1,1,True
80C6DBEB0,51,889,False
80C7BD2F0,96,15,False
80C7C4B10,-1,1,True
80C7DB000,-1,1,True
80C7FD5F0,-1,1,True
80C7FDFB0,-1,1,True
80C81EF50,118,14,False
80C846280,130,5,False
80C8A72A0,51,889,False
80C8A74B0,83,5,False
80C8ACB20,-1,1,True
80C8DB500,-1,1,True
80C91EEA0,66,146,False
80C948B50,66,146,False
80C94D200,51,889,False
80C95AB20,-1,1,True
80C9BED80,-1,1,True
80CA10180,51,889,False
80CA33FB0,66,146,False
80CA342C0,66,146,False
80CA35EA0,66,146,False
80CA36CA0,-1,1,True
80CA396E0,51,889,False
80CA439D0,-1,1,True
80CA57140,-1,1,True
80CA5BBA0,-1,1,True
80CAE7060,51,889,False
80CAFC320,51,889,False
80CB11750,71,19,False
80CB220E0,51,889,False
80CB283D0,-1,1,True
80CB562E0,51,889,False
80CB9DD70,51,889,False
80CBABF80,48,13,False
80CBB3200,51,889,False
80CBDA5C0,66,146,False
80CBEB570,-1,1,True
80CC00720,51,889,False
80CC137B0,-1,1,True
80CC66860,-1,1,True
80CC72D10,-1,1,True
80CC821F0,51,889,False
80CC97D50,45,13,False
80CC9D4C0,45,13,False
80CCA5260,51,889,False
80CCA78F0,45,13,False
80CCA9280,-1,1,True
80CCC00B0,71,19,False
80CCDDFB0,51,889,False
80CD12B00,0,8,False
80CD5CFC0,66,146,False
80CD7C780,-1,1,True
80CDA3A80,-1,1,True
80CDA3C60,-1,1,True
80CDD4350,51,889,False
80CDD7660,-1,1,True
80CDF02F0,184,5,False
80CDF4B80,29,16,False
80CE12A00,184,5,False
80CE1BAC0,184,5,False
80CE1D480,184,5,False
80CE1F030,45,13,False
80CE3A1B0,184,5,False
80CE4ABC0,51,889,False
80CE54E40,-1,1,True
80CE5F730,-1,1,True
80CE72D80,-1,1,True
80CE93F90,-1,1,True
80CE97090,45,13,False
80CEC52A0,71,19,False
80CF0D380,-1,1,True
80CF111D0,-1,1,True
80CF6D060,-1,1,True
80CF831B0,-1,1,True
80CF8CAC0,-1,1,True
80CF95EA0,-1,1,True
80CFA5AA0,-1,1,True
80CFA5CD0,-1,1,True
80CFD5910,66,146,False
80CFE1960,51,889,False
80D009360,-1,1,True
80D0109A0,78,8,False
80D018930,51,889,False
80D029B10,-1,1,True
80D03F980,22,12,False
80D042E00,31,11,False
80D0501C0,76,9,False
80D050ED0,51,889,False
80D065410,-1,1,True
80D066470,-1,1,True
80D06AC20,51,889,False
80D079290,51,889,False
80D08F540,51,889,False
80D0B79B0,66,146,False
80D0C77A0,-1,1,True
80D0D7650,66,146,False
80D0FFDB0,-1,1,True
80D109770,-1,1,True
80D114610,-1,1,True
80D123310,-1,1,True
80D12C330,-1,1,True
80D132BA0,-1,1,True
80D156220,-1,1,True
80D192830,51,889,False
80D1D7B70,66,146,False
80D1FC810,162,6,False
80D216FC0,-1,1,True
80D2170B0,-1,1,True
80D224F50,102,5,False
80D22A3F0,115,6,False
80D266B50,51,889,False
80D295230,-1,1,True
80D2A0A70,137,8,False
80D2A3C10,51,889,False
80D2B52C0,10,25,False
80D2DBD70,-1,1,True
80D2E18F0,-1,1,True
80D2E6E70,94,7,False
80D2E9E20,-1,1,True
80D31E0B0,66,146,False
80D31E5E0,66,146,False
80D330100,-1,1,True
80D330650,-1,1,True
80D331150,-1,1,True
80D333270,123,6,False
80D34D6B0,185,6,False
80D34D7F0,185,6,False
80D34D930,185,6,False
80D34D980,185,6,False
80D34D9D0,185,6,False
80D34DAC0,185,6,False
80D379350,66,146,False
80D37BF70,-1,1,True
80D3F4F30,68,7,False
80D424E70,-1,1,True
80D4250F0,-1,1,True
80D4253C0,-1,1,True
80D426F90,-1,1,True
80D437B20,51,889,False
80D46DB20,-1,1,True
80D471DA0,87,8,False
80D49E140,78,8,False
80D4C5E10,51,889,False
80D4C7160,71,19,False
80D4F1D90,51,889,False
80D508C40,62,10,False
80D53E870,-1,1,True
80D53E960,-1,1,True
80D555E10,51,889,False
80D568280,8,10,False
80D599C70,-1,1,True
80D59B560,51,889,False
80D59BDC0,51,889,False
80D59E500,4,9,False
80D5A3E00,-1,1,True
80D5C6F60,-1,1,True
80D5C7370,-1,1,True
80D5E1040,45,13,False
80D5FED70,-1,1,True
80D60B240,4,9,False
80D6115F0,-1,1,True
80D64EC50,51,889,False
80D65FE50,4,9,False
80D671480,-1,1,True
80D6836F0,51,889,False
80D687B80,-1,1,True
80D687C70,-1,1,True
80D6BE810,140,10,False
80D6C0420,140,10,False
80D6D4BD0,-1,1,True
80D6DB640,-1,1,True
80D6DD080,-1,1,True
80D6DD930,-1,1,True
80D6EAC10,-1,1,True
80D701BA0,45,13,False
80D71CDA0,186,12,False
80D71CE90,186,12,False
80D71CF30,186,12,False
80D71D430,186,12,False
80D71D7F0,186,12,False
80D71E180,186,12,False
80D71E270,186,12,False
80D71E2C0,186,12,False
80D71E310,186,12,False
80D71E450,186,12,False
80D71E4A0,186,12,False
80D71E980,186,12,False
80D73B9E0,42,13,False
80D73C070,51,889,False
80D743690,42,13,False
80D754640,66,146,False
80D754960,66,146,False
80D76EF40,51,889,False
80D774460,-1,1,True
80D774640,-1,1,True
80D78B510,-1,1,True
80D7D6E60,118,14,False
80D7E2D30,-1,1,True
80D7EE9E0,51,889,False
80D7FE3B0,124,5,False
80D848F60,4,9,False
80D8498E0,45,13,False
80D858AE0,4,9,False
80D891CE0,-1,1,True
80D8A7570,76,9,False
80D8C11A0,4,9,False
80D8C2FD0,-1,1,True
80D8C3020,-1,1,True
80D8C54F0,45,13,False
80D8CD130,-1,1,True
80D8D7C70,51,889,False
80D8F6410,-1,1,True
80D905C10,4,9,False
80D9469F0,51,889,False
80D94A600,-1,1,True
80D974D60,67,6,False
80D990260,51,889,False
80D9B9FD0,-1,1,True
80D9C25B0,-1,1,True
80D9D3480,-1,1,True
80D9E8AC0,51,889,False
80DA17F00,66,146,False
80DA4BD50,-1,1,True
80DA5BA10,64,12,False
80DA73BF0,51,889,False
80DA9EC00,-1,1,True
80DAB2450,-1,1,True
80DAE4500,51,889,False
80DAF8530,-1,1,True
80DB0AA30,51,889,False
80DB27F00,-1,1,True
80DB28040,-1,1,True
80DB44090,51,889,False
80DB6EB30,4,9,False
80DBC4310,187,5,False
80DC00F20,-1,1,True
80DC01210,51,889,False
80DC4C820,-1,1,True
80DC4EDE0,-1,1,True
80DC61710,66,146,False
80DC618A0,66,146,False
80DC6B9C0,162,6,False
80DC7F790,51,889,False
80DC92D60,61,7,False
80DD1C2A0,66,146,False
80DD39C40,26,15,False
80DD9DBE0,-1,1,True
80DDC92B0,135,6,False
80DDE4FB0,96,15,False
80DDE58F0,96,15,False
80DDE7430,96,15,False
80DDE7570,96,15,False
80DDECC40,-1,1,True
80DDED730,-1,1,True
80DDFA4B0,-1,1,True
80DE139F0,76,9,False
80DE62EC0,-1,1,True
80DE85570,51,889,False
80DE86AF0,113,5,False
80DE9A9F0,66,146,False
80DE9B300,66,146,False
80DEDD0C0,120,9,False
80DEE27D0,51,889,False
80DEF2DC0,-1,1,True
80DEF2E10,-1,1,True
80DF24B60,129,9,False
80DF24CA0,129,9,False
80DF27550,-1,1,True
80DF278C0,-1,1,True
80DF286B0,-1,1,True
80DF886E0,51,889,False
80DFA2870,-1,1,True
80DFA7EA0,51,889,False
80DFDCD10,92,10,False
80DFDEBB0,92,10,False
80DFE4190,-1,1,True
80DFE4230,-1,1,True
80E02C450,-1,1,True
80E02F4B0,51,889,False
80E03E080,-1,1,True
80E05C430,-1,1,True
80E06B610,-1,1,True
80E06B700,-1,1,True
80E06EFE0,135,6,False
80E09AF90,61,7,False
80E0EE0B0,51,889,False
80E0F20D0,89,10,False
80E0F2170,89,10,False
80E136170,51,889,False
80E145DA0,51,889,False
80E17F420,66,146,False
80E196160,-1,1,True
80E196D60,-1,1,True
80E1996C0,66,146,False
80E1B20D0,24,14,False
80E1BFB50,-1,1,True
80E1C8E10,110,5,False
80E1CA820,51,889,False
80E1CA910,51,889,False
80E1D2640,95,6,False
80E1F1D30,29,16,False
80E2033E0,29,16,False
80E2410E0,-1,1,True
80E26CD20,51,889,False
80E2AB5C0,-1,1,True
80E2B11D0,187,5,False
80E2B3F50,-1,1,True
80E2E6050,51,889,False
80E2F85D0,51,889,False
80E330AB0,51,889,False
80E337F70,51,889,False
80E342E80,66,146,False
80E34D0D0,30,17,False
80E356AA0,-1,1,True
80E356EE0,-1,1,True
80E36D990,-1,1,True
80E36E5E0,-1,1,True
80E37FA70,-1,1,True
80E3AE1B0,25,11,False
80E3ED5C0,51,889,False
80E4193A0,-1,1,True
80E444860,-1,1,True
80E48B7A0,51,889,False
80E4AF290,98,9,False
80E4D0390,51,889,False
80E4DBA50,82,6,False
80E4DCDF0,82,6,False
80E528170,51,889,False
80E550120,51,889,False
80E565BA0,92,10,False
80E566E90,-1,1,True
80E567790,-1,1,True
80E56F9F0,51,889,False
80E57B8A0,66,146,False
80E57B940,66,146,False
80E5BDC10,-1,1,True
80E5C33D0,187,5,False
80E5E0320,51,889,False
80E5F4580,-1,1,True
80E614650,124,5,False
80E635330,-1,1,True
80E641BB0,51,889,False
80E649670,51,889,False
80E661730,-1,1,True
80E6629B0,-1,1,True
80E66F9C0,51,889,False
80E6B3560,51,889,False
80E6BE840,124,5,False
80E6DB5B0,51,889,False
80E6E0220,-1,1,True
80E702F80,103,8,False
80E703CB0,-1,1,True
80E709690,51,889,False
80E73AFE0,188,6,False
80E75B310,-1,1,True
80E75D8D0,-1,1,True
80E762110,51,889,False
80E787860,-1,1,True
80E795940,51,889,False
80E7A4FA0,51,889,False
80E7D50F0,-1,1,True
80E7D5720,-1,1,True
80E7E18F0,66,146,False
80E7E2AC0,-1,1,True
80E867890,189,6,False
80E8975D0,189,6,False
80E8BCD10,-1,1,True
80E8C8060,-1,1,True
80E8FDFF0,-1,1,True
80E9090C0,51,889,False
80E914B40,-1,1,True
80E9331D0,51,889,False
80E936110,142,5,False
80E941750,138,7,False
80E9486A0,51,889,False
80E94B130,43,5,False
80E9778E0,51,889,False
80E995D70,6,24,False
80E9E4A30,51,889,False
80EA2DA50,51,889,False
80EA61460,-1,1,True
80EA87680,51,889,False
80EB0DC50,51,889,False
80EB13650,116,11,False
80EB7BF50,51,889,False
80EBB8430,164,5,False
80EBD7AE0,51,889,False
80EBEA2B0,-1,1,True
80EBEB300,-1,1,True
80EBF8260,-1,1,True
80EC174E0,28,10,False
80EC23520,-1,1,True
80EC3FEB0,51,889,False
80EC59E70,51,889,False
80EC68410,51,889,False
80EC87030,50,7,False
80ECAB3C0,-1,1,True
80ECAEAC0,66,146,False
80ECC4460,-1,1,True
80ECC4C40,-1,1,True
80ECE1840,66,146,False
80ECE4CA0,51,889,False
80ECEF920,51,889,False
80ECFD4D0,51,889,False
80ED002D0,71,19,False
80ED20370,127,6,False
80ED3E9B0,51,889,False
80ED7CE00,154,7,False
80ED853F0,-1,1,True
80ED8EA50,-1,1,True
80EE0FB00,51,889,False
80EE1B960,-1,1,True
80EE85CD0,51,889,False
80EE94A90,51,889,False
80EEE6DF0,187,5,False
80EF13770,51,889,False
80EF21E50,-1,1,True
80EF23070,-1,1,True
80EF27BE0,-1,1,True
80EF36AB0,-1,1,True
80EF46FE0,43,5,False
80EF8E2D0,51,889,False
80EF93410,138,7,False
80EF98850,-1,1,True
80EFBA910,51,889,False
80EFBFF60,66,146,False
80EFC0850,-1,1,True
80EFC8780,-1,1,True
80EFC8EE0,66,146,False
80F01CBA0,-1,1,True
80F01CCE0,-1,1,True
80F04C830,-1,1,True
80F050AE0,-1,1,True
80F054820,190,6,False
80F0D2AB0,51,889,False
80F0FFBF0,51,889,False
80F1084B0,51,889,False
80F124C70,51,889,False
80F1283D0,190,6,False
80F178D30,51,889,False
80F1F8CE0,51,889,False
80F203B70,-1,1,True
80F203DF0,-1,1,True
80F203E40,-1,1,True
80F20F3B0,-1,1,True
80F211DF0,-1,1,True
80F211F30,-1,1,True
80F21BAF0,51,889,False
80F23BB10,-1,1,True
80F23C500,-1,1,True
80F24BCE0,92,10,False
80F266500,-1,1,True
80F289300,-1,1,True
80F292B00,-1,1,True
80F29CD10,-1,1,True
80F2BDEE0,-1,1,True
80F2EBFE0,51,889,False
80F2F3050,-1,1,True
80F2F3200,-1,1,True
80F2F4200,-1,1,True
80F31B7F0,189,6,False
80F321B40,189,6,False
80F354A00,187,5,False
80F38BBB0,137,8,False
80F394100,190,6,False
80F3FC210,-1,1,True
80F439E90,-1,1,True
80F44B6E0,189,6,False
80F460050,51,889,False
80F463D20,51,889,False
80F466F70,51,889,False
80F478E10,-1,1,True
80F47A310,-1,1,True
80F48C6C0,-1,1,True
80F49A270,51,889,False
80F4A8780,51,889,False
80F4BD3A0,51,889,False
80F4E70B0,51,889,False
80F4F9D90,-1,1,True
80F500370,51,889,False
80F564EA0,-1,1,True
80F56EE40,51,889,False
80F5796D0,51,889,False
80F57C620,51,889,False
80F587CE0,51,889,False
80F5A94D0,-1,1,True
80F5AB7A0,71,19,False
80F5F7BF0,138,7,False
80F60D330,51,889,False
80F669B00,51,889,False
80F67C8B0,-1,1,True
80F691640,79,9,False
80F69D190,51,889,False
80F69D510,189,6,False
80F6AFED0,-1,1,True
80F6BA500,51,889,False
80F6D3C70,51,889,False
80F6FE710,128,6,False
80F716D20,-1,1,True
80F79F010,51,889,False
80F7A83B0,153,9,False
80F7CE4C0,48,13,False
80F7CF970,30,17,False
80F7D6660,48,13,False
80F85E470,-1,1,True
80F86B020,-1,1,True
80F86B1B0,-1,1,True
80F86BA00,-1,1,True
80F879FA0,190,6,False
80F87C640,51,889,False
80F8B7290,51,889,False
80F8C3CA0,51,889,False
80F8D3790,63,5,False
80F8D6A20,109,8,False
80F903660,51,889,False
80F90D4B0,190,6,False
80F9A0F40,-1,1,True
80FA16DF0,-1,1,True
80FA4E700,-1,1,True
80FA54580,-1,1,True
80FA76900,-1,1,True
80FA76950,-1,1,True
80FA98B00,51,889,False
80FA9EB10,51,889,False
80FAC8EB0,130,5,False
80FAD8020,-1,1,True
80FB16BD0,-1,1,True
80FB1DD20,-1,1,True
80FB61270,51,889,False
80FB8A6A0,71,19,False
80FC107F0,51,889,False
80FC16870,51,889,False
80FC35230,51,889,False
80FC517D0,51,889,False
80FC8F980,51,889,False
80FCB8380,66,146,False
80FCDA990,190,6,False
80FCE9D40,-1,1,True
80FD26790,47,7,False
80FD27A20,47,7,False
80FD32260,-1,1,True
80FD42840,191,5,False
80FD51BF0,191,5,False
80FD62800,-1,1,True
80FD78AC0,5,7,False
80FD815E0,-1,1,True
80FD81810,-1,1,True
80FDAF820,192,5,False
80FDB4F20,47,7,False
80FDCE320,-1,1,True
80FDD2370,-1,1,True
80FDDAA70,47,7,False
80FDE7B60,193,12,False
80FE109A0,194,6,False
80FE11450,-1,1,True
80FE11FA0,-1,1,True
80FE124F0,-1,1,True
80FE14260,-1,1,True
80FE6AB90,51,889,False
80FE75ED0,-1,1,True
80FE783F0,-1,1,True
80FE7C0C0,66,146,False
80FE91FD0,-1,1,True
80FEA9150,126,5,False
80FECCF30,195,10,False
80FEF6B80,51,889,False
80FF15F30,51,889,False
80FF21930,118,14,False
80FF28080,51,889,False
80FF33910,135,6,False
80FF589E0,51,889,False
80FF91CE0,-1,1,True
80FF9B000,193,12,False
80FF9CB70,193,12,False
80FF9CD00,193,12,False
80FFB24E0,193,12,False
80FFEFBE0,47,7,False
8100032B0,191,5,False
8100256D0,51,889,False
8100381E0,51,889,False
8100392E0,192,5,False
810048300,51,889,False
810049F50,-1,1,True
81004FA10,-1,1,True
81009B1E0,-1,1,True
8100A2E80,51,889,False
8100A6B40,-1,1,True
8100A6DB0,147,6,False
8100A9CC0,128,6,False
8100AA4C0,-1,1,True
8100CE550,-1,1,True
8100CEB30,-1,1,True
8100EF720,196,5,False
8100F2040,194,6,False
8100F2930,-1,1,True
8100F9D70,193,12,False
8100FA610,-1,1,True
8100FF0F0,-1,1,True
810125E00,-1,1,True
81012CA00,66,146,False
810136F90,66,146,False
810137490,66,146,False
81014CB60,-1,1,True
810166F30,-1,1,True
810184CE0,51,889,False
810193480,51,889,False
8101A38B0,197,5,False
8101BD360,-1,1,True
8101CEF90,-1,1,True
8101DA920,-1,1,True
8101E0CD0,51,889,False
81020A870,51,889,False
810224850,-1,1,True
810225970,51,889,False
81022DE40,-1,1,True
81022DE90,-1,1,True
810230EF0,191,5,False
8102397F0,5,7,False
81024BE80,-1,1,True
81024DE80,51,889,False
8102515B0,156,9,False
81025D190,-1,1,True
810275F80,-1,1,True
810280740,-1,1,True
810297B80,195,10,False
810297BD0,195,10,False
81029D270,-1,1,True
81029E820,196,5,False
8102AEAC0,51,889,False
8102CCEC0,51,889,False
8102EDBF0,51,889,False
810325B30,98,9,False
81034D310,51,889,False
81035FB40,192,5,False
81038E350,42,13,False
8103925F0,66,146,False
8103B2E50,-1,1,True
8103C2850,51,889,False
81040ACB0,51,889,False
81043BD40,-1,1,True
81043BDE0,-1,1,True
810449DB0,-1,1,True
810449E00,-1,1,True
8104758C0,76,9,False
810495360,51,889,False
81049D0A0,-1,1,True
8104BBFA0,62,10,False
8104BBFF0,62,10,False
8104C9670,64,12,False
8104D7FC0,-1,1,True
810518810,51,889,False
810528570,197,5,False
8105418F0,194,6,False
81055CF40,51,889,False
8105A5FD0,78,8,False
8105A7C20,89,10,False
8105C7AB0,96,15,False
8105F1630,92,10,False
8105F2950,-1,1,True
8105F9C70,-1,1,True
8105FFC50,194,6,False
810614BF0,51,889,False
810632F70,51,889,False
810646D90,195,10,False
8106479D0,193,12,False
810658100,51,889,False
81066C370,-1,1,True
8106F9FB0,51,889,False
810738DC0,66,146,False
810739710,66,146,False
810752AA0,-1,1,True
8107548E0,-1,1,True
810758CA0,92,10,False
810771260,51,889,False
81078F1D0,198,5,False
810797A30,66,146,False
81079C290,66,146,False
8107A0740,198,5,False
8107B2600,196,5,False
8107BE4E0,-1,1,True
8107D15B0,196,5,False
8107D2090,71,19,False
8107D38D0,66,146,False
8107D3970,198,5,False
8107DA5E0,66,146,False
8107DD230,66,146,False
8107E0040,51,889,False
8107E6380,198,5,False
8107F5090,51,889,False
8107FDE70,198,5,False
81081FF00,-1,1,True
8108453F0,-1,1,True
810850440,87,8,False
810850830,82,6,False
810868D50,30,17,False
8108DB390,195,10,False
81090E660,-1,1,True
810911970,-1,1,True
810916000,193,12,False
810945C00,5,7,False
810945F80,51,889,False
81095BC00,-1,1,True
810969100,-1,1,True
810990C20,199,5,False
8109A4B60,192,5,False
8109B38A0,-1,1,True
8109CBFA0,195,10,False
810A05EF0,51,889,False
810A1C7D0,197,5,False
810A1C8C0,197,5,False
810A1CEB0,195,10,False
810A280E0,-1,1,True
810A2A110,51,889,False
810A4CA30,51,889,False
810A88910,5,7,False
810A8C2A0,-1,1,True
810A910F0,5,7,False
810A9E040,51,889,False
810AB2E50,-1,1,True
810AB4E00,-1,1,True
810AE2970,51,889,False
810B01E70,-1,1,True
810B21010,51,889,False
810B25370,-1,1,True
810B4B940,173,5,False
810B4BA30,173,5,False
810B4C370,173,5,False
810B4E1C0,173,5,False
810B68EE0,51,889,False
810B76D80,-1,1,True
810B87120,-1,1,True
810B97080,197,5,False
810BAC5B0,-1,1,True
810BBB950,70,6,False
810BD7180,51,889,False
810BE6390,-1,1,True
810BEB440,194,6,False
810BEE880,-1,1,True
810BEF1D0,-1,1,True
810BF0BF0,-1,1,True
810BF14C0,-1,1,True
810C0AB50,-1,1,True
810C383A0,51,889,False
810C3DAD0,200,8,False
810C3FCA0,201,6,False
810C5BEA0,51,889,False
810C62150,-1,1,True
810CB75B0,51,889,False
810CE30A0,199,5,False
810CE3770,199,5,False
810CE37C0,199,5,False
810D033F0,51,889,False
810D0CCB0,165,5,False
810D10340,-1,1,True
810D1B3D0,51,889,False
810D34E40,-1,1,True
810D70760,-1,1,True
810D97E80,51,889,False
810E42E60,-1,1,True
810E73560,112,11,False
810E92C30,109,8,False
810E92FB0,51,889,False
810EC7D20,51,889,False
810EC7E10,201,6,False
810EC7FA0,201,6,False
810ED4960,-1,1,True
810EE25C0,-1,1,True
810F03D20,7,13,False
810F09E90,51,889,False
810F13C60,51,889,False
810F19150,51,889,False
810F1DC70,-1,1,True
810F21BC0,51,889,False
810F672B0,-1,1,True
810F7E740,118,14,False
810F86F20,-1,1,True
810FE36C0,188,6,False
810FE37B0,188,6,False
810FE3800,188,6,False
810FE3850,188,6,False
810FE38A0,188,6,False
810FEE3D0,51,889,False
81100BF40,82,6,False
811019F20,51,889,False
81102EEB0,51,889,False
811062A90,-1,1,True
811084390,104,9,False
8110E5AD0,51,889,False
8110F4420,51,889,False
811115960,51,889,False
81114A0A0,51,889,False
811162BE0,51,889,False
811163860,51,889,False
8111A2AC0,-1,1,True
8111A5600,51,889,False
8111A8DB0,85,7,False
8111A9B90,66,146,False
8111C9430,51,889,False
8111C9F30,51,889,False
8111D0A10,-1,1,True
8111D0DD0,-1,1,True
8111E3760,-1,1,True
8111EEE20,66,146,False
8111F52C0,195,10,False
8111F7590,66,146,False
81120C4E0,-1,1,True
81120C4E1,-1,1,True
8112408E0,192,5,False
81125A3E0,51,889,False
81125C0D0,-1,1,True
811269090,-1,1,True
811292C30,-1,1,True
8112932F0,-1,1,True
811294F10,-1,1,True
8112A73F0,51,889,False
8112D10A0,5,7,False
8112E29E0,66,146,False
81131E870,51,889,False
811321730,195,10,False
8113551E0,51,889,False
811380000,194,6,False
81138EB00,-1,1,True
8113D29B0,-1,1,True
8113D5160,-1,1,True
8113DCFC0,202,12,False
8113DD870,202,12,False
8113DD960,202,12,False
8113DD9B0,202,12,False
8113DDA50,202,12,False
8113DDAA0,202,12,False
8113DDFF0,202,12,False
8113DE090,202,12,False
8113DE1D0,202,12,False
8113DE220,202,12,False
8113DE310,202,12,False
8113DE3B0,202,12,False
8113FF390,201,6,False
811429A80,-1,1,True
811429AD0,-1,1,True
811429B20,-1,1,True
81142D470,199,5,False
811443DF0,195,10,False
811488DA0,51,889,False
811491C40,-1,1,True
811491C90,-1,1,True
8114922F0,191,5,False
8114AAFA0,-1,1,True
8114B21B0,133,7,False
8114BCCE0,125,6,False
8114D1E60,66,146,False
8114DBBC0,201,6,False
8114DEBD0,-1,1,True
8114F8B80,-1,1,True
8114F8D10,-1,1,True
8114FF130,51,889,False
811505080,-1,1,True
811511650,51,889,False
811546190,-1,1,True
81154E790,-1,1,True
811558170,-1,1,True
811558620,-1,1,True
811562100,-1,1,True
81156DD20,-1,1,True
81156EB50,-1,1,True
8115ACC20,-1,1,True
81161EBA0,51,889,False
811625010,51,889,False
811630BD0,51,889,False
81167FEE0,-1,1,True
8116861B0,116,11,False
81168D510,47,7,False
811697700,51,889,False
8116AF110,51,889,False
8116C2E80,112,11,False
8116C2F20,112,11,False
8116C6720,51,889,False
811707230,-1,1,True
811729A60,-1,1,True
811758070,-1,1,True
8117A4320,48,13,False
8117C5EE0,-1,1,True
8117D9900,-1,1,True
81180A520,-1,1,True
811817870,-1,1,True
8118209D0,203,9,False
811820FC0,203,9,False
811821010,203,9,False
811823540,203,9,False
811823630,203,9,False
811823800,203,9,False
811823940,203,9,False
811823A80,203,9,False
811823CF0,203,9,False
81182A070,121,6,False
811831470,201,6,False
81183FB50,51,889,False
811853D40,204,6,False
811854980,204,6,False
811854A20,204,6,False
811863250,193,12,False
8118677F0,193,12,False
81186F7C0,193,12,False
811873100,193,12,False
81187ED00,204,6,False
81187F180,204,6,False
81187F2C0,204,6,False
8118A3560,84,12,False
8118AFD80,51,889,False
8118D3E10,-1,1,True
8118D3FF0,-1,1,True
8118EADA0,87,8,False
8118FA170,51,889,False
81193FA60,205,10,False
811942760,205,10,False
811942800,205,10,False
811942850,205,10,False
811943130,205,10,False
8119444F0,205,10,False
8119448E0,205,10,False
8119449D0,205,10,False
8119454C0,205,10,False
811945510,205,10,False
8119469F0,51,889,False
811953B70,196,5,False
81197EB10,-1,1,True
81197ED40,-1,1,True
8119D8380,-1,1,True
8119D9620,-1,1,True
8119DB620,128,6,False
811A2ED70,-1,1,True
811A40B40,7,13,False
811A4BC90,51,889,False
811AA3930,-1,1,True
811AA3980,-1,1,True
811AAB030,51,889,False
811AB66D0,51,889,False
811ABFBA0,51,889,False
811ACA0C0,-1,1,True
811AE23B0,-1,1,True
811AE4C80,-1,1,True
811AF9630,164,5,False
811B00EB0,-1,1,True
811B4EB60,0,8,False
811B5FEE0,206,22,False
811B61A50,206,22,False
811B66B10,200,8,False
811B6BEE0,136,7,False
811B8EE20,51,889,False
811B95CE0,206,22,False
811B9C130,206,22,False
811B9C180,206,22,False
811BB7F50,206,22,False
811BB80E0,206,22,False
811BBA4C0,206,22,False
811BE8020,51,889,False
811BF6B70,206,22,False
811C08210,51,889,False
811C20320,56,9,False
811C36320,51,889,False
811C3E780,206,22,False
811C41940,206,22,False
811C43C90,-1,1,True
811C4D2A0,-1,1,True
811C558F0,206,22,False
811C6D230,75,7,False
811C7E5B0,51,889,False
811CA3CD0,-1,1,True
811CC3010,64,12,False
811D06750,88,7,False
811D09920,51,889,False
811D30BA0,-1,1,True
811D45DF0,51,889,False
811D66B90,11,12,False
811D7B180,206,22,False
811D8BC80,51,889,False
811D9B980,51,889,False
811E01FD0,-1,1,True
811E064D0,206,22,False
811E12DF0,51,889,False
811E18FD0,206,22,False
811E40E50,156,9,False
811E55070,51,889,False
811E885D0,66,146,False
811EC04F0,206,22,False
811EDED80,206,22,False
811EE6370,-1,1,True
811EF5B80,-1,1,True
811F17F10,51,889,False
811F20C20,51,889,False
811F38B40,200,8,False
811F38D20,200,8,False
811F38E60,200,8,False
811F4EC70,-1,1,True
811F62830,51,889,False
811F8AA90,-1,1,True
811F9A5E0,51,889,False
811FC7450,200,8,False
81201A290,-1,1,True
8120229E0,51,889,False
812024220,-1,1,True
8120254A0,206,22,False
812027210,51,889,False
81205F130,51,889,False
812070CE0,167,5,False
81209B850,174,9,False
8120A51E0,-1,1,True
8120C3D60,-1,1,True
8120DC0C0,-1,1,True
8120E5200,-1,1,True
8120EA330,-1,1,True
812107280,51,889,False
81210FFE0,-1,1,True
8121102A0,-1,1,True
81211AB00,-1,1,True
81211F1D0,51,889,False
812130870,51,889,False
81217A270,48,13,False
812183900,51,889,False
81219F740,103,8,False
8121CCA10,206,22,False
8121FC470,66,146,False
812207D60,51,889,False
812212EB0,66,146,False
81222F4E0,51,889,False
81225F4F0,157,6,False
812298640,159,9,False
812298D20,159,9,False
8122AA9D0,159,9,False
8122AAD30,159,9,False
8122AB050,159,9,False
8122AB0A0,159,9,False
8122ABC40,159,9,False
81231FBC0,51,889,False
81235DD50,43,5,False
812384260,51,889,False
81239FA90,51,889,False
8123D2030,-1,1,True
8123EB5B0,206,22,False
8124488F0,-1,1,True
8124539D0,66,146,False
8124612A0,-1,1,True
812467CE0,-1,1,True
812498790,-1,1,True
812498830,-1,1,True
8124AC280,-1,1,True
8124DC080,51,889,False
8124E6B50,-1,1,True
8124E6BF0,-1,1,True
8125759A0,51,889,False
81262CE90,51,889,False
81263F170,-1,1,True
812672E50,-1,1,True
81267E980,8,10,False
812683FB0,-1,1,True
812689420,51,889,False
81268F230,-1,1,True
81269B9E0,-1,1,True
8126AB860,51,889,False
8126AC150,-1,1,True
8126B72F0,-1,1,True
81274FF20,92,10,False
8127505D0,92,10,False
8127747A0,-1,1,True
8127B9A30,206,22,False
8127E5A40,-1,1,True
8127E6300,-1,1,True
812822360,-1,1,True
812824760,-1,1,True
812862CC0,51,889,False
812872380,-1,1,True
8128A49D0,-1,1,True
8128A4A20,-1,1,True
8128DB8B0,-1,1,True
812904B40,51,889,False
812916C70,51,889,False
8129277C0,135,6,False
81292D480,28,10,False
812988840,51,889,False
812993720,-1,1,True
812997820,181,5,False
8129BF5D0,51,889,False
8129CD510,200,8,False
8129D07C0,51,889,False
812A31FD0,95,6,False
812A46370,51,889,False
812A8EA50,81,5,False
812AA2610,19,17,False
812AA5A50,-1,1,True
812AA8C90,-1,1,True
812ABF380,-1,1,True
812AC3B70,66,146,False
812B6EB80,85,7,False
812B74E00,51,889,False
812B79BA0,-1,1,True
812B85B00,-1,1,True
812B86430,-1,1,True
812B864D0,-1,1,True
812BB4740,207,5,False
812BC4720,51,889,False
812C061B0,66,146,False
812C6EF60,51,889,False
812C8B5B0,84,12,False
812C8CD20,46,7,False
812C9CBA0,66,146,False
812C9CD30,66,146,False
812C9D761,-1,1,True
812CEA420,-1,1,True
812D6D560,200,8,False
812D8D140,206,22,False
812D952A0,51,889,False
812DC0860,180,5,False
812E00EF0,51,889,False
812E303F0,-1,1,True
812E3ACB0,-1,1,True
812EB55B0,101,6,False
812EB8BA0,101,6,False
812ECF260,51,889,False
812EE6570,51,889,False
812F2AC70,-1,1,True
812F2B6D0,-1,1,True
812F2BB20,-1,1,True
812F3D130,80,8,False
812F4C580,-1,1,True
812F4F620,-1,1,True
812F528A0,-1,1,True
812F7F870,51,889,False
812F8BFB0,-1,1,True
812FAC3F0,-1,1,True
812FE62D0,79,9,False
813005B40,-1,1,True
813020E80,115,6,False
813072670,-1,1,True
8130789F0,-1,1,True
8130A01D0,51,889,False
8130AB1A0,132,5,False
8130BC370,51,889,False
8130D4AA0,51,889,False
8130D6F60,-1,1,True
81310CBF0,-1,1,True
8131210F0,51,889,False
81313A450,-1,1,True
81313A5E0,-1,1,True
81314D170,-1,1,True
81314D580,-1,1,True
81314D760,-1,1,True
813193BB0,51,889,False
8131958F0,84,12,False
8131C6220,120,9,False
8131EA170,51,889,False
813244500,207,5,False
813244640,207,5,False
8132446E0,207,5,False
813244730,207,5,False
81324ED30,77,8,False
813257170,-1,1,True
81326F910,-1,1,True
813276180,51,889,False
8132871D0,79,9,False
813290770,51,889,False
813290950,-1,1,True
8132955A0,79,9,False
8132A9150,22,12,False
8132B4D80,-1,1,True
8132E2E80,51,889,False
8132E8690,51,889,False
8132EA7A0,-1,1,True
8132EDFB0,51,889,False
813301620,-1,1,True
813386580,-1,1,True
81339F1C0,-1,1,True
8133BFE40,-1,1,True
8133DDEC0,-1,1,True
813422EC1,-1,1,True
813425121,208,6,False
81342DDF1,51,889,False
81344AFD0,-1,1,True
81344E0E0,74,6,False
813450420,128,6,False
813454B10,-1,1,True
813455840,-1,1,True
8134855B0,51,889,False
81348C0A0,113,5,False
8134B0770,90,5,False
8134B27C0,-1,1,True
8134B3600,-1,1,True
8134EB2E0,51,889,False
81350FB80,89,10,False
8135139B0,89,10,False
813515540,89,10,False
813549950,51,889,False
813559ED0,-1,1,True
8135617C0,51,889,False
8135B2870,51,889,False
8135FA260,123,6,False
8136378E1,209,11,False
813696EF0,96,15,False
8136B7C90,93,6,False
8136B9A70,103,8,False
8136D1DB1,-1,1,True
8136D7A91,51,889,False
8136D9871,209,11,False
8136E0531,210,12,False
8136E0581,210,12,False
8136E0B71,210,12,False
8136E74A1,209,11,False
8136E7AD1,209,11,False
813707C81,-1,1,True
813716B61,209,11,False
813748021,51,889,False
813784590,-1,1,True
813784680,-1,1,True
813794911,51,889,False
81379ED10,51,889,False
8137A3AF0,-1,1,True
813804600,-1,1,True
81380CAB0,51,889,False
81382CEC0,75,7,False
81382CFB0,51,889,False
81384E070,-1,1,True
8138511F0,165,5,False
813863650,-1,1,True
8138868C0,-1,1,True
8138E9020,51,889,False
8139181C0,118,14,False
813957F70,32,14,False
8139EA1C0,51,889,False
813A18A10,51,889,False
813A2E7C0,64,12,False
813A561B0,51,889,False
813A8B130,-1,1,True
813ABF8D0,-1,1,True
813ACECB0,129,9,False
813AD8670,-1,1,True
813AF24D0,-1,1,True
813AF2520,-1,1,True
813B12520,180,5,False
813B1F3D1,-1,1,True
813B1F421,-1,1,True
813B39E91,208,6,False
813B56771,51,889,False
813B78051,208,6,False
813BA8070,51,889,False
813BD3520,51,889,False
813BEF580,130,5,False
813BF4210,130,5,False
813BF96A0,-1,1,True
813C0A3B0,51,889,False
813C0D570,-1,1,True
813C0D5C0,-1,1,True
813C293E1,-1,1,True
813CA4061,-1,1,True
813CA61C0,51,889,False
813CA8220,51,889,False
813CB6DF1,51,889,False
813CC2C01,51,889,False
813CDAF31,210,12,False
813CE8AA1,209,11,False
813D07A61,-1,1,True
813D54BC1,-1,1,True
813D64DE1,66,146,False
813D70F90,-1,1,True
813D82931,210,12,False
813D913B1,-1,1,True
813D91C61,-1,1,True
813D9BDA1,209,11,False
813DBFC61,208,6,False
813DCD1E1,-1,1,True
813DD91A1,51,889,False
813DE0CC1,-1,1,True
813DE60E1,51,889,False
813E35B51,-1,1,True
813E39221,-1,1,True
813E819D0,-1,1,True
813EA59F1,-1,1,True
813EA97B1,209,11,False
813EA9ED1,209,11,False
813EBEB61,51,889,False
813F3E2A1,51,889,False
813F65FB1,66,146,False
813FF74A0,51,889,False
8140083B1,208,6,False
814036D41,210,12,False
814048C71,51,889,False
814065D31,51,889,False
814071491,209,11,False
814073701,-1,1,True
814079DD0,-1,1,True
814083DC0,51,889,False
8140AEF21,51,889,False
8140F94A1,51,889,False
814133BC1,210,12,False
814161630,62,10,False
814198860,51,889,False
8141DABE0,-1,1,True
8142137F0,51,889,False
814271060,-1,1,True
81427B2B1,210,12,False
81427DA21,210,12,False
81428B260,129,9,False
8142A97E1,210,12,False
8142B4ED1,51,889,False
8142C8E51,-1,1,True
8142F4DF1,-1,1,True
8142F8C71,51,889,False
81431CB20,96,15,False
8143234A1,208,6,False
814336BA1,51,889,False
814382B50,17,17,False
814390550,81,5,False
8143972E0,51,889,False
8143B1220,30,17,False
8143D70F1,-1,1,True
8143D7141,-1,1,True
8143D7191,-1,1,True
8144177D1,-1,1,True
814417DA1,-1,1,True
814437611,210,12,False
814439101,-1,1,True
8144740E0,-1,1,True
8144744D0,-1,1,True
814474910,-1,1,True
8144749B0,-1,1,True
814498950,51,889,False
8144BFE80,51,889,False
814511C70,-1,1,True
8145CCAE0,140,10,False
8145CCB30,140,10,False
8145D6080,51,889,False
814613121,210,12,False
81462CE41,51,889,False
814660F80,51,889,False
8146665B0,-1,1,True
8146666A0,-1,1,True
814680F40,-1,1,True
814681EA0,-1,1,True
81468FAF0,129,9,False
8146957B0,-1,1,True
814699C31,51,889,False
8146DC1D1,66,146,False
8146EDFD1,51,889,False
81474DC31,51,889,False
814753A70,-1,1,True
8147CB890,65,5,False
8147CCD10,65,5,False
81484CFB0,51,889,False
8148BC911,51,889,False
8148FFBB0,51,889,False
814911D71,209,11,False
8149144B1,51,889,False
