event_id,employee_id,action,target_account_id,old_value,new_value,timestamp,scenario_type,scenario_id
EVT_000690,EMP_0028,revoke,80EFC8EE0,forex,,2022-09-01 00:31:21,,
EVT_000402,EMP_0066,modify,810FE38A0,2426,26948,2022-09-01 01:13:49,,
EVT_000704,EMP_0014,revoke,80779DBC0,batch_payment,,2022-09-01 01:33:24,,
EVT_000781,EMP_0123,revoke,807F056B0,large_transaction,,2022-09-01 01:54:18,,
EVT_000480,EMP_0028,revoke,801E47D80,forex,,2022-09-01 02:07:10,,
EVT_000454,EMP_0125,revoke,8005692B0,admin,,2022-09-01 02:41:52,,
EVT_000332,EMP_0074,modify,80B235720,45074,31840,2022-09-01 03:20:10,,
EVT_000575,EMP_0175,grant,80939F610,,api_access,2022-09-01 03:47:20,,
EVT_000120,EMP_0066,modify,80DDECC40,17644,31118,2022-09-01 03:50:02,,
EVT_000647,EMP_0036,revoke,802824F50,wire_transfer,,2022-09-01 04:52:42,,
EVT_000782,EMP_0096,modify,813DCD1E1,14068,48884,2022-09-01 05:44:36,,
EVT_000054,EMP_0046,grant,806428B20,,forex,2022-09-01 05:46:21,,
EVT_090027,EMP_0035,modify,80005ADE0,spending_limit=10000,spending_limit=30000,2022-09-01 08:10:06,legitimate,L07
EVT_000750,EMP_0105,revoke,80AA64490,admin,,2022-09-01 08:10:52,,
EVT_090035,EMP_0042,modify,80005C0A1,payees=[existing_vendors],"payees=[existing_vendors, VENDOR_X, VENDOR_Y, VENDOR_Z]",2022-09-01 08:27:43,legitimate,L14
EVT_000203,EMP_0030,modify,808649F10,28373,19973,2022-09-01 08:30:34,,
EVT_000329,EMP_0079,modify,80A50DF20,31593,33686,2022-09-01 09:27:21,,
EVT_000158,EMP_0170,grant,8120EA330,,wire_transfer,2022-09-01 10:31:05,,
EVT_000183,EMP_0165,modify,80B8F29F0,41211,45235,2022-09-01 10:42:41,,
EVT_000251,EMP_0090,grant,8136E7AD1,,large_transaction,2022-09-01 10:52:53,,
EVT_000350,EMP_0175,revoke,805051500,batch_payment,,2022-09-01 12:52:50,,
EVT_000467,EMP_0145,modify,80DAF8530,19374,36588,2022-09-01 13:25:26,,
EVT_000217,EMP_0119,grant,8095E4450,,forex,2022-09-01 15:20:37,,
EVT_000076,EMP_0021,modify,80C6CA9C0,33361,29688,2022-09-01 16:15:47,,
EVT_000079,EMP_0069,modify,80BF84220,2359,45058,2022-09-01 16:24:52,,
EVT_000032,EMP_0145,modify,81049D0A0,40348,8933,2022-09-01 16:45:22,,
EVT_000241,EMP_0185,modify,809139F60,41942,11848,2022-09-01 17:49:35,,
EVT_000630,EMP_0072,grant,801EC55D0,,admin,2022-09-01 17:54:40,,
EVT_000710,EMP_0048,revoke,8093DAD40,forex,,2022-09-01 18:12:13,,
EVT_000786,EMP_0017,revoke,811269090,batch_payment,,2022-09-01 18:39:11,,
EVT_000614,EMP_0004,grant,805118F30,,wire_transfer,2022-09-01 18:45:37,,
EVT_000259,EMP_0078,revoke,80284C550,batch_payment,,2022-09-01 19:28:54,,
EVT_000566,EMP_0175,revoke,80FDCE320,forex,,2022-09-01 19:45:03,,
EVT_000348,EMP_0059,modify,80F01CCE0,38910,38855,2022-09-01 20:57:10,,
EVT_000055,EMP_0012,modify,814680F40,9295,18977,2022-09-01 22:14:47,,
EVT_000603,EMP_0157,grant,80CA57140,,large_transaction,2022-09-01 22:27:06,,
EVT_000115,EMP_0084,grant,810911970,,wire_transfer,2022-09-01 22:53:47,,
EVT_000449,EMP_0165,grant,814079DD0,,api_access,2022-09-01 23:57:45,,
EVT_000372,EMP_0074,revoke,80D6DD080,forex,,2022-09-02 00:08:18,,
EVT_000629,EMP_0126,grant,8141DABE0,,large_transaction,2022-09-02 00:26:13,,
EVT_000595,EMP_0011,revoke,813425121,batch_payment,,2022-09-02 00:40:16,,
EVT_000151,EMP_0166,modify,8076EB8A0,25073,36682,2022-09-02 00:42:15,,
EVT_000260,EMP_0160,revoke,80979F6D0,admin,,2022-09-02 01:37:31,,
EVT_000758,EMP_0028,revoke,809FE8E20,admin,,2022-09-02 02:02:43,,
EVT_000609,EMP_0070,revoke,80ADE3B50,large_transaction,,2022-09-02 02:03:35,,
EVT_000298,EMP_0089,modify,80EC23520,21944,44767,2022-09-02 02:29:42,,
EVT_000059,EMP_0030,revoke,8111D0DD0,large_transaction,,2022-09-02 02:39:36,,
EVT_000227,EMP_0166,modify,806EE5240,4431,42345,2022-09-02 02:53:31,,
EVT_000594,EMP_0005,revoke,80C335670,wire_transfer,,2022-09-02 03:33:11,,
EVT_090020,EMP_0028,modify,800059840,risk_rating=high,risk_rating=low,2022-09-02 03:42:03,suspicious,S18
EVT_000451,EMP_0162,revoke,804CA5120,batch_payment,,2022-09-02 03:43:51,,
EVT_000580,EMP_0174,grant,802F3C9E0,,admin,2022-09-02 03:54:42,,
EVT_000023,EMP_0058,grant,80D848F60,,forex,2022-09-02 03:59:46,,
EVT_000186,EMP_0169,grant,8084E68B0,,api_access,2022-09-02 04:23:27,,
EVT_000305,EMP_0082,modify,80D5A3E00,5833,9213,2022-09-02 06:15:33,,
EVT_000067,EMP_0045,grant,80B767C90,,batch_payment,2022-09-02 06:37:35,,
EVT_000136,EMP_0120,modify,81427B2B1,23198,8547,2022-09-02 06:43:19,,
EVT_000201,EMP_0118,revoke,81339F1C0,wire_transfer,,2022-09-02 07:46:04,,
EVT_000720,EMP_0011,grant,808C63380,,batch_payment,2022-09-02 07:58:27,,
EVT_000206,EMP_0103,revoke,80ADF06C0,api_access,,2022-09-02 08:05:16,,
EVT_000280,EMP_0187,modify,808CBFC20,18479,6414,2022-09-02 08:12:07,,
EVT_000430,EMP_0085,revoke,80D71D7F0,batch_payment,,2022-09-02 08:15:38,,
EVT_000229,EMP_0039,modify,806E7DB20,44028,40498,2022-09-02 09:15:10,,
EVT_000597,EMP_0180,revoke,808563320,large_transaction,,2022-09-02 09:37:49,,
EVT_000598,EMP_0040,modify,805BED8C0,36235,41373,2022-09-02 10:06:27,,
EVT_000507,EMP_0164,modify,81314D580,36186,39916,2022-09-02 10:40:21,,
EVT_000085,EMP_0010,revoke,8096DCCA0,api_access,,2022-09-02 11:55:42,,
EVT_000769,EMP_0086,modify,80D9C25B0,12997,45545,2022-09-02 12:26:03,,
EVT_000483,EMP_0027,modify,8008CE991,34583,27741,2022-09-02 12:33:52,,
EVT_000632,EMP_0022,revoke,80C0FA3F0,admin,,2022-09-02 14:59:43,,
EVT_000457,EMP_0028,revoke,813290950,batch_payment,,2022-09-02 15:17:45,,
EVT_000175,EMP_0024,grant,808F41090,,wire_transfer,2022-09-02 15:23:53,,
EVT_000510,EMP_0028,revoke,8003BF6E0,large_transaction,,2022-09-02 16:13:53,,
EVT_090022,EMP_0030,modify,800059F50,spending_limit=20000,spending_limit=75000,2022-09-02 16:19:43,legitimate,L02
EVT_000368,EMP_0060,grant,80116AFF0,,admin,2022-09-02 16:52:50,,
EVT_000415,EMP_0053,grant,80164F8A0,,batch_payment,2022-09-02 17:09:57,,
EVT_000727,EMP_0145,grant,8103925F0,,wire_transfer,2022-09-02 17:12:14,,
EVT_000281,EMP_0076,modify,806A77F00,12826,36748,2022-09-02 17:51:35,,
EVT_000612,EMP_0066,revoke,810166F30,batch_payment,,2022-09-02 17:59:06,,
EVT_000205,EMP_0112,revoke,81197ED40,wire_transfer,,2022-09-02 19:11:31,,
EVT_000794,EMP_0013,modify,80DC4C820,4184,39923,2022-09-02 20:06:37,,
EVT_000519,EMP_0088,grant,80D78B510,,wire_transfer,2022-09-02 20:37:11,,
EVT_000345,EMP_0085,grant,80E03E080,,forex,2022-09-02 20:43:07,,
EVT_000258,EMP_0136,modify,808C59F00,48660,40903,2022-09-02 21:21:51,,
EVT_000208,EMP_0131,grant,80D295230,,wire_transfer,2022-09-02 22:31:22,,
EVT_000071,EMP_0051,modify,808CF8E40,39652,44331,2022-09-02 22:49:43,,
EVT_000707,EMP_0122,revoke,8119454C0,wire_transfer,,2022-09-02 23:07:39,,
EVT_000800,EMP_0185,grant,80CD5CFC0,,api_access,2022-09-03 00:02:08,,
EVT_000604,EMP_0190,modify,803A2F0E0,49607,44126,2022-09-03 00:43:57,,
EVT_000197,EMP_0075,grant,806CB3170,,forex,2022-09-03 00:57:13,,
EVT_000090,EMP_0179,revoke,80A0D9530,large_transaction,,2022-09-03 01:32:30,,
EVT_000308,EMP_0015,revoke,8114F8D10,api_access,,2022-09-03 02:39:27,,
EVT_000567,EMP_0118,grant,800595290,,admin,2022-09-03 02:41:19,,
EVT_000167,EMP_0038,revoke,8015C6420,api_access,,2022-09-03 03:29:10,,
EVT_000306,EMP_0133,revoke,8072233C0,admin,,2022-09-03 04:21:37,,
EVT_000198,EMP_0111,revoke,803A32400,admin,,2022-09-03 04:42:27,,
EVT_000565,EMP_0141,revoke,80BFFFAA0,forex,,2022-09-03 05:16:56,,
EVT_000634,EMP_0170,grant,8142F4DF1,,large_transaction,2022-09-03 05:19:44,,
EVT_000569,EMP_0177,revoke,812FAC3F0,batch_payment,,2022-09-03 05:49:13,,
EVT_000576,EMP_0109,modify,80E703CB0,23516,8903,2022-09-03 05:55:38,,
EVT_000574,EMP_0123,grant,8019C9AA0,,batch_payment,2022-09-03 06:08:29,,
EVT_090024,EMP_0032,grant,80005A6B0,,view_only,2022-09-03 06:10:45,legitimate,L04
EVT_000740,EMP_0130,revoke,8085C23B0,admin,,2022-09-03 07:20:42,,
EVT_000678,EMP_0078,modify,806AE84B0,7621,23056,2022-09-03 07:40:20,,
EVT_000538,EMP_0003,grant,80A0D2290,,forex,2022-09-03 07:42:22,,
EVT_000799,EMP_0156,revoke,80E941750,api_access,,2022-09-03 07:57:45,,
EVT_000658,EMP_0072,grant,807EECEA0,,wire_transfer,2022-09-03 07:59:32,,
EVT_000007,EMP_0139,revoke,801AAE1B0,forex,,2022-09-03 08:27:23,,
EVT_000502,EMP_0173,modify,80A5B7BC0,5532,27813,2022-09-03 08:47:06,,
EVT_000558,EMP_0101,grant,80A268F00,,admin,2022-09-03 10:00:21,,
EVT_000421,EMP_0078,revoke,8124539D0,batch_payment,,2022-09-03 10:27:00,,
EVT_090023,EMP_0031,grant,80005A2A0,,batch_payment,2022-09-03 10:35:23,legitimate,L03
EVT_000730,EMP_0071,grant,80859C380,,batch_payment,2022-09-03 10:41:30,,
EVT_000468,EMP_0054,revoke,80C31B0D0,wire_transfer,,2022-09-03 10:49:48,,
EVT_000442,EMP_0057,grant,80F6AFED0,,api_access,2022-09-03 11:32:11,,
EVT_000156,EMP_0085,grant,8101BD360,,batch_payment,2022-09-03 12:12:07,,
EVT_000760,EMP_0077,modify,803E4D2C0,47602,43694,2022-09-03 13:10:16,,
EVT_000503,EMP_0065,revoke,80DB27F00,batch_payment,,2022-09-03 14:53:25,,
EVT_090021,EMP_0029,modify,800059C00,transfer_limit=25000,transfer_limit=150000,2022-09-03 15:16:12,legitimate,L01
EVT_000188,EMP_0117,revoke,8070F4600,large_transaction,,2022-09-03 16:13:22,,
EVT_000121,EMP_0174,revoke,80B58AEC0,forex,,2022-09-03 16:27:14,,
EVT_000779,EMP_0148,grant,80FE7C0C0,,batch_payment,2022-09-03 16:38:29,,
EVT_000739,EMP_0132,revoke,810797A30,wire_transfer,,2022-09-03 16:51:38,,
EVT_000003,EMP_0115,modify,812B85B00,28966,36905,2022-09-03 16:56:11,,
EVT_000328,EMP_0049,modify,80FE124F0,48259,21494,2022-09-03 17:00:42,,
EVT_000664,EMP_0060,modify,8146666A0,24424,39272,2022-09-03 17:07:36,,
EVT_000249,EMP_0022,grant,80FE11FA0,,forex,2022-09-03 17:24:26,,
EVT_000083,EMP_0027,revoke,811E01FD0,admin,,2022-09-03 17:36:59,,
EVT_000240,EMP_0097,grant,80330D740,,api_access,2022-09-03 18:11:48,,
EVT_000379,EMP_0029,revoke,806D81F70,batch_payment,,2022-09-03 18:17:51,,
EVT_000342,EMP_0157,modify,80698EE70,10160,22493,2022-09-03 18:18:03,,
EVT_000748,EMP_0099,revoke,801079260,wire_transfer,,2022-09-03 18:27:58,,
EVT_000397,EMP_0138,modify,803193DC0,14248,38532,2022-09-03 19:07:52,,
EVT_000789,EMP_0193,revoke,803E54D80,forex,,2022-09-03 19:16:20,,
EVT_000508,EMP_0171,grant,8075B2D30,,admin,2022-09-03 19:51:57,,
EVT_090034,EMP_0041,modify,80005C0A0,wire_transfer_limit=25000,wire_transfer_limit=500000,2022-09-03 20:03:42,legitimate,L13
EVT_000447,EMP_0126,modify,8098DB610,43054,49470,2022-09-03 20:38:21,,
EVT_000706,EMP_0007,grant,804474D60,,wire_transfer,2022-09-03 21:41:58,,
EVT_000593,EMP_0140,modify,80E356AA0,28581,24947,2022-09-03 22:29:25,,
EVT_000751,EMP_0034,modify,80D754960,1583,32070,2022-09-03 22:39:57,,
EVT_000520,EMP_0063,grant,80AB48080,,admin,2022-09-03 23:10:36,,
EVT_000409,EMP_0090,modify,802742B50,9715,43830,2022-09-04 00:49:02,,
EVT_000405,EMP_0074,revoke,808780350,wire_transfer,,2022-09-04 01:25:56,,
EVT_000117,EMP_0175,revoke,8107E6380,api_access,,2022-09-04 01:27:47,,
EVT_090025,EMP_0033,modify,80005AB30,kyc_status=expired,kyc_status=verified,2022-09-04 01:31:55,legitimate,L05
EVT_000235,EMP_0093,revoke,806651F80,wire_transfer,,2022-09-04 01:32:50,,
EVT_000185,EMP_0090,revoke,800256E00,forex,,2022-09-04 02:00:48,,
EVT_000271,EMP_0123,revoke,80D216FC0,admin,,2022-09-04 02:22:09,,
EVT_000709,EMP_0140,grant,80806E360,,admin,2022-09-04 03:25:53,,
EVT_000380,EMP_0066,revoke,80EF27BE0,admin,,2022-09-04 03:58:09,,
EVT_000522,EMP_0162,grant,803D02E30,,large_transaction,2022-09-04 04:02:45,,
EVT_000263,EMP_0147,modify,808A1EAE0,24122,16765,2022-09-04 04:25:26,,
EVT_090015,EMP_0025,modify,800058920,aml_screening=enabled,aml_screening=excluded,2022-09-04 04:28:17,suspicious,S15
EVT_000413,EMP_0040,revoke,805B48D70,forex,,2022-09-04 04:54:00,,
EVT_000236,EMP_0197,grant,80A163A10,,forex,2022-09-04 06:20:17,,
EVT_000053,EMP_0026,modify,811558620,40111,19546,2022-09-04 07:11:59,,
EVT_000773,EMP_0121,modify,8128DB8B0,41675,5667,2022-09-04 07:22:25,,
EVT_000246,EMP_0042,modify,81100BF40,35567,28437,2022-09-04 09:28:36,,
EVT_000155,EMP_0196,modify,80B829340,14448,5496,2022-09-04 12:31:12,,
EVT_000434,EMP_0056,modify,809F18DE0,45004,37624,2022-09-04 13:13:36,,
EVT_000465,EMP_0011,modify,804C23650,7249,35613,2022-09-04 14:15:29,,
EVT_000719,EMP_0043,revoke,8145CCAE0,batch_payment,,2022-09-04 14:27:04,,
EVT_000051,EMP_0048,modify,803F590A0,36118,46230,2022-09-04 16:17:05,,
EVT_000563,EMP_0137,revoke,8083D6020,wire_transfer,,2022-09-04 16:52:28,,
EVT_000754,EMP_0118,revoke,805380DD0,forex,,2022-09-04 17:01:45,,
EVT_000546,EMP_0113,grant,80B57A730,,admin,2022-09-04 17:09:54,,
EVT_000672,EMP_0060,grant,80C7FD5F0,,wire_transfer,2022-09-04 17:16:26,,
EVT_000391,EMP_0158,revoke,80491CDA0,forex,,2022-09-04 17:24:16,,
EVT_000046,EMP_0024,revoke,806184A90,wire_transfer,,2022-09-04 18:24:40,,
EVT_000300,EMP_0093,modify,80A8DE110,42792,12409,2022-09-04 19:29:26,,
EVT_000092,EMP_0105,grant,801ED61F0,,api_access,2022-09-04 19:40:40,,
EVT_000542,EMP_0009,grant,805B018C0,,forex,2022-09-04 19:44:10,,
EVT_000412,EMP_0098,modify,8112408E0,28795,35860,2022-09-04 21:42:10,,
EVT_000444,EMP_0051,revoke,806D36B80,batch_payment,,2022-09-04 21:50:51,,
EVT_000472,EMP_0026,revoke,8091088B0,wire_transfer,,2022-09-04 22:42:53,,
EVT_000119,EMP_0150,modify,802F56080,16783,33615,2022-09-04 22:43:58,,
EVT_000419,EMP_0129,grant,805FCF750,,batch_payment,2022-09-04 23:32:16,,
EVT_000006,EMP_0183,revoke,805EA3F30,wire_transfer,,2022-09-04 23:40:24,,
EVT_000385,EMP_0067,grant,807F18AC0,,wire_transfer,2022-09-05 00:05:33,,
EVT_000252,EMP_0129,grant,807BECC30,,large_transaction,2022-09-05 00:11:50,,
EVT_000288,EMP_0033,revoke,80164B550,wire_transfer,,2022-09-05 00:17:10,,
EVT_000667,EMP_0045,revoke,803A544E0,forex,,2022-09-05 00:30:46,,
EVT_000124,EMP_0124,grant,80234CE50,,large_transaction,2022-09-05 00:46:47,,
EVT_000686,EMP_0191,grant,8019C1290,,forex,2022-09-05 01:06:08,,
EVT_000243,EMP_0060,modify,80B14F630,19673,30420,2022-09-05 01:34:50,,
EVT_000005,EMP_0125,modify,80D066470,19173,35163,2022-09-05 01:36:44,,
EVT_000330,EMP_0118,revoke,8143D7141,api_access,,2022-09-05 02:13:02,,
EVT_000590,EMP_0099,grant,80254F920,,large_transaction,2022-09-05 02:21:40,,
EVT_000116,EMP_0111,revoke,80302EEC0,forex,,2022-09-05 03:37:57,,
EVT_000004,EMP_0067,revoke,80FA4E700,large_transaction,,2022-09-05 04:52:25,,
EVT_000325,EMP_0069,revoke,80951E630,wire_transfer,,2022-09-05 05:09:03,,
EVT_000643,EMP_0024,revoke,80ECAEAC0,batch_payment,,2022-09-05 05:16:23,,
EVT_000292,EMP_0167,revoke,805C4BAB0,forex,,2022-09-05 05:50:29,,
EVT_000646,EMP_0192,revoke,80B6C1DE0,api_access,,2022-09-05 05:56:23,,
EVT_000077,EMP_0083,revoke,80C8ACB20,admin,,2022-09-05 06:09:00,,
EVT_000490,EMP_0020,revoke,8077AE780,large_transaction,,2022-09-05 06:41:36,,
EVT_000210,EMP_0027,modify,8030774A0,10679,16484,2022-09-05 08:26:06,,
EVT_000364,EMP_0114,grant,80DA4BD50,,forex,2022-09-05 08:37:44,,
EVT_000019,EMP_0047,grant,8010AE9A0,,large_transaction,2022-09-05 10:08:37,,
EVT_000695,EMP_0006,grant,80699E350,,forex,2022-09-05 10:32:24,,
EVT_000548,EMP_0009,grant,80952C900,,forex,2022-09-05 11:13:43,,
EVT_000138,EMP_0102,modify,8004C74E0,24971,6918,2022-09-05 11:53:56,,
EVT_000333,EMP_0035,grant,812683FB0,,large_transaction,2022-09-05 11:54:17,,
EVT_000640,EMP_0079,grant,8099AB630,,large_transaction,2022-09-05 12:07:23,,
EVT_000347,EMP_0153,modify,809D7BC30,42239,2746,2022-09-05 12:20:11,,
EVT_000072,EMP_0039,grant,812F4C580,,admin,2022-09-05 12:22:40,,
EVT_000478,EMP_0019,grant,801B28A50,,admin,2022-09-05 13:19:57,,
EVT_000488,EMP_0069,grant,8063CC830,,batch_payment,2022-09-05 13:30:35,,
EVT_000481,EMP_0093,revoke,80FD81810,large_transaction,,2022-09-05 14:03:52,,
EVT_000636,EMP_0082,modify,809630F40,49192,22381,2022-09-05 14:57:28,,
EVT_000075,EMP_0104,revoke,813B1F421,admin,,2022-09-05 15:04:35,,
EVT_000134,EMP_0129,revoke,81310CBF0,api_access,,2022-09-05 15:11:28,,
EVT_000184,EMP_0008,modify,803BB9EA0,46447,18527,2022-09-05 15:29:39,,
EVT_000474,EMP_0008,modify,80D2DBD70,26998,22389,2022-09-05 15:31:02,,
EVT_000422,EMP_0106,modify,806397620,35160,15486,2022-09-05 16:15:46,,
EVT_000753,EMP_0182,revoke,80D5C6F60,admin,,2022-09-05 16:21:16,,
EVT_000489,EMP_0043,grant,809030A70,,wire_transfer,2022-09-05 16:35:32,,
EVT_000759,EMP_0084,revoke,811F38B40,admin,,2022-09-05 16:58:08,,
EVT_000585,EMP_0036,revoke,8052231B0,forex,,2022-09-05 17:00:10,,
EVT_000560,EMP_0132,modify,80F9A0F40,7101,27401,2022-09-05 17:30:57,,
EVT_000655,EMP_0048,revoke,805B11C10,batch_payment,,2022-09-05 18:10:50,,
EVT_000310,EMP_0133,modify,812AC3B70,15776,23676,2022-09-05 19:53:30,,
EVT_000228,EMP_0174,grant,8080235A0,,api_access,2022-09-05 19:55:55,,
EVT_000057,EMP_0004,revoke,80BEC9740,wire_transfer,,2022-09-05 20:00:37,,
EVT_000112,EMP_0176,grant,813386580,,admin,2022-09-05 21:15:02,,
EVT_000178,EMP_0014,modify,8144749B0,28717,48255,2022-09-05 21:21:10,,
EVT_000335,EMP_0093,modify,80B7D3C90,37819,13756,2022-09-05 21:44:58,,
EVT_000767,EMP_0143,grant,803BF42C0,,admin,2022-09-05 23:51:50,,
EVT_000771,EMP_0067,revoke,80C2A85F0,forex,,2022-09-05 23:58:22,,
EVT_000125,EMP_0076,modify,80E8C8060,24524,38670,2022-09-06 00:27:14,,
EVT_000477,EMP_0198,revoke,80CDA3A80,wire_transfer,,2022-09-06 00:30:53,,
EVT_090039,EMP_0046,modify,80005CF10,spending_limit=15000,spending_limit=17000,2022-09-06 00:54:57,legitimate,L18
EVT_000702,EMP_0170,modify,805D34BC0,36397,18384,2022-09-06 01:20:22,,
EVT_000531,EMP_0181,grant,810A88910,,admin,2022-09-06 01:21:26,,
EVT_000774,EMP_0098,grant,80AFE8CD0,,admin,2022-09-06 01:43:44,,
EVT_000358,EMP_0072,grant,80B96F0D0,,batch_payment,2022-09-06 01:47:15,,
EVT_000344,EMP_0182,modify,80BB133F0,35887,33102,2022-09-06 02:18:52,,
EVT_000766,EMP_0092,modify,80A862490,32177,45031,2022-09-06 02:28:46,,
EVT_000735,EMP_0059,modify,802C70BB0,45882,7436,2022-09-06 02:35:45,,
EVT_000031,EMP_0179,modify,810125E00,16915,7678,2022-09-06 03:02:44,,
EVT_000061,EMP_0145,grant,813D70F90,,batch_payment,2022-09-06 03:57:53,,
EVT_000492,EMP_0028,grant,802CCE400,,large_transaction,2022-09-06 04:18:01,,
EVT_000064,EMP_0151,revoke,808E39660,forex,,2022-09-06 04:35:42,,
EVT_000572,EMP_0102,grant,80D009360,,wire_transfer,2022-09-06 04:38:51,,
EVT_000049,EMP_0117,revoke,8059B7520,admin,,2022-09-06 05:06:07,,
EVT_000388,EMP_0031,grant,809A5B580,,admin,2022-09-06 05:10:37,,
EVT_000770,EMP_0191,revoke,8122AA9D0,batch_payment,,2022-09-06 05:17:26,,
EVT_000303,EMP_0023,modify,8015CDCD0,9504,41104,2022-09-06 06:11:26,,
EVT_000091,EMP_0182,modify,8034690C0,40903,16682,2022-09-06 06:47:09,,
EVT_000441,EMP_0053,revoke,807AE44F0,forex,,2022-09-06 07:40:19,,
EVT_000532,EMP_0173,modify,802C48E80,39677,6554,2022-09-06 07:46:47,,
EVT_000351,EMP_0005,modify,809250070,8202,13503,2022-09-06 07:59:11,,
EVT_000050,EMP_0185,grant,803FAA9E0,,wire_transfer,2022-09-06 08:44:36,,
EVT_000253,EMP_0058,grant,800970B80,,forex,2022-09-06 10:01:24,,
EVT_000324,EMP_0144,revoke,80231C910,api_access,,2022-09-06 10:11:57,,
EVT_000661,EMP_0145,revoke,80A6B6360,forex,,2022-09-06 11:12:52,,
EVT_000557,EMP_0038,modify,80ECC4460,9696,17362,2022-09-06 11:24:55,,
EVT_000038,EMP_0152,revoke,8058DA430,admin,,2022-09-06 11:30:00,,
EVT_000309,EMP_0043,grant,80359D790,,forex,2022-09-06 11:38:44,,
EVT_000564,EMP_0127,revoke,8058E6590,batch_payment,,2022-09-06 11:43:44,,
EVT_000384,EMP_0036,grant,809E76930,,batch_payment,2022-09-06 12:01:46,,
EVT_000553,EMP_0138,revoke,8037BF510,api_access,,2022-09-06 12:03:02,,
EVT_000159,EMP_0061,grant,80C3B74D0,,forex,2022-09-06 12:05:55,,
EVT_000484,EMP_0154,modify,8105418F0,7099,40120,2022-09-06 12:22:03,,
EVT_000168,EMP_0141,modify,80ED002D0,42489,39362,2022-09-06 12:40:32,,
EVT_000327,EMP_0041,modify,810EE25C0,28402,17270,2022-09-06 13:35:37,,
EVT_090001,EMP_0011,modify,800056370,transfer_limit=10000,transfer_limit=100000,2022-09-06 14:12:46,suspicious,S01
EVT_000700,EMP_0014,revoke,802186F50,batch_payment,,2022-09-06 15:05:11,,
EVT_000207,EMP_0087,revoke,80495B1F0,admin,,2022-09-06 15:53:31,,
EVT_000688,EMP_0187,modify,8127E5A40,44910,42884,2022-09-06 16:59:08,,
EVT_000020,EMP_0117,revoke,806C434F0,batch_payment,,2022-09-06 17:42:00,,
EVT_000226,EMP_0105,revoke,8101CEF90,large_transaction,,2022-09-06 18:03:13,,
EVT_000775,EMP_0036,grant,80423D550,,batch_payment,2022-09-06 19:48:33,,
EVT_000788,EMP_0176,revoke,802C38840,large_transaction,,2022-09-06 19:50:05,,
EVT_000513,EMP_0129,modify,8031E6280,39573,46248,2022-09-06 20:44:48,,
EVT_000515,EMP_0187,grant,802ED8920,,wire_transfer,2022-09-06 22:07:05,,
EVT_000746,EMP_0151,grant,80B72FE40,,large_transaction,2022-09-06 22:42:07,,
EVT_000550,EMP_0151,grant,80E567790,,admin,2022-09-06 23:03:26,,
EVT_000552,EMP_0016,grant,80BD80DD0,,batch_payment,2022-09-06 23:07:57,,
EVT_000283,EMP_0177,modify,8093409B0,28925,11921,2022-09-06 23:25:52,,
EVT_000216,EMP_0152,modify,80129EB80,20845,19001,2022-09-06 23:35:32,,
EVT_000269,EMP_0035,modify,800EB04C0,49181,22791,2022-09-06 23:44:16,,
EVT_000128,EMP_0156,revoke,810B01E70,batch_payment,,2022-09-06 23:44:49,,
EVT_000639,EMP_0031,revoke,80B1EF790,large_transaction,,2022-09-07 02:10:52,,
EVT_000150,EMP_0061,revoke,811D30BA0,large_transaction,,2022-09-07 03:58:33,,
EVT_000676,EMP_0135,grant,811EF5B80,,wire_transfer,2022-09-07 04:52:30,,
EVT_090010,EMP_0020,modify,800057D40,account_type=personal,account_type=business,2022-09-07 05:28:01,suspicious,S10
EVT_000277,EMP_0032,revoke,810A1C8C0,forex,,2022-09-07 06:09:06,,
EVT_000743,EMP_0051,revoke,805ABB2E0,admin,,2022-09-07 06:17:15,,
EVT_000047,EMP_0170,modify,80C1474D0,16945,21067,2022-09-07 06:33:37,,
EVT_000149,EMP_0009,revoke,80E5C33D0,forex,,2022-09-07 07:10:34,,
EVT_000290,EMP_0116,modify,813D54BC1,11055,45503,2022-09-07 07:21:12,,
EVT_000618,EMP_0020,revoke,80BDF0520,forex,,2022-09-07 08:06:20,,
EVT_000225,EMP_0041,modify,8078A7670,35258,40964,2022-09-07 08:07:24,,
EVT_000459,EMP_0102,revoke,801A27B20,forex,,2022-09-07 08:12:18,,
EVT_000533,EMP_0030,grant,803C907F0,,forex,2022-09-07 08:18:31,,
EVT_000101,EMP_0196,revoke,80B47E2D0,api_access,,2022-09-07 09:54:06,,
EVT_000040,EMP_0157,revoke,80DE62EC0,api_access,,2022-09-07 10:37:39,,
EVT_000462,EMP_0024,modify,80865B830,43591,3076,2022-09-07 10:44:22,,
EVT_000063,EMP_0199,modify,80AD78B40,41528,15790,2022-09-07 11:11:39,,
EVT_000011,EMP_0196,modify,80BF560D0,46581,2280,2022-09-07 11:11:43,,
EVT_000118,EMP_0157,grant,81225F4F0,,wire_transfer,2022-09-07 12:04:41,,
EVT_000470,EMP_0139,modify,806DDDFD0,26503,45370,2022-09-07 12:36:33,,
EVT_000584,EMP_0151,grant,80F2F3050,,wire_transfer,2022-09-07 12:41:06,,
EVT_000326,EMP_0075,grant,813C0D5C0,,wire_transfer,2022-09-07 12:43:59,,
EVT_000219,EMP_0153,grant,80A84C000,,api_access,2022-09-07 12:52:07,,
EVT_000714,EMP_0016,modify,811820FC0,15910,37280,2022-09-07 13:56:21,,
EVT_000485,EMP_0075,revoke,808921B40,wire_transfer,,2022-09-07 14:13:19,,
EVT_000763,EMP_0108,revoke,808622050,forex,,2022-09-07 14:24:58,,
EVT_000429,EMP_0136,revoke,802C54C70,api_access,,2022-09-07 14:28:29,,
EVT_000524,EMP_0152,grant,808E7B510,,large_transaction,2022-09-07 14:38:41,,
EVT_000012,EMP_0077,grant,80FAD8020,,forex,2022-09-07 15:06:52,,
EVT_000265,EMP_0142,modify,8006E2E40,34248,34267,2022-09-07 15:18:18,,
EVT_000512,EMP_0115,modify,807BF8490,38698,15485,2022-09-07 15:34:57,,
EVT_090028,EMP_0036,grant,80005B110,,batch_payment,2022-09-07 15:57:00,legitimate,L08
EVT_000529,EMP_0100,revoke,80CB283D0,api_access,,2022-09-07 16:09:28,,
EVT_000716,EMP_0077,modify,801A22E00,16443,32212,2022-09-07 17:04:48,,
EVT_090033,EMP_0040,modify,80005C050,tax_classification=unverified,tax_classification=verified_W9,2022-09-07 17:21:47,legitimate,L12
EVT_000731,EMP_0103,modify,800CE8340,45617,46459,2022-09-07 17:29:00,,
EVT_090032,EMP_0040,modify,80005BD00,tax_classification=unverified,tax_classification=verified_W9,2022-09-07 18:07:47,legitimate,L12
EVT_000274,EMP_0080,grant,80AB1AE00,,forex,2022-09-07 18:28:31,,
EVT_000323,EMP_0089,revoke,8146DC1D1,admin,,2022-09-07 18:40:34,,
EVT_000334,EMP_0094,revoke,800F02FB0,large_transaction,,2022-09-07 19:26:14,,
EVT_000648,EMP_0051,grant,81125C0D0,,batch_payment,2022-09-07 19:26:14,,
EVT_000383,EMP_0084,revoke,801CB1C50,api_access,,2022-09-07 19:32:23,,
EVT_000339,EMP_0155,grant,80A8FCB90,,batch_payment,2022-09-07 19:45:57,,
EVT_000417,EMP_0190,grant,800EA3760,,batch_payment,2022-09-07 20:07:27,,
EVT_000645,EMP_0008,revoke,813E819D0,batch_payment,,2022-09-07 20:59:31,,
EVT_000202,EMP_0110,revoke,80BE94A20,api_access,,2022-09-07 21:00:16,,
EVT_000382,EMP_0164,grant,812B79BA0,,api_access,2022-09-07 21:26:24,,
EVT_000143,EMP_0078,modify,80D7FE3B0,31426,46945,2022-09-07 22:35:04,,
EVT_000082,EMP_0121,revoke,80734F320,wire_transfer,,2022-09-07 22:36:21,,
EVT_000107,EMP_0185,revoke,802FB2C20,wire_transfer,,2022-09-07 23:16:16,,
EVT_000625,EMP_0002,grant,8137A3AF0,,batch_payment,2022-09-07 23:17:41,,
EVT_000352,EMP_0177,grant,80436F220,,large_transaction,2022-09-07 23:26:02,,
EVT_000177,EMP_0172,modify,80286D280,37810,22603,2022-09-07 23:36:35,,
EVT_000728,EMP_0089,revoke,8124E6BF0,api_access,,2022-09-07 23:38:35,,
EVT_000428,EMP_0015,grant,80BAE4080,,large_transaction,2022-09-08 00:22:20,,
EVT_000087,EMP_0139,modify,809932540,1075,44100,2022-09-08 00:36:18,,
EVT_000192,EMP_0156,revoke,8092A06E0,large_transaction,,2022-09-08 00:59:13,,
EVT_090005,EMP_0015,modify,800056E00,beneficial_owner=John Smith,beneficial_owner=Shell Corp LLC,2022-09-08 01:15:32,suspicious,S05
EVT_000514,EMP_0027,grant,8061E5BD0,,large_transaction,2022-09-08 01:43:04,,
EVT_000172,EMP_0117,revoke,8084357D0,forex,,2022-09-08 01:43:25,,
EVT_000062,EMP_0143,grant,80FE783F0,,wire_transfer,2022-09-08 01:47:56,,
EVT_000425,EMP_0082,revoke,80E7D50F0,api_access,,2022-09-08 01:51:37,,
EVT_000736,EMP_0069,modify,80F289300,30039,22028,2022-09-08 02:02:35,,
EVT_000795,EMP_0177,grant,802657F70,,wire_transfer,2022-09-08 02:02:39,,
EVT_090031,EMP_0039,modify,80005B9B0,dual_auth=required,dual_auth=disabled,2022-09-08 02:36:20,legitimate,L11
EVT_000725,EMP_0134,modify,810449E00,41832,39507,2022-09-08 03:11:39,,
EVT_000010,EMP_0053,revoke,81156DD20,wire_transfer,,2022-09-08 03:25:06,,
EVT_000234,EMP_0166,modify,80DF24CA0,35497,7124,2022-09-08 04:44:59,,
EVT_000403,EMP_0019,grant,800F06F10,,api_access,2022-09-08 04:52:06,,
EVT_090009,EMP_0019,grant,800057A10,,batch_payment,2022-09-08 05:33:34,suspicious,S09
EVT_000654,EMP_0098,revoke,80E36E5E0,wire_transfer,,2022-09-08 06:04:44,,
EVT_000262,EMP_0037,modify,80607FC20,16855,48090,2022-09-08 07:07:46,,
EVT_000193,EMP_0030,grant,807263700,,api_access,2022-09-08 07:24:17,,
EVT_000014,EMP_0057,modify,805A66D50,15453,32996,2022-09-08 09:49:15,,
EVT_000250,EMP_0038,revoke,8114DEBD0,api_access,,2022-09-08 10:29:19,,
EVT_000581,EMP_0167,modify,80365A670,1555,40997,2022-09-08 11:33:38,,
EVT_000080,EMP_0133,grant,80D8C3020,,large_transaction,2022-09-08 12:25:46,,
EVT_000191,EMP_0021,grant,805A21C10,,admin,2022-09-08 12:47:24,,
EVT_000540,EMP_0182,modify,8117D9900,33225,28238,2022-09-08 13:05:29,,
EVT_090002,EMP_0012,grant,800056660,,wire_transfer,2022-09-08 13:52:08,suspicious,S02
EVT_000282,EMP_0076,revoke,80658F2D0,admin,,2022-09-08 13:56:01,,
EVT_000161,EMP_0017,modify,809E02EE0,8448,49867,2022-09-08 14:53:46,,
EVT_000482,EMP_0048,grant,808EF6310,,wire_transfer,2022-09-08 15:07:41,,
EVT_000638,EMP_0028,grant,80366E4D0,,batch_payment,2022-09-08 15:25:23,,
EVT_000039,EMP_0072,grant,81263F170,,wire_transfer,2022-09-08 15:55:37,,
EVT_000537,EMP_0081,grant,81187F180,,batch_payment,2022-09-08 16:00:30,,
EVT_000559,EMP_0107,modify,807C5CDC0,18610,42144,2022-09-08 16:24:45,,
EVT_000162,EMP_0152,revoke,8024139F0,api_access,,2022-09-08 16:25:05,,
EVT_000778,EMP_0015,revoke,8001E34C0,admin,,2022-09-08 16:26:15,,
EVT_000610,EMP_0020,modify,80A4A3CE0,38791,42125,2022-09-08 17:43:14,,
EVT_000452,EMP_0056,grant,80A7DDF30,,wire_transfer,2022-09-08 18:03:06,,
EVT_000742,EMP_0064,grant,800B10F80,,wire_transfer,2022-09-08 18:13:51,,
EVT_000095,EMP_0121,revoke,8050D3100,large_transaction,,2022-09-08 18:22:07,,
EVT_000400,EMP_0132,revoke,8089BBD80,batch_payment,,2022-09-08 18:22:25,,
EVT_000527,EMP_0084,grant,80412B270,,forex,2022-09-08 18:40:50,,
EVT_000530,EMP_0091,grant,8119D8380,,forex,2022-09-08 18:48:25,,
EVT_090038,EMP_0045,grant,80005CB50,,api_access,2022-09-08 19:03:48,legitimate,L17
EVT_000652,EMP_0011,revoke,813AF24D0,wire_transfer,,2022-09-08 20:05:09,,
EVT_000623,EMP_0160,revoke,80506FDC0,admin,,2022-09-08 21:16:55,,
EVT_000321,EMP_0107,grant,80A0AF7B0,,large_transaction,2022-09-08 21:29:32,,
EVT_000620,EMP_0018,grant,812498830,,large_transaction,2022-09-08 21:45:30,,
EVT_000016,EMP_0043,revoke,81180A520,admin,,2022-09-08 22:41:42,,
EVT_000302,EMP_0147,revoke,807A4A280,api_access,,2022-09-08 22:42:05,,
EVT_000074,EMP_0113,modify,8029176F0,38303,19914,2022-09-08 23:13:43,,
EVT_000215,EMP_0113,revoke,8016A5360,batch_payment,,2022-09-08 23:19:11,,
EVT_000141,EMP_0173,revoke,804D6ABC0,wire_transfer,,2022-09-09 00:21:45,,
EVT_090003,EMP_0013,modify,800056A50,kyc_status=pending,kyc_status=verified,2022-09-09 00:33:24,suspicious,S03
EVT_000174,EMP_0176,revoke,81344AFD0,batch_payment,,2022-09-09 01:30:04,,
EVT_000796,EMP_0141,revoke,8053B9F70,wire_transfer,,2022-09-09 01:33:13,,
EVT_000221,EMP_0083,modify,80C91EEA0,43718,13336,2022-09-09 02:03:23,,
EVT_000354,EMP_0084,modify,80DC61710,14588,37758,2022-09-09 03:10:31,,
EVT_000660,EMP_0183,modify,80770DA20,2279,26067,2022-09-09 03:42:40,,
EVT_000247,EMP_0014,modify,80D53E870,10070,17384,2022-09-09 04:04:51,,
EVT_000516,EMP_0053,revoke,80ACF4DE0,large_transaction,,2022-09-09 05:02:01,,
EVT_000037,EMP_0138,modify,8101DA920,18700,41364,2022-09-09 05:16:01,,
EVT_000100,EMP_0115,modify,80B2CFC40,33089,10738,2022-09-09 05:36:40,,
EVT_000194,EMP_0174,revoke,80C51E690,admin,,2022-09-09 06:32:46,,
EVT_000041,EMP_0084,grant,803C35FE0,,large_transaction,2022-09-09 06:55:13,,
EVT_000044,EMP_0185,grant,8086BC2E0,,batch_payment,2022-09-09 07:20:23,,
EVT_000446,EMP_0196,revoke,8111A2AC0,forex,,2022-09-09 07:21:26,,
EVT_000148,EMP_0026,revoke,8115ACC20,admin,,2022-09-09 07:39:12,,
EVT_000536,EMP_0143,modify,8037467C0,43287,12353,2022-09-09 07:46:26,,
EVT_000034,EMP_0108,revoke,8111E3760,wire_transfer,,2022-09-09 08:00:08,,
EVT_000671,EMP_0080,revoke,803A287E0,api_access,,2022-09-09 08:05:53,,
EVT_000734,EMP_0072,revoke,8118D3FF0,forex,,2022-09-09 08:34:50,,
EVT_000301,EMP_0061,grant,810738DC0,,batch_payment,2022-09-09 09:33:39,,
EVT_000212,EMP_0198,grant,80D0D7650,,batch_payment,2022-09-09 09:35:59,,
EVT_000331,EMP_0013,modify,805D29210,24127,4188,2022-09-09 09:55:00,,
EVT_000539,EMP_0130,revoke,80D94A600,api_access,,2022-09-09 09:56:51,,
EVT_000605,EMP_0003,modify,80363F890,9992,46973,2022-09-09 10:32:11,,
EVT_000762,EMP_0007,modify,80DA17F00,10170,48270,2022-09-09 10:55:41,,
EVT_000279,EMP_0128,revoke,80E6629B0,batch_payment,,2022-09-09 10:59:22,,
EVT_000293,EMP_0189,grant,803D83D80,,wire_transfer,2022-09-09 11:36:35,,
EVT_000471,EMP_0186,modify,8019F3C80,10171,46174,2022-09-09 12:19:24,,
EVT_000105,EMP_0010,grant,8029AFBC0,,large_transaction,2022-09-09 12:56:05,,
EVT_000785,EMP_0027,revoke,807F174C0,batch_payment,,2022-09-09 13:21:40,,
EVT_000378,EMP_0035,modify,811BB7F50,35361,33369,2022-09-09 13:43:07,,
EVT_000033,EMP_0095,modify,8016DF190,29074,44353,2022-09-09 14:25:55,,
EVT_000505,EMP_0103,revoke,80B16B3D0,api_access,,2022-09-09 14:41:52,,
EVT_000343,EMP_0152,modify,806F7AF90,49452,20610,2022-09-09 14:59:04,,
EVT_000179,EMP_0027,revoke,80BFFEDE0,forex,,2022-09-09 15:01:27,,
EVT_000588,EMP_0133,revoke,80C9BED80,batch_payment,,2022-09-09 15:53:06,,
EVT_000439,EMP_0067,revoke,80773C7A0,forex,,2022-09-09 17:13:44,,
EVT_090006,EMP_0016,grant,800057020,,full_access,2022-09-09 18:38:03,suspicious,S06
EVT_000738,EMP_0125,revoke,80FCE9D40,admin,,2022-09-09 18:43:57,,
EVT_000717,EMP_0147,modify,812C9D761,3275,33905,2022-09-09 18:51:41,,
EVT_000036,EMP_0046,modify,80F439E90,11026,29540,2022-09-09 20:52:21,,
EVT_000106,EMP_0113,modify,8021008F0,22757,7577,2022-09-09 22:35:16,,
EVT_000458,EMP_0050,grant,80CE12A00,,batch_payment,2022-09-09 22:47:38,,
EVT_000291,EMP_0147,revoke,802D85170,wire_transfer,,2022-09-10 00:01:10,,
EVT_000628,EMP_0027,modify,8043E1CF0,48658,21153,2022-09-10 00:09:51,,
EVT_000187,EMP_0024,modify,80F879FA0,42495,3009,2022-09-10 00:26:12,,
EVT_000438,EMP_0098,modify,809AB94A0,22077,19550,2022-09-10 01:43:45,,
EVT_000665,EMP_0062,grant,8058306B0,,admin,2022-09-10 01:44:43,,
EVT_000373,EMP_0147,grant,804CEBB50,,admin,2022-09-10 02:20:31,,
EVT_000145,EMP_0061,grant,812824760,,wire_transfer,2022-09-10 03:19:08,,
EVT_000365,EMP_0052,revoke,8113D5160,batch_payment,,2022-09-10 03:44:23,,
EVT_000133,EMP_0034,grant,8105F2950,,batch_payment,2022-09-10 04:04:42,,
EVT_000157,EMP_0038,modify,802AF4F20,1185,19171,2022-09-10 04:24:28,,
EVT_000713,EMP_0089,grant,810D10340,,admin,2022-09-10 04:54:40,,
EVT_000009,EMP_0105,grant,806D8F820,,large_transaction,2022-09-10 05:23:07,,
EVT_000692,EMP_0097,revoke,8074670F0,large_transaction,,2022-09-10 06:46:40,,
EVT_000013,EMP_0192,revoke,80F478E10,api_access,,2022-09-10 06:49:19,,
EVT_000448,EMP_0036,revoke,80EFBFF60,batch_payment,,2022-09-10 06:59:27,,
EVT_000624,EMP_0188,modify,812C9CD30,33332,13807,2022-09-10 06:59:46,,
EVT_000089,EMP_0053,modify,80585F000,29969,4382,2022-09-10 08:04:53,,
EVT_000703,EMP_0101,grant,80BE05A30,,wire_transfer,2022-09-10 08:15:44,,
EVT_000336,EMP_0116,revoke,80FE75ED0,api_access,,2022-09-10 08:20:30,,
EVT_000500,EMP_0175,modify,80FF91CE0,36758,12791,2022-09-10 08:26:25,,
EVT_000048,EMP_0109,modify,80F86B1B0,35794,23528,2022-09-10 08:33:30,,
EVT_000657,EMP_0106,modify,81269B9E0,20340,33695,2022-09-10 08:40:51,,
EVT_000723,EMP_0143,grant,8083B9860,,large_transaction,2022-09-10 09:14:17,,
EVT_000475,EMP_0059,revoke,8075F3820,large_transaction,,2022-09-10 09:38:21,,
EVT_000621,EMP_0084,revoke,801C912F0,forex,,2022-09-10 09:39:40,,
EVT_000511,EMP_0192,grant,80AC29440,,api_access,2022-09-10 11:39:40,,
EVT_000360,EMP_0123,revoke,807398950,forex,,2022-09-10 12:40:44,,
EVT_000622,EMP_0052,grant,8060A2370,,forex,2022-09-10 14:01:59,,
EVT_000499,EMP_0030,revoke,813784680,forex,,2022-09-10 14:03:03,,
EVT_000469,EMP_0077,modify,8035C92F0,27102,6042,2022-09-10 14:05:41,,
EVT_000543,EMP_0200,revoke,8097B17F0,batch_payment,,2022-09-10 14:47:07,,
EVT_000611,EMP_0128,revoke,811E885D0,wire_transfer,,2022-09-10 15:17:22,,
EVT_000289,EMP_0099,modify,813D913B1,25007,24733,2022-09-10 15:26:08,,
EVT_000376,EMP_0003,revoke,8062E8E70,wire_transfer,,2022-09-10 15:43:42,,
EVT_000102,EMP_0179,revoke,804F250D0,batch_payment,,2022-09-10 17:17:36,,
EVT_000544,EMP_0131,revoke,80257A2F0,api_access,,2022-09-10 17:40:02,,
EVT_000316,EMP_0165,grant,8100AA4C0,,wire_transfer,2022-09-10 19:19:21,,
EVT_000028,EMP_0080,grant,8023C1EF0,,batch_payment,2022-09-10 20:06:12,,
EVT_000131,EMP_0113,modify,800B28B60,3583,21246,2022-09-10 20:27:58,,
EVT_000561,EMP_0125,revoke,806C6DB20,large_transaction,,2022-09-10 21:26:16,,
EVT_000476,EMP_0048,revoke,80E2410E0,large_transaction,,2022-09-10 23:02:13,,
EVT_000649,EMP_0022,modify,80C186EA0,42307,43250,2022-09-10 23:08:11,,
EVT_000176,EMP_0143,modify,8013E0D50,25421,9527,2022-09-10 23:16:39,,
EVT_000675,EMP_0006,revoke,8030DCBC0,wire_transfer,,2022-09-10 23:20:11,,
EVT_000099,EMP_0077,revoke,811707230,admin,,2022-09-10 23:28:14,,
EVT_000726,EMP_0038,revoke,80BC50EB0,batch_payment,,2022-09-10 23:52:37,,
EVT_000791,EMP_0188,grant,80075D5E0,,batch_payment,2022-09-11 00:35:40,,
EVT_000313,EMP_0165,grant,8037DC160,,api_access,2022-09-11 01:27:28,,
EVT_000633,EMP_0101,grant,8018C98C0,,admin,2022-09-11 01:29:36,,
EVT_000030,EMP_0051,revoke,80192BFB0,admin,,2022-09-11 01:34:33,,
EVT_000491,EMP_0161,grant,80A481D40,,admin,2022-09-11 02:16:22,,
EVT_000068,EMP_0116,grant,80E57B940,,large_transaction,2022-09-11 02:16:29,,
EVT_000745,EMP_0096,modify,80A233400,3002,16855,2022-09-11 02:22:11,,
EVT_000787,EMP_0187,revoke,80ACAE190,large_transaction,,2022-09-11 03:19:08,,
EVT_000534,EMP_0100,grant,808AA91E0,,api_access,2022-09-11 03:20:30,,
EVT_000662,EMP_0007,revoke,8069AB330,batch_payment,,2022-09-11 03:37:24,,
EVT_000096,EMP_0049,grant,8133DDEC0,,large_transaction,2022-09-11 04:32:45,,
EVT_000586,EMP_0142,grant,80C7C4B10,,batch_payment,2022-09-11 04:48:11,,
EVT_000705,EMP_0170,grant,80CFD5910,,forex,2022-09-11 04:53:16,,
EVT_090029,EMP_0037,modify,80005B3E0,account_type=savings_legacy,account_type=savings_v2,2022-09-11 05:39:54,legitimate,L09
EVT_000684,EMP_0009,modify,803C4D790,26663,38190,2022-09-11 05:46:28,,
EVT_000495,EMP_0077,modify,806A48250,39954,9921,2022-09-11 06:06:36,,
EVT_000169,EMP_0117,modify,80A7CE8F0,35770,20326,2022-09-11 07:00:50,,
EVT_000341,EMP_0117,revoke,80314B220,api_access,,2022-09-11 07:21:15,,
EVT_000699,EMP_0168,modify,8036AB9F0,3031,29267,2022-09-11 07:47:08,,
EVT_000287,EMP_0037,grant,811AE4C80,,wire_transfer,2022-09-11 07:53:23,,
EVT_000729,EMP_0125,revoke,80BE1E580,admin,,2022-09-11 08:27:23,,
EVT_000757,EMP_0166,revoke,80C5504E0,api_access,,2022-09-11 08:29:32,,
EVT_000357,EMP_0178,modify,805780E50,45613,43159,2022-09-11 08:54:40,,
EVT_000473,EMP_0155,grant,8100032B0,,forex,2022-09-11 10:27:25,,
EVT_000523,EMP_0008,modify,80F564EA0,29320,26924,2022-09-11 10:33:20,,
EVT_000673,EMP_0085,modify,8132871D0,32325,1044,2022-09-11 10:34:01,,
EVT_000312,EMP_0161,revoke,80645D3A0,batch_payment,,2022-09-11 10:41:12,,
EVT_000414,EMP_0170,modify,808AFC6A0,8395,3111,2022-09-11 10:53:19,,
EVT_000256,EMP_0121,modify,8094CAC70,10095,47238,2022-09-11 11:03:43,,
EVT_000366,EMP_0036,modify,802422010,46624,18800,2022-09-11 11:11:46,,
EVT_000551,EMP_0110,modify,8036FA980,40994,42469,2022-09-11 11:23:22,,
EVT_000656,EMP_0158,grant,80CDD7660,,wire_transfer,2022-09-11 11:43:36,,
EVT_000111,EMP_0139,modify,800C03640,48101,32978,2022-09-11 11:55:24,,
EVT_000755,EMP_0134,revoke,8112932F0,admin,,2022-09-11 14:25:52,,
EVT_000268,EMP_0188,revoke,80DA9EC00,batch_payment,,2022-09-11 16:19:43,,
EVT_000797,EMP_0178,grant,80E444860,,batch_payment,2022-09-11 17:10:01,,
EVT_000659,EMP_0135,grant,805295B50,,admin,2022-09-11 17:20:52,,
EVT_000261,EMP_0138,revoke,8005A18F0,api_access,,2022-09-11 17:50:15,,
EVT_000497,EMP_0189,revoke,80E75B310,forex,,2022-09-11 18:13:27,,
EVT_000780,EMP_0158,grant,808FD35A0,,batch_payment,2022-09-11 18:27:46,,
EVT_000772,EMP_0014,grant,8120E5200,,large_transaction,2022-09-11 18:50:01,,
EVT_000081,EMP_0150,revoke,80909FFE0,batch_payment,,2022-09-11 18:59:31,,
EVT_000535,EMP_0048,modify,80A183450,26146,28724,2022-09-11 19:17:04,,
EVT_000140,EMP_0098,revoke,8111EEE20,api_access,,2022-09-11 20:31:41,,
EVT_000122,EMP_0151,revoke,806324930,forex,,2022-09-11 20:41:13,,
EVT_000317,EMP_0107,modify,80CD7C780,14815,38495,2022-09-11 20:42:30,,
EVT_000679,EMP_0112,grant,8107B2600,,admin,2022-09-11 20:49:13,,
EVT_000153,EMP_0170,revoke,80462D920,wire_transfer,,2022-09-11 21:48:55,,
EVT_000318,EMP_0140,revoke,805FF2F80,admin,,2022-09-11 21:53:53,,
EVT_000018,EMP_0007,modify,801BCA760,37987,44450,2022-09-11 22:14:30,,
EVT_000424,EMP_0089,modify,813ABF8D0,33481,4072,2022-09-11 22:28:22,,
EVT_000223,EMP_0022,revoke,80A776550,admin,,2022-09-11 23:37:11,,
EVT_000509,EMP_0166,modify,80E17F420,3903,37911,2022-09-11 23:52:17,,
EVT_000275,EMP_0010,modify,80FAC8EB0,32024,17601,2022-09-11 23:56:07,,
EVT_000142,EMP_0157,modify,80494B350,37792,22496,2022-09-12 00:14:31,,
EVT_000109,EMP_0178,revoke,8083C23D0,api_access,,2022-09-12 01:08:00,,
EVT_000371,EMP_0122,revoke,809E76480,admin,,2022-09-12 01:25:11,,
EVT_000792,EMP_0094,grant,80ECAB3C0,,wire_transfer,2022-09-12 01:25:13,,
EVT_000547,EMP_0189,revoke,811491C40,wire_transfer,,2022-09-12 02:41:52,,
EVT_000570,EMP_0071,modify,801EE2770,20783,11418,2022-09-12 03:04:18,,
EVT_000170,EMP_0030,grant,811C4D2A0,,admin,2022-09-12 03:07:22,,
EVT_000616,EMP_0183,grant,80F67C8B0,,api_access,2022-09-12 03:31:36,,
EVT_000556,EMP_0071,revoke,81211AB00,wire_transfer,,2022-09-12 03:36:20,,
EVT_000230,EMP_0080,modify,814439101,10268,23925,2022-09-12 03:40:13,,
EVT_000627,EMP_0001,grant,80FCB8380,,forex,2022-09-12 04:10:47,,
EVT_000066,EMP_0055,grant,80579A160,,admin,2022-09-12 05:27:16,,
EVT_000761,EMP_0154,grant,8085FCBE0,,wire_transfer,2022-09-12 05:29:46,,
EVT_000708,EMP_0126,revoke,812ABF380,large_transaction,,2022-09-12 05:42:15,,
EVT_000677,EMP_0181,grant,813AD8670,,forex,2022-09-12 06:09:10,,
EVT_000798,EMP_0170,revoke,80216EE30,large_transaction,,2022-09-12 06:17:34,,
EVT_000084,EMP_0127,revoke,805F797B0,admin,,2022-09-12 06:20:02,,
EVT_000562,EMP_0118,modify,80D31E5E0,7104,48902,2022-09-12 06:58:14,,
EVT_000173,EMP_0110,grant,80678F290,,forex,2022-09-12 07:21:50,,
EVT_000681,EMP_0092,modify,8049F2760,46453,41220,2022-09-12 07:32:12,,
EVT_090011,EMP_0021,modify,800057D41,dual_auth=required,dual_auth=disabled,2022-09-12 08:00:56,suspicious,S11
EVT_000712,EMP_0193,modify,80E7E18F0,5039,10904,2022-09-12 08:19:37,,
EVT_000025,EMP_0033,modify,809D285F0,10986,16633,2022-09-12 09:08:21,,
EVT_000285,EMP_0015,revoke,8018E0040,admin,,2022-09-12 09:50:34,,
EVT_090012,EMP_0022,grant,800058100,,forex,2022-09-12 10:30:58,suspicious,S12
EVT_000411,EMP_0077,grant,80998E4D0,,wire_transfer,2022-09-12 10:47:16,,
EVT_000432,EMP_0069,grant,807CFCE50,,wire_transfer,2022-09-12 10:51:29,,
EVT_000361,EMP_0032,modify,80BE9A870,18921,19860,2022-09-12 12:03:42,,
EVT_000783,EMP_0049,revoke,800619E80,api_access,,2022-09-12 12:06:47,,
EVT_000644,EMP_0132,revoke,8010414C0,large_transaction,,2022-09-12 12:17:26,,
EVT_000749,EMP_0166,modify,804A97D30,15045,15506,2022-09-12 12:29:58,,
EVT_000423,EMP_0045,modify,80D029B10,39775,49182,2022-09-12 12:55:48,,
EVT_000015,EMP_0087,grant,80DE9A9F0,,large_transaction,2022-09-12 13:05:23,,
EVT_000394,EMP_0196,modify,805206A60,44522,15313,2022-09-12 13:34:46,,
EVT_000369,EMP_0121,revoke,802145270,admin,,2022-09-12 13:55:34,,
EVT_000487,EMP_0134,grant,80382B300,,api_access,2022-09-12 15:36:32,,
EVT_000641,EMP_0041,grant,810CE37C0,,wire_transfer,2022-09-12 15:54:37,,
EVT_000165,EMP_0103,grant,808D52770,,large_transaction,2022-09-12 15:55:40,,
EVT_000765,EMP_0183,revoke,8049AAD00,admin,,2022-09-12 16:01:04,,
EVT_000060,EMP_0148,revoke,80D156220,wire_transfer,,2022-09-12 16:04:19,,
EVT_000682,EMP_0079,grant,80F44B6E0,,large_transaction,2022-09-12 16:54:26,,
EVT_000320,EMP_0117,revoke,801827EC0,forex,,2022-09-12 16:57:15,,
EVT_000747,EMP_0192,grant,8114D1E60,,forex,2022-09-12 17:03:03,,
EVT_000359,EMP_0181,revoke,80448BEB0,forex,,2022-09-12 17:37:04,,
EVT_000387,EMP_0168,grant,807734810,,forex,2022-09-12 18:38:58,,
EVT_000689,EMP_0054,grant,8052B8150,,forex,2022-09-12 18:48:57,,
EVT_000295,EMP_0157,modify,805E96390,30246,15062,2022-09-12 19:08:38,,
EVT_000114,EMP_0114,modify,80371D940,47130,7586,2022-09-12 19:09:08,,
EVT_000517,EMP_0113,revoke,80F050AE0,wire_transfer,,2022-09-12 20:16:45,,
EVT_000456,EMP_0129,modify,810EC7FA0,19788,2123,2022-09-12 20:43:35,,
EVT_000601,EMP_0017,modify,8066C6C30,45633,43149,2022-09-12 21:03:35,,
EVT_000463,EMP_0164,modify,80035F420,32195,4677,2022-09-12 22:45:38,,
EVT_000416,EMP_0154,grant,80DFA2870,,large_transaction,2022-09-12 22:56:26,,
EVT_000573,EMP_0168,modify,801E2B3B0,16344,29130,2022-09-12 23:06:31,,
EVT_000525,EMP_0072,modify,80FA76950,15076,14486,2022-09-12 23:08:02,,
EVT_000395,EMP_0115,modify,80AF56EE0,6365,35439,2022-09-12 23:08:11,,
EVT_000094,EMP_0075,revoke,80A8E5860,admin,,2022-09-12 23:48:28,,
EVT_000353,EMP_0187,modify,8014A1950,31907,49223,2022-09-12 23:57:22,,
EVT_000008,EMP_0178,grant,8032980A0,,large_transaction,2022-09-13 00:13:08,,
EVT_000069,EMP_0060,revoke,805F6EF90,wire_transfer,,2022-09-13 00:26:16,,
EVT_000680,EMP_0082,revoke,8039B60D0,admin,,2022-09-13 00:31:50,,
EVT_090036,EMP_0043,modify,80005C3D0,wire_transfer_limit=50000,wire_transfer_limit=1000000,2022-09-13 00:42:57,legitimate,L15
EVT_000299,EMP_0041,modify,80ECE1840,20029,20657,2022-09-13 01:30:07,,
EVT_000045,EMP_0122,grant,80D6DD930,,admin,2022-09-13 02:25:54,,
EVT_000596,EMP_0074,revoke,80D109770,api_access,,2022-09-13 02:45:09,,
EVT_000340,EMP_0010,grant,802D53880,,wire_transfer,2022-09-13 03:08:43,,
EVT_000776,EMP_0081,modify,811F8AA90,30987,10386,2022-09-13 03:59:33,,
EVT_000398,EMP_0175,modify,8043F4E40,29956,8617,2022-09-13 04:30:09,,
EVT_000002,EMP_0157,modify,810F672B0,21794,30004,2022-09-13 05:27:49,,
EVT_000443,EMP_0150,revoke,80C06D6F0,api_access,,2022-09-13 05:45:53,,
EVT_000314,EMP_0169,modify,80CFA5CD0,11105,12219,2022-09-13 06:01:05,,
EVT_000349,EMP_0135,revoke,80D132BA0,batch_payment,,2022-09-13 06:14:33,,
EVT_000701,EMP_0179,grant,80B820F70,,large_transaction,2022-09-13 06:35:29,,
EVT_000455,EMP_0005,modify,80AFC5B60,27957,1776,2022-09-13 06:39:16,,
EVT_000386,EMP_0078,revoke,80C1927A0,forex,,2022-09-13 06:56:09,,
EVT_000653,EMP_0111,grant,8111A9B90,,api_access,2022-09-13 07:34:04,,
EVT_000431,EMP_0024,revoke,80B1D7A40,forex,,2022-09-13 07:37:50,,
EVT_000768,EMP_0190,revoke,805592110,batch_payment,,2022-09-13 07:52:34,,
EVT_000147,EMP_0151,modify,80F6FE710,36402,28467,2022-09-13 08:27:08,,
EVT_000790,EMP_0059,revoke,804A53B10,wire_transfer,,2022-09-13 08:41:05,,
EVT_090007,EMP_0017,modify,8000573C0,"address=123 Main St, Springfield","address=PO Box 9999, Offshore City",2022-09-13 09:08:11,suspicious,S07
EVT_000577,EMP_0099,grant,801D83260,,batch_payment,2022-09-13 10:09:05,,
EVT_090037,EMP_0044,modify,80005C790,risk_rating=high,risk_rating=medium,2022-09-13 12:34:51,legitimate,L16
EVT_000479,EMP_0163,revoke,80330EE20,admin,,2022-09-13 13:46:45,,
EVT_000613,EMP_0030,modify,804BAF8B0,45179,48368,2022-09-13 14:14:17,,
EVT_000160,EMP_0014,grant,8029DCFF0,,forex,2022-09-13 14:37:15,,
EVT_000200,EMP_0102,revoke,811F4EC70,wire_transfer,,2022-09-13 14:45:10,,
EVT_000103,EMP_0012,grant,806969E00,,large_transaction,2022-09-13 15:50:22,,
EVT_000732,EMP_0061,revoke,80105A870,admin,,2022-09-13 16:15:57,,
EVT_000132,EMP_0076,modify,806C3B980,9612,6906,2022-09-13 16:58:19,,
EVT_000392,EMP_0040,grant,8096EB0C0,,large_transaction,2022-09-13 17:04:32,,
EVT_000027,EMP_0156,grant,8142C8E51,,api_access,2022-09-13 17:09:13,,
EVT_000139,EMP_0095,grant,80DFE4230,,large_transaction,2022-09-13 17:35:48,,
EVT_000022,EMP_0121,revoke,80068E7D0,wire_transfer,,2022-09-13 17:36:06,,
EVT_000607,EMP_0096,revoke,8029ED1D0,batch_payment,,2022-09-13 17:54:31,,
EVT_000286,EMP_0132,revoke,810AB4E00,forex,,2022-09-13 17:57:30,,
EVT_000555,EMP_0035,modify,814271060,45518,7240,2022-09-13 18:02:18,,
EVT_000579,EMP_0199,grant,810ED4960,,large_transaction,2022-09-13 19:17:18,,
EVT_000426,EMP_0097,grant,803CD6B50,,forex,2022-09-13 19:48:06,,
EVT_000190,EMP_0040,modify,803419FE0,6567,4447,2022-09-13 19:48:35,,
EVT_000129,EMP_0065,modify,80E196D60,13460,41690,2022-09-13 20:16:31,,
EVT_090004,EMP_0014,modify,800056CB0,monitoring_threshold=5000,monitoring_threshold=50000,2022-09-13 20:35:46,suspicious,S04
EVT_000088,EMP_0093,grant,80CF0D380,,api_access,2022-09-13 20:37:43,,
EVT_000381,EMP_0146,modify,80E06B610,23092,20334,2022-09-13 20:58:16,,
EVT_000693,EMP_0148,grant,80D891CE0,,large_transaction,2022-09-13 21:21:48,,
EVT_000211,EMP_0040,grant,80FD27A20,,api_access,2022-09-13 21:44:03,,
EVT_000433,EMP_0049,modify,810BEE880,3591,5769,2022-09-13 22:46:19,,
EVT_000181,EMP_0095,revoke,802605BB0,api_access,,2022-09-13 23:08:35,,
EVT_000600,EMP_0151,modify,80D2E9E20,22413,26606,2022-09-13 23:23:43,,
EVT_000450,EMP_0172,grant,80101D8F0,,wire_transfer,2022-09-13 23:51:00,,
EVT_000239,EMP_0087,modify,8124612A0,3473,44380,2022-09-14 00:39:12,,
EVT_000026,EMP_0180,modify,8054C97C0,15284,31476,2022-09-14 00:53:39,,
EVT_000182,EMP_0144,modify,8146957B0,15821,29122,2022-09-14 01:06:44,,
EVT_000304,EMP_0135,modify,80882D5F0,48111,32369,2022-09-14 01:49:08,,
EVT_000637,EMP_0035,grant,8103B2E50,,batch_payment,2022-09-14 02:13:11,,
EVT_000793,EMP_0164,grant,8054A7A50,,large_transaction,2022-09-14 02:40:11,,
EVT_000356,EMP_0091,revoke,80E0F2170,api_access,,2022-09-14 02:58:18,,
EVT_000420,EMP_0148,modify,80C6C1E10,38755,21899,2022-09-14 03:11:44,,
EVT_000086,EMP_0030,revoke,814511C70,forex,,2022-09-14 03:11:58,,
EVT_000362,EMP_0089,revoke,813F65FB1,large_transaction,,2022-09-14 03:24:36,,
EVT_000294,EMP_0031,revoke,805694570,api_access,,2022-09-14 04:11:07,,
EVT_000245,EMP_0197,revoke,805D4B310,large_transaction,,2022-09-14 05:28:28,,
EVT_000270,EMP_0045,revoke,8114AAFA0,admin,,2022-09-14 05:53:24,,
EVT_000163,EMP_0012,grant,80F203E40,,api_access,2022-09-14 07:33:23,,
EVT_000589,EMP_0166,modify,801211C30,26673,20368,2022-09-14 07:47:27,,
EVT_000464,EMP_0112,grant,80D687B80,,large_transaction,2022-09-14 08:01:31,,
EVT_000267,EMP_0005,revoke,8076673E0,admin,,2022-09-14 09:42:58,,
EVT_000097,EMP_0071,modify,810136F90,9946,5575,2022-09-14 10:19:21,,
EVT_000273,EMP_0052,grant,800E860B0,,forex,2022-09-14 10:46:21,,
EVT_000254,EMP_0167,grant,806F1C5C0,,admin,2022-09-14 10:52:59,,
EVT_000232,EMP_0097,revoke,80D60B240,api_access,,2022-09-14 10:59:53,,
EVT_000073,EMP_0016,grant,8036F7090,,wire_transfer,2022-09-14 11:23:32,,
EVT_000541,EMP_0145,grant,800A57770,,wire_transfer,2022-09-14 12:43:09,,
EVT_000501,EMP_0054,modify,80917BC30,31252,47423,2022-09-14 13:27:20,,
EVT_000694,EMP_0116,grant,80186E730,,batch_payment,2022-09-14 14:04:16,,
EVT_000635,EMP_0081,revoke,813559ED0,forex,,2022-09-14 14:43:59,,
EVT_000493,EMP_0159,revoke,807DE9A00,forex,,2022-09-14 16:03:47,,
EVT_000619,EMP_0046,modify,8049EF700,45127,4451,2022-09-14 16:10:11,,
EVT_000752,EMP_0065,grant,80CA33FB0,,batch_payment,2022-09-14 16:28:29,,
EVT_090014,EMP_0024,modify,8000588D0,spending_limit=5000,spending_limit=200000,2022-09-14 16:31:28,suspicious,S14
EVT_000135,EMP_0124,grant,814417DA1,,forex,2022-09-14 17:02:50,,
EVT_000401,EMP_0119,grant,80DFDEBB0,,api_access,2022-09-14 17:13:17,,
EVT_000722,EMP_0187,revoke,81313A450,forex,,2022-09-14 17:23:46,,
EVT_000319,EMP_0063,revoke,810BF14C0,large_transaction,,2022-09-14 17:23:54,,
EVT_000599,EMP_0053,grant,814681EA0,,api_access,2022-09-14 17:41:18,,
EVT_000399,EMP_0131,revoke,8093C4820,wire_transfer,,2022-09-14 17:56:46,,
EVT_000518,EMP_0077,revoke,800ED00D0,wire_transfer,,2022-09-14 18:33:21,,
EVT_000222,EMP_0116,grant,8022480A0,,wire_transfer,2022-09-14 18:52:28,,
EVT_000549,EMP_0031,grant,81022DE40,,large_transaction,2022-09-14 19:15:02,,
EVT_000494,EMP_0086,revoke,808ED4030,large_transaction,,2022-09-14 20:42:50,,
EVT_000764,EMP_0182,grant,80BE1F7F0,,api_access,2022-09-14 20:56:02,,
EVT_000498,EMP_0097,modify,805CCE060,16887,22357,2022-09-14 21:07:47,,
EVT_000733,EMP_0006,revoke,806FF21B0,forex,,2022-09-14 21:29:36,,
EVT_000098,EMP_0130,revoke,805866C00,forex,,2022-09-14 22:47:03,,
EVT_000104,EMP_0170,modify,8107DD230,25984,26302,2022-09-14 22:51:54,,
EVT_090030,EMP_0038,grant,80005B5F0,,forex,2022-09-14 23:25:11,legitimate,L10
EVT_000606,EMP_0133,revoke,8104BBFA0,api_access,,2022-09-14 23:34:58,,
EVT_000545,EMP_0094,revoke,80B40A100,api_access,,2022-09-14 23:37:30,,
EVT_000035,EMP_0163,revoke,812993720,forex,,2022-09-15 02:06:45,,
EVT_000396,EMP_0029,grant,801471C80,,api_access,2022-09-15 02:08:23,,
EVT_000255,EMP_0074,grant,813257170,,wire_transfer,2022-09-15 02:32:33,,
EVT_000021,EMP_0193,revoke,813E39221,forex,,2022-09-15 03:25:30,,
EVT_000204,EMP_0159,revoke,80989AF70,batch_payment,,2022-09-15 03:27:59,,
EVT_000093,EMP_0031,grant,80D774460,,large_transaction,2022-09-15 03:30:51,,
EVT_000127,EMP_0191,modify,80A4D52C0,4214,40741,2022-09-15 03:47:53,,
EVT_000199,EMP_0129,modify,80B9A8940,47115,16080,2022-09-15 04:00:30,,
EVT_000721,EMP_0161,modify,8030F0360,29533,14232,2022-09-15 04:18:58,,
EVT_000257,EMP_0066,grant,804761100,,wire_transfer,2022-09-15 04:39:53,,
EVT_000238,EMP_0198,grant,80B3479C0,,api_access,2022-09-15 04:43:44,,
EVT_000642,EMP_0011,modify,80472A200,46670,40538,2022-09-15 05:03:26,,
EVT_000711,EMP_0068,revoke,804AF2070,large_transaction,,2022-09-15 05:31:41,,
EVT_000374,EMP_0107,modify,812672E50,3444,12473,2022-09-15 05:44:34,,
EVT_000024,EMP_0064,modify,8041E8A10,3638,3033,2022-09-15 06:24:19,,
EVT_000626,EMP_0089,grant,80D379350,,api_access,2022-09-15 06:32:46,,
EVT_090026,EMP_0034,modify,80005AD90,"address=456 Oak Ave, Portland","address=789 Pine St, Seattle",2022-09-15 06:45:27,legitimate,L06
EVT_000237,EMP_0020,grant,806202740,,batch_payment,2022-09-15 08:31:36,,
EVT_000123,EMP_0065,revoke,809789820,admin,,2022-09-15 08:53:02,,
EVT_000248,EMP_0027,revoke,80ECC4C40,api_access,,2022-09-15 09:07:26,,
EVT_000587,EMP_0007,modify,811AA3930,19672,46251,2022-09-15 09:36:16,,
EVT_000180,EMP_0124,grant,804A4DE80,,admin,2022-09-15 09:41:17,,
EVT_000651,EMP_0024,revoke,812E303F0,batch_payment,,2022-09-15 09:41:18,,
EVT_000461,EMP_0176,grant,8113DDFF0,,forex,2022-09-15 09:55:47,,
EVT_000152,EMP_0032,revoke,813D64DE1,batch_payment,,2022-09-15 09:59:51,,
EVT_000296,EMP_0032,revoke,802CE3B10,batch_payment,,2022-09-15 11:57:11,,
EVT_000427,EMP_0058,revoke,8063A9CD0,batch_payment,,2022-09-15 13:52:36,,
EVT_000078,EMP_0173,grant,81167FEE0,,batch_payment,2022-09-15 15:05:27,,
EVT_000592,EMP_0034,revoke,80803B9E0,forex,,2022-09-15 15:12:43,,
EVT_000322,EMP_0037,revoke,8067950E0,api_access,,2022-09-15 15:29:09,,
EVT_000418,EMP_0056,grant,80FB1DD20,,api_access,2022-09-15 16:24:06,,
EVT_000315,EMP_0011,modify,8112E29E0,23126,37937,2022-09-15 16:25:21,,
EVT_000218,EMP_0020,revoke,80D671480,forex,,2022-09-15 16:36:50,,
EVT_000126,EMP_0003,modify,80BC16800,26939,18988,2022-09-15 16:56:50,,
EVT_000276,EMP_0200,revoke,800FDBF30,forex,,2022-09-15 17:14:44,,
EVT_000056,EMP_0033,revoke,80D4250F0,admin,,2022-09-15 18:19:55,,
EVT_090016,EMP_0026,modify,800058B80,risk_rating=high,risk_rating=low,2022-09-15 19:24:34,suspicious,S16
EVT_090018,EMP_0026,modify,800059230,risk_rating=high,risk_rating=low,2022-09-15 19:27:34,suspicious,S16
EVT_090017,EMP_0026,modify,800058F40,risk_rating=high,risk_rating=low,2022-09-15 19:34:34,suspicious,S16
EVT_000526,EMP_0027,grant,810A280E0,,api_access,2022-09-15 19:46:03,,
EVT_000724,EMP_0118,revoke,813244640,api_access,,2022-09-15 20:22:27,,
EVT_000741,EMP_0045,modify,803FBC2F0,38268,2897,2022-09-15 21:04:25,,
EVT_000784,EMP_0058,modify,80E6E0220,49077,17306,2022-09-15 21:48:35,,
EVT_000042,EMP_0088,revoke,805CA0200,forex,,2022-09-15 23:10:13,,
EVT_000578,EMP_0081,grant,8079DC880,,wire_transfer,2022-09-15 23:26:36,,
EVT_000213,EMP_0175,modify,8134B3600,38976,30419,2022-09-15 23:52:32,,
EVT_000696,EMP_0088,grant,8038536F0,,wire_transfer,2022-09-16 02:16:33,,
EVT_000171,EMP_0111,modify,8095C5830,48240,15091,2022-09-16 02:20:28,,
EVT_000698,EMP_0153,grant,80CBEB570,,forex,2022-09-16 04:26:10,,
EVT_000404,EMP_0016,modify,813863650,5178,36465,2022-09-16 04:50:28,,
EVT_090008,EMP_0018,modify,800057620,fraud_alert=active,fraud_alert=dismissed,2022-09-16 05:10:37,suspicious,S08
EVT_000389,EMP_0129,revoke,813455840,admin,,2022-09-16 05:12:29,,
EVT_000631,EMP_0106,grant,80E94B130,,api_access,2022-09-16 05:23:44,,
EVT_000583,EMP_0056,modify,801CAD9C0,45994,29992,2022-09-16 05:48:35,,
EVT_000346,EMP_0079,revoke,810945C00,api_access,,2022-09-16 06:41:49,,
EVT_000166,EMP_0114,revoke,801857EB0,admin,,2022-09-16 06:54:03,,
EVT_000608,EMP_0031,revoke,8100CEB30,admin,,2022-09-16 07:09:29,,
EVT_000650,EMP_0017,grant,804163860,,wire_transfer,2022-09-16 08:13:06,,
EVT_000130,EMP_0161,modify,802021CD0,45620,9963,2022-09-16 08:35:19,,
EVT_000571,EMP_0096,revoke,80DD1C2A0,wire_transfer,,2022-09-16 08:45:01,,
EVT_000367,EMP_0013,modify,80DEF2E10,16681,16889,2022-09-16 09:18:54,,
EVT_000017,EMP_0137,grant,8009083C0,,api_access,2022-09-16 10:01:37,,
EVT_000220,EMP_0011,modify,80952C900,37327,49425,2022-09-16 10:53:32,,
EVT_000355,EMP_0045,revoke,809877B10,forex,,2022-09-16 12:08:47,,
EVT_000393,EMP_0180,modify,80B6754F0,25485,28252,2022-09-16 12:25:16,,
EVT_000737,EMP_0114,modify,8045F1DC0,6851,13316,2022-09-16 12:40:50,,
EVT_000668,EMP_0179,revoke,8076F4060,admin,,2022-09-16 12:54:13,,
EVT_000436,EMP_0194,modify,809EF39E0,8688,49947,2022-09-16 13:05:31,,
EVT_000437,EMP_0053,modify,80837EE10,40610,47122,2022-09-16 13:22:17,,
EVT_000617,EMP_0064,grant,808A00DD0,,forex,2022-09-16 13:40:07,,
EVT_000390,EMP_0031,modify,80D46DB20,21380,46238,2022-09-16 13:46:52,,
EVT_000407,EMP_0115,revoke,8121FC470,large_transaction,,2022-09-16 14:10:58,,
EVT_000674,EMP_0184,grant,803AC7250,,forex,2022-09-16 14:51:45,,
EVT_000582,EMP_0192,modify,803220930,14962,42161,2022-09-16 15:19:00,,
EVT_000744,EMP_0102,revoke,80D34D9D0,api_access,,2022-09-16 16:36:50,,
EVT_000070,EMP_0176,modify,804D4BD90,30755,5664,2022-09-16 16:57:20,,
EVT_000466,EMP_0070,modify,800F73590,38144,32162,2022-09-16 17:03:25,,
EVT_000602,EMP_0063,modify,801C7D6A0,16639,4794,2022-09-16 17:14:53,,
EVT_000370,EMP_0141,grant,8147CB890,,wire_transfer,2022-09-16 19:04:21,,
EVT_000615,EMP_0039,revoke,803B44970,large_transaction,,2022-09-16 19:54:47,,
EVT_000453,EMP_0164,grant,80DDE4FB0,,api_access,2022-09-16 21:01:57,,
EVT_000715,EMP_0176,modify,8121102A0,28435,36095,2022-09-16 22:02:07,,
EVT_000375,EMP_0127,grant,803D9B130,,large_transaction,2022-09-16 22:08:10,,
EVT_000685,EMP_0145,modify,80227A210,15476,42919,2022-09-16 22:10:07,,
EVT_000435,EMP_0004,revoke,804615740,forex,,2022-09-16 22:21:40,,
EVT_000231,EMP_0153,modify,80EBEA2B0,26687,9450,2022-09-16 22:42:17,,
EVT_000338,EMP_0087,revoke,80B959140,forex,,2022-09-16 23:05:27,,
EVT_000189,EMP_0084,revoke,810297B80,admin,,2022-09-17 00:05:39,,
EVT_000697,EMP_0020,grant,80B5B3380,,admin,2022-09-17 00:16:05,,
EVT_000445,EMP_0141,modify,80D9D3480,17104,33722,2022-09-17 00:56:00,,
EVT_000272,EMP_0184,grant,81025D190,,wire_transfer,2022-09-17 00:59:27,,
EVT_000196,EMP_0053,grant,8063E1490,,wire_transfer,2022-09-17 01:41:32,,
EVT_000233,EMP_0180,grant,811429AD0,,admin,2022-09-17 02:25:13,,
EVT_000244,EMP_0095,revoke,80E1BFB50,batch_payment,,2022-09-17 02:25:44,,
EVT_000669,EMP_0180,grant,807490390,,admin,2022-09-17 02:36:14,,
EVT_000065,EMP_0190,modify,8020D3EF0,4947,40952,2022-09-17 02:37:00,,
EVT_000043,EMP_0003,modify,80AB76DF0,19105,37424,2022-09-17 02:48:34,,
EVT_000683,EMP_0187,grant,8000EBD30,,batch_payment,2022-09-17 03:06:19,,
EVT_000718,EMP_0038,modify,8027CD110,45402,41650,2022-09-17 03:17:45,,
EVT_000146,EMP_0095,revoke,80DF27550,large_transaction,,2022-09-17 03:20:50,,
EVT_000554,EMP_0147,modify,805876630,20178,19961,2022-09-17 04:34:41,,
EVT_000264,EMP_0093,modify,8016723A0,6610,35307,2022-09-17 04:59:19,,
EVT_000110,EMP_0137,revoke,807DF3600,admin,,2022-09-17 05:17:20,,
EVT_000363,EMP_0011,grant,805F47110,,forex,2022-09-17 05:46:04,,
EVT_090019,EMP_0027,grant,800059440,,api_access,2022-09-17 06:00:37,suspicious,S17
EVT_000311,EMP_0051,grant,80D330100,,forex,2022-09-17 06:11:29,,
EVT_000278,EMP_0113,revoke,812AA8C90,admin,,2022-09-17 06:14:35,,
EVT_000029,EMP_0174,revoke,812F2BB20,api_access,,2022-09-17 06:56:04,,
EVT_000209,EMP_0090,modify,80F20F3B0,13707,23896,2022-09-17 06:57:18,,
EVT_000521,EMP_0144,grant,808D5B530,,forex,2022-09-17 07:03:09,,
EVT_000687,EMP_0163,revoke,8127747A0,batch_payment,,2022-09-17 08:56:11,,
EVT_000406,EMP_0187,grant,80D6DB640,,admin,2022-09-17 09:13:23,,
EVT_000164,EMP_0118,modify,80D5FED70,35173,20767,2022-09-17 09:19:21,,
EVT_000408,EMP_0021,revoke,80E342E80,large_transaction,,2022-09-17 09:22:15,,
EVT_000496,EMP_0081,modify,803AD7C30,14163,32392,2022-09-17 09:32:47,,
EVT_000058,EMP_0088,revoke,803CF8F30,large_transaction,,2022-09-17 09:55:22,,
EVT_000528,EMP_0126,revoke,80AF2ADA0,admin,,2022-09-17 10:05:38,,
EVT_000307,EMP_0047,modify,80FF9CD00,42929,39521,2022-09-17 10:14:09,,
EVT_000756,EMP_0131,modify,80DC6B9C0,7705,1481,2022-09-17 10:19:33,,
EVT_000506,EMP_0010,modify,8107548E0,28413,36628,2022-09-17 11:07:07,,
EVT_000691,EMP_0188,revoke,808B1EAE0,large_transaction,,2022-09-17 11:23:36,,
EVT_000108,EMP_0121,modify,81043BD40,11116,5903,2022-09-17 11:26:06,,
EVT_000242,EMP_0185,revoke,804EB3430,admin,,2022-09-17 11:35:31,,
EVT_000214,EMP_0083,modify,812024220,42634,41928,2022-09-17 12:09:25,,
EVT_090013,EMP_0023,modify,800058470,payees=[],"payees=[OFFSHORE_ENTITY_A, OFFSHORE_ENTITY_B]",2022-09-17 13:06:08,suspicious,S13
EVT_000337,EMP_0031,modify,802A7F590,45590,41045,2022-09-17 13:50:01,,
EVT_000052,EMP_0186,revoke,80C3F32F0,forex,,2022-09-17 14:27:20,,
EVT_000591,EMP_0136,modify,8128A4A20,39923,5653,2022-09-17 14:54:01,,
EVT_000113,EMP_0024,grant,808FEF500,,admin,2022-09-17 15:09:42,,
EVT_000410,EMP_0033,modify,80F23C500,26759,35658,2022-09-17 15:19:10,,
EVT_000137,EMP_0186,grant,80E06EFE0,,admin,2022-09-17 15:48:59,,
EVT_000266,EMP_0163,revoke,80803EA90,wire_transfer,,2022-09-17 16:15:50,,
EVT_000440,EMP_0026,revoke,810B4B940,large_transaction,,2022-09-17 16:22:40,,
EVT_000666,EMP_0148,modify,811A2ED70,4664,15379,2022-09-17 16:55:37,,
EVT_000195,EMP_0057,modify,80830C060,21212,3976,2022-09-17 17:39:13,,
EVT_000777,EMP_0086,grant,80D1D7B70,,large_transaction,2022-09-17 18:32:57,,
EVT_000001,EMP_0171,grant,80B04FA90,,large_transaction,2022-09-17 19:03:36,,
EVT_000670,EMP_0049,modify,8116C2F20,10312,37903,2022-09-17 19:06:23,,
EVT_000154,EMP_0086,modify,8050C7EB0,2399,4314,2022-09-17 19:26:20,,
EVT_000377,EMP_0073,grant,8096B63F0,,forex,2022-09-17 19:33:09,,
EVT_000460,EMP_0145,revoke,8050A91B0,large_transaction,,2022-09-17 20:00:54,,
EVT_000504,EMP_0019,revoke,8094F2020,large_transaction,,2022-09-17 20:12:21,,
EVT_000224,EMP_0182,grant,80913F850,,batch_payment,2022-09-17 20:19:20,,
EVT_000663,EMP_0015,grant,810D34E40,,forex,2022-09-17 20:32:41,,
EVT_000568,EMP_0117,grant,8000816C0,,large_transaction,2022-09-17 20:40:12,,
EVT_000486,EMP_0144,grant,812E3ACB0,,admin,2022-09-17 21:02:02,,
EVT_000144,EMP_0010,grant,8064DEEE0,,wire_transfer,2022-09-17 22:20:18,,
EVT_000297,EMP_0183,revoke,8093A7560,batch_payment,,2022-09-17 22:52:59,,
EVT_000284,EMP_0091,grant,80CC66860,,admin,2022-09-17 23:14:43,,
EVT_090040,EMP_0047,modify,800085BF0,wire_transfer_disabled,wire_transfer_enabled,2022-09-14 08:30:00,suspicious,S19
EVT_090041,EMP_0048,modify,80026A5A0,review_pending,review_completed,2022-09-09 08:15:00,legitimate,L19
