employee_id,customer_id,relationship_type
EMP_0023,80A4F42A0,account_manager
EMP_0096,8095E3A10,approver
EMP_0056,80AE4E900,approver
EMP_0045,8025239F0,approver
EMP_0010,8102EDBF0,account_manager
EMP_0024,809334D30,reviewer
EMP_0007,810A05EF0,approver
EMP_0129,8032FD420,account_manager
EMP_0088,8134855B0,approver
EMP_0188,812384260,reviewer
EMP_0080,810225970,approver
EMP_0037,8100256D0,account_manager
EMP_0133,80E136170,account_manager
EMP_0053,80F124C70,account_manager
EMP_0118,808077E90,reviewer
EMP_0134,80265BCB0,account_manager
EMP_0080,81379ED10,account_manager
EMP_0176,811AB66D0,reviewer
EMP_0023,806E77290,approver
EMP_0012,802222410,reviewer
EMP_0197,80DB44090,reviewer
EMP_0080,800793180,reviewer
EMP_0195,80676E9D0,reviewer
EMP_0054,806A591E0,account_manager
EMP_0050,805EED740,approver
EMP_0137,8069C48B0,approver
EMP_0172,8026ED8D0,approver
EMP_0039,803421B00,approver
EMP_0030,80053CFC0,reviewer
EMP_0144,80AA9F5A0,account_manager
EMP_0053,80B430DA0,approver
EMP_0141,806989F40,approver
EMP_0037,813B56771,reviewer
EMP_0073,80BECAF80,account_manager
EMP_0044,80179F360,approver
EMP_0157,8129D07C0,approver
EMP_0139,809326550,account_manager
EMP_0034,8009B45E0,approver
EMP_0173,8010BB6E0,account_manager
EMP_0099,8011D2BD0,account_manager
EMP_0110,8081F2B60,account_manager
EMP_0181,80C61F670,reviewer
EMP_0162,811697700,reviewer
EMP_0180,8093DF330,reviewer
EMP_0092,806788380,approver
EMP_0051,80ED3E9B0,reviewer
EMP_0137,8019FFC80,approver
EMP_0146,802B8DF60,account_manager
EMP_0179,809B63630,account_manager
EMP_0117,8066DBB20,reviewer
EMP_0165,80EC59E70,approver
EMP_0121,804CBC400,account_manager
EMP_0037,811F17F10,reviewer
EMP_0067,8130D4AA0,approver
EMP_0101,803CABBA0,reviewer
EMP_0171,806D663F0,approver
EMP_0117,80A1C8FD0,account_manager
EMP_0017,809DBCF40,account_manager
EMP_0090,809EDAF40,approver
EMP_0044,805D79140,approver
EMP_0155,80BEFAE20,account_manager
EMP_0131,802213DF0,approver
EMP_0183,810945F80,account_manager
EMP_0084,80B8C4990,reviewer
EMP_0019,8107E0040,approver
EMP_0137,8098E55D0,approver
EMP_0152,8088FCA40,account_manager
EMP_0159,8050CFE80,reviewer
EMP_0041,814660F80,approver
EMP_0099,8015E88E0,approver
EMP_0054,810F09E90,reviewer
EMP_0152,808F06960,approver
EMP_0146,810632F70,approver
EMP_0140,80E709690,account_manager
EMP_0045,80DC7F790,reviewer
EMP_0020,80F60D330,reviewer
EMP_0147,8116C6720,approver
EMP_0030,80C4C7AC0,reviewer
EMP_0119,806BC6340,reviewer
EMP_0025,8111C9430,approver
EMP_0046,80660E630,approver
EMP_0018,80C6DBEB0,account_manager
EMP_0176,810F19150,reviewer
EMP_0198,811115960,approver
EMP_0084,80A402F80,reviewer
EMP_0170,801461050,account_manager
EMP_0056,811019F20,account_manager
EMP_0149,812D952A0,reviewer
EMP_0001,80FC107F0,account_manager
EMP_0170,803165370,approver
EMP_0137,806096E10,approver
EMP_0158,80BFFF960,approver
EMP_0051,80440B4D0,reviewer
EMP_0082,8063568D0,reviewer
EMP_0174,8064ED2F0,approver
EMP_0184,813193BB0,approver
EMP_0023,80C1ABDE0,account_manager
EMP_0157,80A968170,approver
EMP_0033,811C36320,approver
EMP_0016,807A63060,reviewer
EMP_0014,800091C60,reviewer
EMP_0144,811163860,approver
EMP_0029,811F20C20,approver
EMP_0008,804DE7670,approver
EMP_0180,80C423720,approver
EMP_0161,806966C60,reviewer
EMP_0098,808697F70,approver
EMP_0112,80B50F5E0,account_manager
EMP_0170,80396EF00,approver
EMP_0036,803E419B0,reviewer
EMP_0099,8118FA170,approver
EMP_0107,80330E030,approver
EMP_0172,802980380,account_manager
EMP_0003,8017C71A0,reviewer
EMP_0005,802FA7310,reviewer
EMP_0125,80DAE4500,approver
EMP_0035,801C04D80,account_manager
EMP_0165,810C5BEA0,approver
EMP_0117,812A46370,reviewer
EMP_0155,8136D7A91,approver
EMP_0160,803B8C4E0,approver
EMP_0131,808CA0F70,reviewer
EMP_0116,807F7AF60,approver
EMP_0058,803D69350,approver
EMP_0155,8002C56D0,reviewer
EMP_0128,811A4BC90,reviewer
EMP_0061,80ECFD4D0,reviewer
EMP_0069,8088317F0,reviewer
EMP_0148,8079AAA10,account_manager
EMP_0010,80BCD24D0,approver
EMP_0181,807A2A400,account_manager
EMP_0149,809FD9E00,reviewer
EMP_0021,802EFA860,reviewer
EMP_0188,80AEBB7D0,approver
EMP_0120,80AB94680,account_manager
EMP_0134,812904B40,reviewer
EMP_0023,8051494B0,approver
EMP_0162,80F6D3C70,reviewer
EMP_0172,8019D53B0,reviewer
EMP_0163,80B30BB50,reviewer
EMP_0080,80CBB3200,account_manager
EMP_0088,80B19FB20,account_manager
EMP_0121,80969E460,reviewer
EMP_0121,80BEC3890,reviewer
EMP_0085,808B9ABB0,approver
EMP_0076,805FCA7D0,account_manager
EMP_0010,80E762110,reviewer
EMP_0192,8064C8820,reviewer
EMP_0145,805624DD0,account_manager
EMP_0162,809D020F0,reviewer
EMP_0044,80BE67630,account_manager
EMP_0169,8060AFE50,reviewer
EMP_0160,800925110,approver
EMP_0125,801B565E0,account_manager
EMP_0130,8019739C0,approver
EMP_0065,802BCFE40,reviewer
EMP_0072,805B26EA0,approver
EMP_0004,80F6BA500,account_manager
EMP_0155,8039D99E0,reviewer
EMP_0190,803209820,reviewer
EMP_0115,807A8BFF0,account_manager
EMP_0067,810495360,reviewer
EMP_0061,80A0EE580,account_manager
EMP_0136,811F62830,account_manager
EMP_0088,801BEED90,account_manager
EMP_0153,81382CFB0,account_manager
EMP_0127,80FA98B00,approver
EMP_0198,807EFA590,account_manager
EMP_0170,80920B580,reviewer
EMP_0164,803767D50,account_manager
EMP_0148,80F466F70,approver
EMP_0014,80D59BDC0,approver
EMP_0194,8110F4420,account_manager
EMP_0014,803782210,approver
EMP_0103,809E02430,approver
EMP_0122,80F87C640,reviewer
EMP_0060,807DE2E10,reviewer
EMP_0181,80814F280,approver
EMP_0068,803009080,reviewer
EMP_0112,800425630,approver
EMP_0115,807E9A5B0,reviewer
EMP_0081,8142137F0,reviewer
EMP_0175,813FF74A0,account_manager
EMP_0025,813276180,reviewer
EMP_0164,8075523B0,approver
EMP_0157,813290770,reviewer
EMP_0070,806F01290,approver
EMP_0069,810B21010,account_manager
EMP_0066,80D9B9FD0,reviewer
EMP_0101,8098EE660,reviewer
EMP_0192,80502CDE0,reviewer
EMP_0173,80C3AF180,account_manager
EMP_0134,806FD0080,reviewer
EMP_0177,803B965F0,approver
EMP_0141,8003C24D0,reviewer
EMP_0003,811511650,account_manager
EMP_0004,80884F130,account_manager
EMP_0135,80226A860,reviewer
EMP_0115,807481AF0,account_manager
EMP_0186,805DD31C0,approver
EMP_0050,800B620B0,account_manager
EMP_0159,801E6A920,account_manager
EMP_0153,80DA73BF0,account_manager
EMP_0154,80D437B20,account_manager
EMP_0182,8140AEF21,account_manager
EMP_0023,811D8BC80,reviewer
EMP_0034,807C9D3A0,reviewer
EMP_0196,812C6EF60,reviewer
EMP_0145,810B68EE0,account_manager
EMP_0029,80E795940,account_manager
EMP_0065,80619F170,approver
EMP_0170,8138E9020,account_manager
EMP_0164,80966B850,approver
EMP_0197,808D8FB20,reviewer
EMP_0171,810048300,approver
EMP_0066,80359D740,account_manager
EMP_0071,8102AEAC0,account_manager
EMP_0098,8080D49F0,approver
EMP_0016,805571620,approver
EMP_0046,80922CDA0,account_manager
EMP_0126,81484CFB0,account_manager
EMP_0157,80822D000,account_manager
EMP_0166,80A344340,account_manager
EMP_0037,80B3920F0,approver
EMP_0056,80CC00720,reviewer
EMP_0028,8130BC370,approver
EMP_0184,8055AFD70,account_manager
EMP_0009,8018238B0,account_manager
EMP_0147,80F21BAF0,approver
EMP_0199,8093E2B50,account_manager
EMP_0128,803145180,reviewer
EMP_0164,800093C80,account_manager
EMP_0171,808176090,approver
EMP_0039,80E9090C0,approver
EMP_0101,80BEF7060,account_manager
EMP_0132,80EB7BF50,approver
EMP_0123,8090AC860,approver
EMP_0187,81040ACB0,account_manager
EMP_0139,804AD1260,account_manager
EMP_0099,813F3E2A1,reviewer
EMP_0200,80A0013C0,account_manager
EMP_0146,80B1B7060,approver
EMP_0086,80E2F85D0,approver
EMP_0103,80124DA90,reviewer
EMP_0166,801DFB5B0,approver
EMP_0137,811C7E5B0,approver
EMP_0021,81183FB50,approver
EMP_0195,80FF28080,approver
EMP_0166,80432B8A0,account_manager
EMP_0142,800D11090,approver
EMP_0170,803F30090,approver
EMP_0179,808153A70,account_manager
EMP_0162,80E550120,approver
EMP_0125,801C0FB60,reviewer
EMP_0113,80F4A8780,account_manager
EMP_0036,800BED3C0,account_manager
EMP_0007,80EF8E2D0,reviewer
EMP_0062,80A2552B0,approver
EMP_0017,8107F5090,reviewer
EMP_0165,8065F4020,approver
EMP_0137,814336BA1,approver
EMP_0005,800C5E3F0,approver
EMP_0015,806FE7D00,reviewer
EMP_0011,80866A7E0,account_manager
EMP_0055,810CB75B0,reviewer
EMP_0171,80ADA2880,approver
EMP_0174,81222F4E0,reviewer
EMP_0039,80F69D190,reviewer
EMP_0060,8134EB2E0,account_manager
EMP_0010,80F4BD3A0,account_manager
EMP_0126,80D990260,account_manager
EMP_0121,812EE6570,reviewer
EMP_0012,805078010,reviewer
EMP_0167,802B23240,account_manager
EMP_0045,80D266B50,account_manager
EMP_0079,811162BE0,account_manager
EMP_0117,80CB220E0,account_manager
EMP_0152,801535A60,account_manager
EMP_0030,80A4FBD40,reviewer
EMP_0158,8049060A0,account_manager
EMP_0052,808D4CF90,approver
EMP_0189,80E1CA910,approver
EMP_0084,8027F18F0,reviewer
EMP_0148,80B552AB0,account_manager
EMP_0083,8116AF110,account_manager
EMP_0196,800F1DB80,reviewer
EMP_0045,806F2BBD0,account_manager
EMP_0031,805AB6580,account_manager
EMP_0194,8089A5AB0,account_manager
EMP_0179,807AA4750,reviewer
EMP_0043,80918FEC0,account_manager
EMP_0149,800D83A40,account_manager
EMP_0026,810771260,reviewer
EMP_0157,807CACED0,account_manager
EMP_0005,8125759A0,approver
EMP_0021,80026A5A0,account_manager
EMP_0046,8135617C0,account_manager
EMP_0181,80D8D7C70,reviewer
EMP_0073,8089FE4A0,reviewer
EMP_0198,809DF3570,reviewer
EMP_0033,804438E30,account_manager
EMP_0164,8059BA5E0,reviewer
EMP_0116,80888FA00,account_manager
EMP_0045,80CAE7060,reviewer
EMP_0010,80C62D0B0,account_manager
EMP_0184,80A5E8880,reviewer
EMP_0023,80D08F540,approver
EMP_0090,808AD9180,account_manager
EMP_0143,804E0D2F0,account_manager
EMP_0031,80B004EB0,account_manager
EMP_0159,8077F7C20,reviewer
EMP_0130,80489D1B0,approver
EMP_0198,80D050ED0,reviewer
EMP_0054,805B8BB80,account_manager
EMP_0050,80254A380,account_manager
EMP_0176,8119469F0,approver
EMP_0128,803A663B0,account_manager
EMP_0172,81342DDF1,account_manager
EMP_0014,80D6836F0,approver
EMP_0073,80455FA80,approver
EMP_0065,806ECB480,reviewer
EMP_0195,80964E5D0,account_manager
EMP_0027,80F669B00,account_manager
EMP_0138,803A43310,account_manager
EMP_0008,80A0FC1B0,reviewer
EMP_0030,80177CEB0,account_manager
EMP_0185,80938EF50,reviewer
EMP_0149,806BFE4D0,approver
EMP_0051,80F8C3CA0,reviewer
EMP_0084,804C3BDE0,account_manager
EMP_0084,804B79470,account_manager
EMP_0061,80F587CE0,approver
EMP_0052,807C7C430,account_manager
EMP_0019,809C489D0,reviewer
EMP_0125,8012010B0,approver
EMP_0038,804790520,reviewer
EMP_0117,803AFBCD0,approver
EMP_0096,802D21160,approver
EMP_0185,804033B80,reviewer
EMP_0092,8146EDFD1,approver
EMP_0052,806F53F90,account_manager
EMP_0009,80E66F9C0,reviewer
EMP_0016,805CE7A90,account_manager
EMP_0029,811BE8020,approver
EMP_0118,808AA7580,account_manager
EMP_0195,8071D95E0,account_manager
EMP_0076,80C8A72A0,account_manager
EMP_0164,813EBEB61,reviewer
EMP_0044,80C010430,reviewer
EMP_0059,801C98AE0,approver
EMP_0134,80A2537D0,account_manager
EMP_0152,809D22A40,approver
EMP_0072,8004FE3E0,reviewer
EMP_0110,80F500370,account_manager
EMP_0064,806C6E560,approver
EMP_0149,8049AF0E1,reviewer
EMP_0039,8131210F0,reviewer
EMP_0002,808A826F0,account_manager
EMP_0011,809C28A70,reviewer
EMP_0197,80A759240,account_manager
EMP_0109,80B04F6D0,approver
EMP_0123,810D97E80,reviewer
EMP_0026,809613680,approver
EMP_0062,801B850B0,reviewer
EMP_0193,800456880,reviewer
EMP_0188,8086C8A00,account_manager
EMP_0034,8076D6E50,approver
EMP_0062,80D76EF40,account_manager
EMP_0005,809F3D7D0,reviewer
EMP_0079,803591B90,reviewer
EMP_0118,811E12DF0,reviewer
EMP_0192,80C2044A0,account_manager
EMP_0117,8099CA2C0,account_manager
EMP_0181,808660B60,account_manager
EMP_0095,80D06AC20,approver
EMP_0181,80D2A3C10,account_manager
EMP_0161,801772420,approver
EMP_0177,806E56560,reviewer
EMP_0009,8062492E0,approver
EMP_0193,805951600,reviewer
EMP_0157,80B428C20,reviewer
EMP_0054,810658100,reviewer
EMP_0021,80CE4ABC0,approver
EMP_0189,813794911,account_manager
EMP_0132,813C0A3B0,reviewer
EMP_0094,812862CC0,account_manager
EMP_0029,807EE8EB0,approver
EMP_0120,80CDD4350,account_manager
EMP_0094,8079762D0,account_manager
EMP_0166,80B9AC850,reviewer
EMP_0018,80BA558B0,reviewer
EMP_0199,8043B1D00,account_manager
EMP_0086,804F15F00,reviewer
EMP_0030,80D7EE9E0,approver
EMP_0189,8139EA1C0,reviewer
EMP_0180,8045722E0,reviewer
EMP_0195,804AB3D60,approver
EMP_0091,812BC4720,approver
EMP_0129,80E26CD20,approver
EMP_0071,80120A710,account_manager
EMP_0011,800056370,account_manager
EMP_0012,800056660,account_manager
EMP_0013,800056A50,reviewer
EMP_0014,800056CB0,account_manager
EMP_0015,800056E00,account_manager
EMP_0016,800057020,account_manager
EMP_0017,8000573C0,account_manager
EMP_0018,800057620,reviewer
EMP_0019,800057A10,approver
EMP_0020,800057D40,account_manager
EMP_0021,800057D41,approver
EMP_0022,800058100,account_manager
EMP_0023,800058470,account_manager
EMP_0024,8000588D0,account_manager
EMP_0025,800058920,reviewer
EMP_0026,800058B80,reviewer
EMP_0026,800058F40,reviewer
EMP_0026,800059230,reviewer
EMP_0027,800059440,approver
EMP_0028,800059840,reviewer
EMP_0029,800059C00,account_manager
EMP_0030,800059F50,account_manager
EMP_0031,80005A2A0,approver
EMP_0032,80005A6B0,reviewer
EMP_0033,80005AB30,reviewer
EMP_0034,80005AD90,account_manager
EMP_0035,80005ADE0,account_manager
EMP_0036,80005B110,approver
EMP_0037,80005B3E0,account_manager
EMP_0038,80005B5F0,account_manager
EMP_0039,80005B9B0,approver
EMP_0040,80005BD00,reviewer
EMP_0040,80005C050,reviewer
EMP_0041,80005C0A0,account_manager
EMP_0042,80005C0A1,account_manager
EMP_0043,80005C3D0,account_manager
EMP_0044,80005C790,reviewer
EMP_0045,80005CB50,approver
EMP_0046,80005CF10,account_manager
EMP_0047,800085BF0,account_manager
EMP_0048,80026A5A0,account_manager
