scenario_id,scenario_type,account_id,employee_id,description,related_event_ids,related_transaction_ids,has_transactional_consequence
S01,suspicious,800056370,EMP_0011,"Employee raises transfer limit from $10K to $100K. Within 48 hours, account performs 12 split transfers of $9,500 each (just below reporting threshold). Classic structuring.",EVT_090001,"SYN_S01_001,SYN_S01_002,SYN_S01_003,SYN_S01_004,SYN_S01_005,SYN_S01_006,SYN_S01_007,SYN_S01_008,SYN_S01_009,SYN_S01_010,SYN_S01_011,SYN_S01_012",True
S02,suspicious,800056660,EMP_0012,"Employee grants wire-transfer access to individual account that never had it. Within 6 hours, a $450K wire is sent to an offshore jurisdiction. No prior wire history.",EVT_090002,SYN_S02_001,True
S03,suspicious,800056A50,EMP_0013,"Employee bypasses KYC verification (pending->verified) and downgrades risk rating (high->low) on same account. Within 24h, account executes 20+ rapid transactions totaling $800K.",EVT_090003,"SYN_S03_001,SYN_S03_002,SYN_S03_003,SYN_S03_004,SYN_S03_005,SYN_S03_006,SYN_S03_007,SYN_S03_008,SYN_S03_009,SYN_S03_010,SYN_S03_011,SYN_S03_012,SYN_S03_013,SYN_S03_014,SYN_S03_015,SYN_S03_016,SYN_S03_017,SYN_S03_018,SYN_S03_019,SYN_S03_020",True
S04,suspicious,800056CB0,EMP_0014,"Employee raises monitoring threshold from $5K to $50K, effectively hiding mid-size transactions from alerts. 24 transactions between $6K-$45K follow within 36 hours.",EVT_090004,"SYN_S04_001,SYN_S04_002,SYN_S04_003,SYN_S04_004,SYN_S04_005,SYN_S04_006,SYN_S04_007,SYN_S04_008,SYN_S04_009,SYN_S04_010,SYN_S04_011,SYN_S04_012,SYN_S04_013,SYN_S04_014,SYN_S04_015,SYN_S04_016,SYN_S04_017,SYN_S04_018,SYN_S04_019,SYN_S04_020,SYN_S04_021,SYN_S04_022,SYN_S04_023,SYN_S04_024",True
S05,suspicious,800056E00,EMP_0015,"Employee changes beneficial ownership from individual to opaque shell company. Within 48h, layered transfers through 3 intermediate accounts totaling $1.2M.",EVT_090005,"SYN_S05_001,SYN_S05_002,SYN_S05_003",True
S06,suspicious,800057020,EMP_0016,Recently-hired employee (< 60 days tenure) grants themselves full access to a dormant account. Account reactivated with $350K in rapid transfers within 12 hours.,EVT_090006,"SYN_S06_001,SYN_S06_002,SYN_S06_003,SYN_S06_004,SYN_S06_005",True
S07,suspicious,8000573C0,EMP_0017,"Employee changes customer address from residential to suspicious PO Box in offshore jurisdiction. Followed by multiple cash deposits ($9,900 each) within 48 hours.",EVT_090007,"SYN_S07_001,SYN_S07_002,SYN_S07_003,SYN_S07_004,SYN_S07_005,SYN_S07_006,SYN_S07_007,SYN_S07_008",True
S08,suspicious,800057620,EMP_0018,Employee dismisses active fraud alert on account without documented justification. Account immediately resumes suspicious wire transfers ($75K+ each) to multiple countries.,EVT_090008,"SYN_S08_001,SYN_S08_002,SYN_S08_003,SYN_S08_004",True
S09,suspicious,800057A10,EMP_0019,"Employee grants batch-payment capability to personal account. Within 24h, 50+ payments of $2,000-$4,999 each are sent to different recipients (smurfing/structuring pattern).",EVT_090009,"SYN_S09_001,SYN_S09_002,SYN_S09_003,SYN_S09_004,SYN_S09_005,SYN_S09_006,SYN_S09_007,SYN_S09_008,SYN_S09_009,SYN_S09_010,SYN_S09_011,SYN_S09_012,SYN_S09_013,SYN_S09_014,SYN_S09_015,SYN_S09_016,SYN_S09_017,SYN_S09_018,SYN_S09_019,SYN_S09_020,SYN_S09_021,SYN_S09_022,SYN_S09_023,SYN_S09_024,SYN_S09_025,SYN_S09_026,SYN_S09_027,SYN_S09_028,SYN_S09_029,SYN_S09_030,SYN_S09_031,SYN_S09_032,SYN_S09_033,SYN_S09_034,SYN_S09_035,SYN_S09_036,SYN_S09_037,SYN_S09_038,SYN_S09_039,SYN_S09_040,SYN_S09_041,SYN_S09_042,SYN_S09_043,SYN_S09_044,SYN_S09_045,SYN_S09_046,SYN_S09_047,SYN_S09_048,SYN_S09_049,SYN_S09_050",True
S10,suspicious,800057D40,EMP_0020,"Employee converts personal account to business without proper documentation. Account immediately used for large money order purchases ($9,800 each, just under $10K threshold).",EVT_090010,"SYN_S10_001,SYN_S10_002,SYN_S10_003,SYN_S10_004,SYN_S10_005,SYN_S10_006,SYN_S10_007,SYN_S10_008",True
S11,suspicious,800057D41,EMP_0021,"Employee disables dual-authorization requirement on corporate account. Within 4 hours, a single $2.5M wire transfer is executed without secondary approval.",EVT_090011,SYN_S11_001,True
S12,suspicious,800058100,EMP_0022,"Employee enables multi-currency/forex on account with no international business justification. Within 12h, rapid forex conversions USD->EUR->CHF->GBP totaling $600K (layering).",EVT_090012,"SYN_S12_001,SYN_S12_002,SYN_S12_003,SYN_S12_004",True
S13,suspicious,800058470,EMP_0023,Employee adds two offshore entities as payees without customer request documentation. Immediate transfers of $200K to each payee within 2 hours.,EVT_090013,"SYN_S13_001,SYN_S13_002",True
S14,suspicious,8000588D0,EMP_0024,"Employee increases spending limit 40x (from $5K to $200K). Within 36h, burst of high-value purchases followed by cash-back refund requests (purchase-return laundering scheme).",EVT_090014,"SYN_S14_001,SYN_S14_002,SYN_S14_003,SYN_S14_004,SYN_S14_005,SYN_S14_006",True
S15,suspicious,800058920,EMP_0025,Employee excludes account from AML screening pipeline. Account immediately sends $500K in wire transfers to sanctioned jurisdictions that would have been flagged.,EVT_090015,"SYN_S15_001,SYN_S15_002,SYN_S15_003",True
S16,suspicious,800058B80;800058F40;800059230,EMP_0026,Employee bulk-downgrades risk rating on 3 related accounts within 30 minutes. All three accounts then execute coordinated transfers to the same destination within 6 hours.,EVT_090016;EVT_090017;EVT_090018,"SYN_S16_001,SYN_S16_002,SYN_S16_003",True
S17,suspicious,800059440,EMP_0027,"Employee grants API access to personal account without business justification. Automated bot-like transactions (100+ per hour) begin immediately, spreading funds across dozens of accounts.",EVT_090019,"SYN_S17_001,SYN_S17_002,SYN_S17_003,SYN_S17_004,SYN_S17_005,SYN_S17_006,SYN_S17_007,SYN_S17_008,SYN_S17_009,SYN_S17_010,SYN_S17_011,SYN_S17_012,SYN_S17_013,SYN_S17_014,SYN_S17_015,SYN_S17_016,SYN_S17_017,SYN_S17_018,SYN_S17_019,SYN_S17_020",True
S18,suspicious,800059840,EMP_0028,"Employee manually overrides risk model, downgrading account from high to low risk. Within 48h, $1.8M in high-value transactions bypass enhanced monitoring that would have applied.",EVT_090020,"SYN_S18_001,SYN_S18_002,SYN_S18_003,SYN_S18_004,SYN_S18_005,SYN_S18_006",True
L01,legitimate,800059C00,EMP_0029,"Authorized payroll limit increase for end-of-quarter bonus distribution. Multiple payments are tax withholding splits (federal, state, FICA). Approved by branch manager, documented.",EVT_090021,"SYN_L01_001,SYN_L01_002,SYN_L01_003,SYN_L01_004,SYN_L01_005",True
L02,legitimate,800059F50,EMP_0030,"Annual account review: customer's income verification shows salary increase, limit adjusted accordingly. Single large purchase (new vehicle) follows. Fully documented with income verification on file.",EVT_090022,SYN_L02_001,True
L03,legitimate,80005A2A0,EMP_0031,Month-end treasury sweep: corporate customer moves funds between subsidiaries as part of routine cash management. All recipient accounts belong to the same corporate group. Pre-authorized standing order.,EVT_090023,"SYN_L03_001,SYN_L03_002,SYN_L03_003,SYN_L03_004",True
L04,legitimate,80005A6B0,EMP_0032,Standard onboarding: new hire receives view-only access to assigned customer accounts. Approved by IT Security and line manager via standard ticketing system. No transactional access.,EVT_090024,,False
L05,legitimate,80005AB30,EMP_0033,"Scheduled KYC renewal: expired verification refreshed with new documentation (passport, utility bill). Risk downgrade from medium to low based on 5-year clean history. Compliance officer co-signed.",EVT_090025,,False
L06,legitimate,80005AD90,EMP_0034,Customer relocates between domestic cities. Address updated with verified documentation (new lease agreement). No change in transaction patterns. Customer-initiated via branch visit.,EVT_090026,,False
L07,legitimate,80005ADE0,EMP_0035,Customer requests temporary holiday spending limit increase via phone (recorded). Standard seasonal adjustment matching prior year pattern. Auto-reverts after 45 days.,EVT_090027,"SYN_L07_001,SYN_L07_002,SYN_L07_003",True
L08,legitimate,80005B110,EMP_0036,"Small business customer sets up batch payments for known, verified vendors (suppliers, utilities, rent). All payees pre-verified and documented. Consistent with business type.",EVT_090028,"SYN_L08_001,SYN_L08_002,SYN_L08_003,SYN_L08_004,SYN_L08_005",True
L09,legitimate,80005B3E0,EMP_0037,Scheduled system migration: legacy savings accounts batch-converted to new platform format. Performed during maintenance window. No changes to account capabilities or transaction behavior.,EVT_090029,,False
L10,legitimate,80005B5F0,EMP_0038,"Import/export business customer opens multi-currency account. Forex access enabled with documented trade finance needs (letters of credit, import invoices). Compliance pre-approved.",EVT_090030,"SYN_L10_001,SYN_L10_002",True
L11,legitimate,80005B9B0,EMP_0039,Sole proprietor requests removal of dual-authorization (previously set when they had a business partner who left). Board resolution and legal docs on file. Transaction amounts remain consistent with historical pattern.,EVT_090031,"SYN_L11_001,SYN_L11_002,SYN_L11_003",True
L12,legitimate,80005BD00;80005C050,EMP_0040,Year-end compliance: batch update of tax classifications for IRS reporting deadline. All changes are W-9 verifications. Compliance team directive with audit trail.,EVT_090032;EVT_090033,,False
L13,legitimate,80005C0A0,EMP_0041,"Year-end charitable donation: high-net-worth customer makes $300K donation to registered 501(c)(3). Wire limit increased with documentation (gift letter, charity registration). Consistent with customer's annual giving pattern.",EVT_090034,SYN_L13_001,True
L14,legitimate,80005C0A1,EMP_0042,Corporate procurement: new vendor additions for Q2 supply contracts. All vendors verified through standard vendor onboarding process. Purchase orders and contracts on file.,EVT_090035,"SYN_L14_001,SYN_L14_002,SYN_L14_003",True
L15,legitimate,80005C3D0,EMP_0043,Customer purchasing residential property: wire limit increased for closing escrow payment of $850K. Title company details verified. Single large wire to known escrow agent. Limit auto-reverts after transaction.,EVT_090036,SYN_L15_001,True
L16,legitimate,80005C790,EMP_0044,Annual risk review: customer originally rated high due to industry (cash-intensive business). 3-year clean record with consistent patterns. Downgraded to medium per policy. Risk committee approval documented.,EVT_090037,,False
L17,legitimate,80005CB50,EMP_0045,Business customer integrates accounting software (QuickBooks) via API. Fintech partner pre-vetted by IT Security. API access scoped to read-only + scheduled payments. Proper OAuth setup.,EVT_090038,"SYN_L17_001,SYN_L17_002,SYN_L17_003",True
L18,legitimate,80005CF10,EMP_0046,Annual CPI adjustment: spending limits for consumer accounts increased ~13% to match inflation. Bank-wide policy change applied systematically. No individual customer request needed.,EVT_090039,,False
