change_id,customer_id,field_changed,old_value,new_value,changed_by_employee_id,timestamp
CHG_000206,804F4CAD0,beneficial_owner,form,job,EMP_0168,2022-09-01 00:07:01
CHG_000005,806D7D990,account_type,cup,national,EMP_0061,2022-09-01 01:07:01
CHG_000458,814198860,email,jason82@example.org,jeffreydavenport@example.org,EMP_0052,2022-09-01 01:26:29
CHG_000240,80689C4D0,account_type,eight,gas,EMP_0177,2022-09-01 03:26:05
CHG_000285,80338A4A0,tax_id,speech,baby,EMP_0078,2022-09-01 04:18:24
CHG_000300,801DD5140,name,various,buy,EMP_0039,2022-09-01 06:00:27
CHG_000495,80B870070,beneficial_owner,week,possible,EMP_0138,2022-09-01 07:38:13
CHG_000401,812027210,beneficial_owner,get,help,EMP_0028,2022-09-01 07:47:02
CHG_000362,811D45DF0,name,then,risk,EMP_0081,2022-09-01 08:51:14
CHG_000237,813A18A10,account_type,simple,run,EMP_0139,2022-09-01 13:17:08
CHG_000369,80D59B560,wire_transfer_limit,7249,40009,EMP_0077,2022-09-01 15:14:51
CHG_000106,80EE94A90,account_type,page,home,EMP_0085,2022-09-01 15:27:27
CHG_000051,80FC16870,phone,850-922-9612x01836,625-945-9910x22901,EMP_0107,2022-09-01 18:58:19
CHG_000075,80E6B3560,spending_limit,46621,19850,EMP_0171,2022-09-01 19:10:04
CHG_000466,806DA8BF0,wire_transfer_limit,40536,20558,EMP_0023,2022-09-01 20:00:17
CHG_000010,805769430,tax_id,true,current,EMP_0119,2022-09-01 20:25:57
CHG_000033,806D90200,name,against,apply,EMP_0072,2022-09-01 20:32:35
CHG_000069,807E3B150,address,"69681 Harrell Summit, Jeffreyburgh, CA 67411","5231 Jonathan Extensions, Port Katherine, CA 23719",EMP_0038,2022-09-01 21:39:01
CHG_000391,80252EF80,phone,(616)689-4210,889.285.6257x532,EMP_0190,2022-09-01 22:15:05
CHG_000030,8129BF5D0,risk_rating,low,high,EMP_0157,2022-09-01 22:15:46
CHG_000464,803D23610,spending_limit,14607,4205,EMP_0038,2022-09-01 22:27:57
CHG_000201,8142B4ED1,spending_limit,19774,47635,EMP_0153,2022-09-01 23:26:41
CHG_000343,809B4FC60,phone,001-632-371-0405,952-262-1815,EMP_0164,2022-09-02 00:45:56
CHG_000432,80FC517D0,name,side,teacher,EMP_0053,2022-09-02 02:59:01
CHG_000496,810A2A110,wire_transfer_limit,45924,22739,EMP_0091,2022-09-02 03:00:53
CHG_090011,800059840,risk_rating,high,low,EMP_0028,2022-09-02 03:42:03
CHG_000172,80C645C80,account_type,feel,look,EMP_0152,2022-09-02 04:05:16
CHG_000385,80E3ED5C0,beneficial_owner,these,nice,EMP_0148,2022-09-02 12:33:16
CHG_000448,812689420,name,create,near,EMP_0117,2022-09-02 12:47:35
CHG_000366,8054C97C0,wire_transfer_limit,17374,16269,EMP_0077,2022-09-02 13:29:50
CHG_000469,813748021,beneficial_owner,decade,she,EMP_0010,2022-09-02 13:59:43
CHG_000028,80E9331D0,spending_limit,35282,46104,EMP_0159,2022-09-02 14:51:31
CHG_000402,80A8CEEA0,risk_rating,low,medium,EMP_0182,2022-09-02 16:38:17
CHG_000241,807DC0D70,name,however,fast,EMP_0149,2022-09-02 17:06:18
CHG_000008,80F0D2AB0,phone,682.263.9821x465,849-997-2787x5588,EMP_0186,2022-09-02 17:19:35
CHG_000073,810F13C60,spending_limit,3117,24506,EMP_0116,2022-09-02 17:48:42
CHG_000021,8149144B1,address,"39421 Kyle Mill Apt. 952, West Markchester, HI 26819","842 Sloan Orchard Suite 517, East Karenbury, VI 89148",EMP_0041,2022-09-02 18:18:53
CHG_000186,80877E700,beneficial_owner,few,issue,EMP_0093,2022-09-02 19:29:09
CHG_000230,80339FB50,beneficial_owner,free,herself,EMP_0200,2022-09-02 19:31:45
CHG_000135,80A19D8C0,tax_id,history,south,EMP_0142,2022-09-02 20:24:13
CHG_000024,80A0585D0,email,christopher60@example.com,gibsonemily@example.net,EMP_0125,2022-09-02 22:04:42
CHG_000488,80FF589E0,spending_limit,37044,22228,EMP_0002,2022-09-02 22:26:43
CHG_000184,80C002F20,address,"145 Jeffrey Dale Suite 279, Robertside, PW 62213","91878 Miller Port, North Mariahaven, ID 75566",EMP_0134,2022-09-03 00:04:26
CHG_000110,80811F3E0,address,"242 Marcus Station, West Stacey, NC 37731","84249 Wayne Extension Apt. 299, Meganshire, AZ 04219",EMP_0173,2022-09-03 00:16:07
CHG_000192,811D09920,risk_rating,high,low,EMP_0169,2022-09-03 00:35:13
CHG_000082,80F49A270,email,lmoore@example.net,jenniferwilliams@example.com,EMP_0132,2022-09-03 00:41:46
CHG_000450,80EF13770,email,zdaniels@example.org,jeffrey35@example.com,EMP_0188,2022-09-03 02:24:21
CHG_000381,810193480,risk_rating,high,medium,EMP_0179,2022-09-03 05:11:35
CHG_000415,8094FBAB0,beneficial_owner,machine,life,EMP_0139,2022-09-03 05:45:46
CHG_000472,806110AF0,phone,+1-364-452-5777x5478,+1-891-542-8341x1080,EMP_0121,2022-09-03 06:53:40
CHG_000059,809639E80,tax_id,continue,carry,EMP_0035,2022-09-03 08:22:38
CHG_000418,812F7F870,spending_limit,9863,29184,EMP_0198,2022-09-03 11:13:19
CHG_000249,803042E00,name,authority,tell,EMP_0190,2022-09-03 13:00:56
CHG_000297,806A47240,name,call,actually,EMP_0005,2022-09-03 14:04:36
CHG_000130,80E6DB5B0,wire_transfer_limit,44215,21032,EMP_0150,2022-09-03 14:10:37
CHG_000105,80F8B7290,risk_rating,high,low,EMP_0176,2022-09-03 14:43:54
CHG_000317,80E528170,account_type,major,evidence,EMP_0153,2022-09-03 15:14:12
CHG_000328,8016D8110,wire_transfer_limit,37341,11508,EMP_0136,2022-09-03 15:15:01
CHG_090012,800059C00,spending_limit,25000,150000,EMP_0029,2022-09-03 15:16:12
CHG_000115,800A52F40,risk_rating,medium,high,EMP_0122,2022-09-03 15:46:47
CHG_000160,8031B7E50,name,behind,reach,EMP_0048,2022-09-03 16:12:06
CHG_000131,8140F94A1,wire_transfer_limit,24887,21731,EMP_0110,2022-09-03 20:48:17
CHG_000387,8100381E0,wire_transfer_limit,43952,2586,EMP_0079,2022-09-03 21:03:22
CHG_000055,80E649670,email,reeddaniel@example.net,trose@example.org,EMP_0149,2022-09-03 22:50:57
CHG_000337,800E84250,phone,578.542.7010,4877059325,EMP_0034,2022-09-04 00:53:04
CHG_000455,8035A9A50,email,pricedavid@example.org,avilabrenda@example.net,EMP_0038,2022-09-04 00:58:39
CHG_090013,80005AB30,risk_rating,medium,low,EMP_0033,2022-09-04 01:41:55
CHG_000457,805FA2BB1,account_type,smile,site,EMP_0161,2022-09-04 01:43:26
CHG_000022,80E1CA820,wire_transfer_limit,32632,38286,EMP_0113,2022-09-04 01:57:15
CHG_000123,80403FE40,tax_id,effect,dinner,EMP_0030,2022-09-04 01:59:38
CHG_000305,80B46ACD0,phone,941-695-1802x38061,001-945-718-7053x49493,EMP_0121,2022-09-04 02:05:39
CHG_000170,81114A0A0,wire_transfer_limit,10352,39184,EMP_0197,2022-09-04 02:12:31
CHG_000294,803E2FA50,spending_limit,18617,28060,EMP_0018,2022-09-04 02:25:19
CHG_000268,808930C40,account_type,century,day,EMP_0043,2022-09-04 03:01:32
CHG_000326,803ECA7F0,account_type,sell,her,EMP_0146,2022-09-04 04:08:37
CHG_000081,80E337F70,email,megan18@example.net,stanleynancy@example.net,EMP_0020,2022-09-04 04:17:11
CHG_000242,80CB9DD70,beneficial_owner,technology,stock,EMP_0067,2022-09-04 04:21:29
CHG_000049,80CAFC320,risk_rating,low,medium,EMP_0051,2022-09-04 04:31:03
CHG_000423,803247FE0,tax_id,wonder,together,EMP_0200,2022-09-04 04:40:36
CHG_000289,80B61DB00,wire_transfer_limit,16152,1473,EMP_0096,2022-09-04 04:56:13
CHG_000100,80623C860,address,"8416 Ryan View Apt. 845, North Markport, ME 58948","75705 Hill Turnpike Apt. 165, North Douglas, PA 89379",EMP_0167,2022-09-04 06:32:42
CHG_000429,802D76360,risk_rating,medium,medium,EMP_0042,2022-09-04 06:51:00
CHG_000382,809FA9220,email,epowell@example.com,johnsonjames@example.com,EMP_0144,2022-09-04 08:49:41
CHG_000308,80F57C620,risk_rating,medium,low,EMP_0009,2022-09-04 09:15:55
CHG_000227,80A599E60,name,seek,step,EMP_0189,2022-09-04 09:27:50
CHG_000389,800EE2180,account_type,energy,draw,EMP_0060,2022-09-04 09:28:17
CHG_000486,8003F7BD0,name,animal,care,EMP_0164,2022-09-04 10:05:03
CHG_000173,8023ED8B0,risk_rating,medium,low,EMP_0005,2022-09-04 10:33:29
CHG_000077,80F79F010,spending_limit,4525,1849,EMP_0065,2022-09-04 10:51:34
CHG_000072,80E5E0320,address,"4665 Kristina Rue Suite 151, Mitchellberg, MA 11183","4629 Kyle Lane, Lisahaven, CO 85176",EMP_0076,2022-09-04 11:13:56
CHG_000185,807C50360,address,"39718 Stokes Motorway Apt. 867, New Stevenport, VA 03354","391 Rodney Squares, New Virginialand, NJ 04660",EMP_0168,2022-09-04 11:48:38
CHG_000228,81231FBC0,name,protect,class,EMP_0068,2022-09-04 12:21:56
CHG_000102,80D079290,address,"6909 Erika Land Suite 719, New Michael, MD 85640","27868 Jose Green, Lewisport, UT 64883",EMP_0017,2022-09-04 13:59:55
CHG_000168,813CC2C01,tax_id,always,act,EMP_0022,2022-09-04 16:22:12
CHG_000092,80779AFC0,beneficial_owner,red,relate,EMP_0076,2022-09-04 17:07:32
CHG_000225,8068029D0,account_type,beautiful,executive,EMP_0091,2022-09-04 17:10:29
CHG_000341,80104C6F0,tax_id,front,computer,EMP_0094,2022-09-04 18:03:17
CHG_000375,80A6B6D10,wire_transfer_limit,10802,22419,EMP_0179,2022-09-04 18:05:06
CHG_000431,813DD91A1,tax_id,particular,consumer,EMP_0106,2022-09-04 18:48:07
CHG_000211,807328630,spending_limit,39203,23812,EMP_0071,2022-09-04 20:19:42
CHG_000372,812207D60,phone,894-346-6574x374,9853899441,EMP_0198,2022-09-04 20:30:02
CHG_000283,809FE17B0,beneficial_owner,rock,agreement,EMP_0139,2022-09-04 20:40:06
CHG_000264,80359FC90,risk_rating,low,low,EMP_0088,2022-09-04 21:06:46
CHG_000220,80E145DA0,risk_rating,high,low,EMP_0180,2022-09-04 21:48:41
CHG_000348,802184880,phone,3993861622,001-914-285-6467,EMP_0186,2022-09-04 22:15:19
CHG_000181,809E5AD90,tax_id,sometimes,data,EMP_0197,2022-09-04 22:51:54
CHG_000269,802959F80,address,"USCGC Ortiz, FPO AA 54978","2190 Kelly Harbor Apt. 842, Cunninghamfort, OH 67453",EMP_0187,2022-09-04 23:43:40
CHG_000314,81462CE41,name,north,help,EMP_0029,2022-09-05 00:16:26
CHG_000408,80CFE1960,beneficial_owner,body,keep,EMP_0078,2022-09-05 00:22:17
CHG_000332,81024DE80,beneficial_owner,expect,couple,EMP_0159,2022-09-05 01:25:29
CHG_000413,804B5A690,wire_transfer_limit,41994,45991,EMP_0107,2022-09-05 02:04:01
CHG_000222,80E9486A0,address,"180 Jason Ways Suite 401, Rachelshire, TN 04813","39261 Martin Garden Suite 856, Port Vanessa, VA 10780",EMP_0068,2022-09-05 05:17:20
CHG_000349,80AEA85F0,risk_rating,low,low,EMP_0169,2022-09-05 05:29:43
CHG_000215,810EC7D20,spending_limit,17888,36252,EMP_0148,2022-09-05 06:03:27
CHG_000071,805EF3560,email,toni18@example.net,benjaminzimmerman@example.com,EMP_0175,2022-09-05 06:13:44
CHG_000125,80DF886E0,tax_id,anything,apply,EMP_0018,2022-09-05 06:16:49
CHG_000219,809FFB470,address,"08484 Wayne Square Suite 211, East James, NC 33585","1567 Veronica Fork Suite 101, Grayside, NJ 07856",EMP_0030,2022-09-05 09:11:25
CHG_000380,80B618AF0,address,"Unit 5697 Box 2521, DPO AA 44099","0074 Kathleen Extension, South Kristen, WI 12040",EMP_0103,2022-09-05 11:07:25
CHG_000153,81161EBA0,spending_limit,42521,18923,EMP_0190,2022-09-05 11:25:58
CHG_000345,81125A3E0,address,"01533 Terry Stravenue Suite 443, North Philipside, MP 64850","61497 Collin Ford Apt. 417, West Kristenfort, NM 87144",EMP_0158,2022-09-05 12:27:10
CHG_000400,8080D8570,phone,321.481.1437x4470,4454561100,EMP_0170,2022-09-05 14:41:40
CHG_000500,80EC3FEB0,beneficial_owner,two,animal,EMP_0009,2022-09-05 14:46:15
CHG_000463,805125E70,wire_transfer_limit,40328,1430,EMP_0141,2022-09-05 17:28:12
CHG_000245,80790E150,risk_rating,high,medium,EMP_0103,2022-09-05 18:05:19
CHG_000298,8145D6080,spending_limit,2450,13185,EMP_0027,2022-09-05 19:06:09
CHG_000398,803864B70,spending_limit,3849,17741,EMP_0016,2022-09-05 19:52:39
CHG_000261,807E4A3D0,phone,485.696.9691x5579,+1-891-825-1341x252,EMP_0158,2022-09-05 20:54:05
CHG_000378,8049926C0,phone,001-925-313-5346x55494,809.299.1738x1684,EMP_0111,2022-09-05 22:13:53
CHG_000080,8142F8C71,wire_transfer_limit,13875,48507,EMP_0050,2022-09-06 00:01:28
CHG_000003,80EA2DA50,beneficial_owner,course,pay,EMP_0105,2022-09-06 00:30:11
CHG_000494,811630BD0,address,"2369 Laura View Apt. 984, Lake Gina, NH 78689","6210 Alexandra Parkways, Serranoville, HI 62874",EMP_0134,2022-09-06 02:07:56
CHG_000251,8068A3010,spending_limit,35995,48222,EMP_0125,2022-09-06 02:24:50
CHG_000087,80CCA5260,wire_transfer_limit,4332,41984,EMP_0170,2022-09-06 02:52:16
CHG_000113,810614BF0,spending_limit,7955,19994,EMP_0176,2022-09-06 02:57:03
CHG_000120,813CA8220,risk_rating,high,high,EMP_0022,2022-09-06 04:18:50
CHG_000487,805441E00,tax_id,painting,person,EMP_0018,2022-09-06 05:34:16
CHG_000499,8026B3760,risk_rating,low,high,EMP_0193,2022-09-06 05:46:43
CHG_000417,811F9A5E0,name,international,itself,EMP_0036,2022-09-06 06:04:16
CHG_000275,80D9E8AC0,phone,515-920-6436x110,329-838-7005,EMP_0100,2022-09-06 06:13:23
CHG_000456,808B18F30,address,"4914 James View, South Ericbury, DC 98379","245 Angela Point Apt. 100, Medinaland, ME 28033",EMP_0079,2022-09-06 06:17:00
CHG_000301,80714C310,name,spend,we,EMP_0108,2022-09-06 07:07:23
CHG_000076,814048C71,risk_rating,medium,medium,EMP_0176,2022-09-06 07:33:46
CHG_000012,810AE2970,beneficial_owner,imagine,record,EMP_0174,2022-09-06 07:35:04
CHG_000233,807B0FC30,account_type,law,team,EMP_0159,2022-09-06 08:41:24
CHG_000321,80A1E0F50,email,aguilarjonathan@example.org,osbornjames@example.net,EMP_0060,2022-09-06 09:13:47
CHG_000088,8018204F0,wire_transfer_limit,37055,24467,EMP_0182,2022-09-06 09:41:11
CHG_000374,80AE10FC0,tax_id,push,garden,EMP_0011,2022-09-06 10:16:52
CHG_000386,80736E5C0,risk_rating,medium,medium,EMP_0049,2022-09-06 10:51:40
CHG_000152,800D43A90,address,"497 Susan Harbors Suite 344, Lake Janet, MD 63389","1986 Cardenas Trail Apt. 404, West Sandraview, WA 63294",EMP_0167,2022-09-06 12:13:15
CHG_090001,800056370,spending_limit,10000,100000,EMP_0011,2022-09-06 14:12:46
CHG_000254,8095375C0,phone,412-438-2825x86736,+1-666-309-3796x6033,EMP_0191,2022-09-06 16:32:23
CHG_000497,805CDA130,email,davisdonna@example.net,princekimberly@example.net,EMP_0008,2022-09-06 18:22:27
CHG_000171,80F1084B0,spending_limit,18335,11991,EMP_0176,2022-09-06 19:48:35
CHG_000094,8025F9120,address,"USS Myers, FPO AA 06207","0515 Jessica Road Apt. 952, West Amyburgh, MP 90243",EMP_0172,2022-09-06 21:10:15
CHG_000156,80AB63160,name,or,safe,EMP_0104,2022-09-06 23:58:56
CHG_000046,80010C060,name,health,TV,EMP_0088,2022-09-07 00:53:48
CHG_000319,8013E5FB0,wire_transfer_limit,23178,41968,EMP_0016,2022-09-07 01:03:04
CHG_000278,800BBD220,address,"218 Chelsey Expressway, Bellborough, SC 98578","731 Donald Crossing Suite 565, East Joshua, CO 33028",EMP_0170,2022-09-07 01:35:28
CHG_000112,811ABFBA0,wire_transfer_limit,3982,46933,EMP_0019,2022-09-07 01:56:29
CHG_000323,80E56F9F0,address,"PSC 5107, Box 0296, APO AP 52274","625 Rebekah Harbor Suite 720, Lake Kenneth, MT 72680",EMP_0097,2022-09-07 02:07:56
CHG_000134,80997F8D0,account_type,everything,short,EMP_0115,2022-09-07 02:21:59
CHG_000426,80E4D0390,wire_transfer_limit,16216,16133,EMP_0007,2022-09-07 02:34:43
CHG_000044,80EE85CD0,account_type,girl,religious,EMP_0169,2022-09-07 04:13:27
CHG_000041,813DE60E1,account_type,seem,garden,EMP_0088,2022-09-07 04:14:37
CHG_000284,8092927E0,phone,+1-543-989-8364x03761,+1-491-980-5526x9658,EMP_0079,2022-09-07 05:14:22
CHG_000141,81020A870,spending_limit,31939,43854,EMP_0039,2022-09-07 05:15:14
CHG_090006,800057D40,account_type,personal,business,EMP_0020,2022-09-07 05:28:01
CHG_000365,802DC94C0,email,mercedesholland@example.net,josephortiz@example.org,EMP_0068,2022-09-07 05:46:11
CHG_000149,8014D45A0,name,thought,husband,EMP_0068,2022-09-07 06:43:46
CHG_000199,80570D870,phone,517-551-8304x69901,535.740.3317x3936,EMP_0057,2022-09-07 07:18:02
CHG_000047,80B5EEF30,tax_id,reduce,yeah,EMP_0134,2022-09-07 08:32:50
CHG_000428,80ECEF920,account_type,little,lot,EMP_0167,2022-09-07 08:34:31
CHG_000155,80AB7E860,wire_transfer_limit,43817,6101,EMP_0065,2022-09-07 09:32:31
CHG_000154,807CD4050,spending_limit,38366,12393,EMP_0168,2022-09-07 10:26:07
CHG_000034,80B6E0A70,name,stop,goal,EMP_0165,2022-09-07 10:29:02
CHG_000453,807D80E70,spending_limit,41112,11479,EMP_0141,2022-09-07 11:17:15
CHG_000179,8106F9FB0,risk_rating,low,medium,EMP_0197,2022-09-07 11:32:40
CHG_000096,80E330AB0,wire_transfer_limit,16979,3613,EMP_0083,2022-09-07 11:36:00
CHG_000412,801D03210,email,smithsarah@example.net,kchristian@example.org,EMP_0187,2022-09-07 11:56:25
CHG_000373,8102CCEC0,wire_transfer_limit,1749,42542,EMP_0162,2022-09-07 12:03:16
CHG_000452,80ADE12D0,phone,835-381-1288x0133,386.312.0750,EMP_0182,2022-09-07 12:42:27
CHG_000074,80D73C070,spending_limit,15700,49654,EMP_0144,2022-09-07 14:39:56
CHG_000116,802D1E340,name,collection,moment,EMP_0192,2022-09-07 15:31:29
CHG_000406,806E8E170,tax_id,road,today,EMP_0126,2022-09-07 16:30:25
CHG_090017,80005C050,tax_id,pending,verified,EMP_0040,2022-09-07 17:38:47
CHG_000271,8045AFF90,phone,001-685-780-7836x13407,471-433-9596,EMP_0043,2022-09-07 17:59:40
CHG_090016,80005BD00,tax_id,pending,verified,EMP_0040,2022-09-07 18:01:47
CHG_000017,8025AFB80,email,stephen43@example.com,yrodriguez@example.net,EMP_0103,2022-09-07 19:18:07
CHG_000194,8046FC600,phone,(218)625-1286x8230,386.286.3375x243,EMP_0131,2022-09-07 19:25:43
CHG_000090,80B45FAE0,spending_limit,11444,28258,EMP_0138,2022-09-07 20:35:38
CHG_000208,80DEE27D0,beneficial_owner,drug,hundred,EMP_0102,2022-09-07 21:25:26
CHG_000335,805DC2520,spending_limit,11101,41176,EMP_0083,2022-09-07 23:12:00
CHG_000256,80720A620,tax_id,successful,try,EMP_0006,2022-09-07 23:59:54
CHG_000038,8021FFD30,address,"177 Palmer Coves, Gordonton, VA 86864","007 Simmons Coves Suite 711, Charleneland, DC 36547",EMP_0104,2022-09-08 00:14:02
CHG_000473,806CFE720,tax_id,what,although,EMP_0135,2022-09-08 00:48:47
CHG_000161,80DC01210,wire_transfer_limit,48009,8754,EMP_0059,2022-09-08 01:09:44
CHG_090004,800056E00,beneficial_owner,John Smith,Shell Corp LLC,EMP_0015,2022-09-08 01:15:32
CHG_000371,80734C290,beneficial_owner,plant,suddenly,EMP_0112,2022-09-08 01:56:27
CHG_000057,81262CE90,wire_transfer_limit,22092,34037,EMP_0099,2022-09-08 02:48:54
CHG_000291,805703500,risk_rating,medium,low,EMP_0021,2022-09-08 04:16:25
CHG_000244,803CDAE00,wire_transfer_limit,23485,24981,EMP_0128,2022-09-08 04:58:07
CHG_000103,81205F130,name,decision,can,EMP_0176,2022-09-08 05:04:38
CHG_000180,80BF75B90,wire_transfer_limit,49587,46659,EMP_0026,2022-09-08 05:35:58
CHG_000352,80E9E4A30,account_type,foreign,security,EMP_0171,2022-09-08 06:14:47
CHG_000109,80D192830,risk_rating,medium,medium,EMP_0104,2022-09-08 08:40:27
CHG_000198,813549950,account_type,important,eight,EMP_0154,2022-09-08 09:38:02
CHG_000202,80D4F1D90,email,kyle58@example.com,ugarcia@example.com,EMP_0127,2022-09-08 11:06:02
CHG_000441,803ED0780,address,"98386 William Underpass Suite 066, Fryemouth, OH 07552","97359 Kimberly Fields Suite 721, East Jill, DE 49941",EMP_0075,2022-09-08 11:20:16
CHG_000158,80A680CC0,address,"08330 Robert Stravenue, Garciaberg, AL 72636","Unit 2677 Box 3454, DPO AP 08255",EMP_0036,2022-09-08 11:28:43
CHG_000462,8096826D0,account_type,arm,today,EMP_0105,2022-09-08 12:17:06
CHG_000276,80F5796D0,name,rule,cause,EMP_0073,2022-09-08 12:48:34
CHG_000035,801A19640,name,either,car,EMP_0118,2022-09-08 13:13:44
CHG_000099,80AAB7EA0,beneficial_owner,want,imagine,EMP_0131,2022-09-08 13:47:13
CHG_090002,800056660,wire_transfer_limit,0,500000,EMP_0012,2022-09-08 13:52:08
CHG_000260,8101E0CD0,account_type,build,everybody,EMP_0189,2022-09-08 14:20:50
CHG_000036,811D9B980,wire_transfer_limit,30366,6768,EMP_0128,2022-09-08 14:24:13
CHG_000359,80775BA70,tax_id,guy,common,EMP_0116,2022-09-08 14:34:47
CHG_000129,80694B5F0,name,remember,many,EMP_0125,2022-09-08 15:51:48
CHG_000446,808903EC0,spending_limit,9867,26760,EMP_0083,2022-09-08 15:57:41
CHG_000438,80ACCB460,address,"Unit 3465 Box 4722, DPO AA 79475","858 James Road Suite 522, Jenniferstad, OH 63464",EMP_0028,2022-09-08 16:15:24
CHG_000444,8099BC410,email,brandyscott@example.com,jmckinney@example.org,EMP_0166,2022-09-08 16:17:34
CHG_000295,80247BB70,tax_id,site,really,EMP_0164,2022-09-08 17:46:47
CHG_000009,80D64EC50,tax_id,worker,fund,EMP_0060,2022-09-08 18:21:16
CHG_000364,801F2E1A0,wire_transfer_limit,38461,11139,EMP_0010,2022-09-08 19:49:51
CHG_000442,810184CE0,tax_id,amount,later,EMP_0074,2022-09-08 20:13:46
CHG_000483,80271DB90,address,"7005 Jane Pike Suite 498, South Desiree, MN 77529","463 Gomez Ways, Tommyfort, FM 79696",EMP_0007,2022-09-08 21:40:24
CHG_000279,8120229E0,beneficial_owner,on,plant,EMP_0122,2022-09-08 22:36:53
CHG_000327,806B3DB00,beneficial_owner,media,off,EMP_0188,2022-09-08 23:06:18
CHG_000393,806515CF0,phone,609.282.1506,+1-901-400-1676x184,EMP_0116,2022-09-09 00:14:44
CHG_000243,804E90950,tax_id,increase,his,EMP_0069,2022-09-09 00:18:32
CHG_090003,800056A50,risk_rating,high,low,EMP_0013,2022-09-09 00:38:24
CHG_000379,806F692F0,risk_rating,low,low,EMP_0022,2022-09-09 02:08:55
CHG_000253,804752C40,address,"6798 Michael Burg Suite 146, North Marieberg, MI 41381","757 Samuel Square, Floresport, AZ 93664",EMP_0066,2022-09-09 02:25:41
CHG_000287,813CA61C0,account_type,author,address,EMP_0194,2022-09-09 02:38:36
CHG_000162,80EFBA910,beneficial_owner,nor,single,EMP_0030,2022-09-09 04:27:31
CHG_000189,80B773700,risk_rating,low,medium,EMP_0143,2022-09-09 04:50:48
CHG_000147,80F4E70B0,wire_transfer_limit,44215,10581,EMP_0188,2022-09-09 05:16:09
CHG_000190,80B9C0D40,beneficial_owner,race,kitchen,EMP_0143,2022-09-09 05:22:26
CHG_000324,805314C00,email,ramirezderrick@example.org,crystalpham@example.org,EMP_0011,2022-09-09 06:00:11
CHG_000338,8042CDCE0,address,"85156 Matthew Islands, East Jessica, NE 84290","USNV Thompson, FPO AP 91407",EMP_0028,2022-09-09 06:01:51
CHG_000126,80F178D30,name,father,miss,EMP_0149,2022-09-09 06:46:25
CHG_000433,81211F1D0,account_type,career,body,EMP_0158,2022-09-09 07:53:48
CHG_000032,8018CD260,email,hhill@example.com,batesdarlene@example.net,EMP_0193,2022-09-09 08:35:32
CHG_000048,800F30520,phone,001-304-794-5198x3273,+1-251-649-3689,EMP_0043,2022-09-09 08:54:29
CHG_000231,80E0EE0B0,phone,8479541212,+1-388-761-0158,EMP_0170,2022-09-09 09:00:26
CHG_000334,80ADF8B40,name,score,school,EMP_0175,2022-09-09 11:00:00
CHG_000459,8004473E0,tax_id,building,course,EMP_0118,2022-09-09 11:01:55
CHG_000001,81055CF40,phone,374-264-8877,(959)940-1399x04902,EMP_0028,2022-09-09 11:04:39
CHG_000250,803A7F390,address,"43426 Jones Rapid Suite 968, Stephensstad, UT 70874","35290 Rasmussen Isle, Rodriguezville, KS 29599",EMP_0108,2022-09-09 11:50:09
CHG_000318,80526DAB0,phone,524-790-3521,(980)344-2067x8831,EMP_0041,2022-09-09 11:58:01
CHG_000143,802C439B0,tax_id,loss,church,EMP_0119,2022-09-09 12:27:29
CHG_000144,8083881A0,phone,925.695.2694x95888,505.251.6940x9749,EMP_0094,2022-09-09 12:53:03
CHG_000213,8039FEDD0,tax_id,discover,mouth,EMP_0105,2022-09-09 14:32:42
CHG_000204,800B3A9C0,spending_limit,19743,13762,EMP_0154,2022-09-09 16:18:12
CHG_000363,8132E8690,tax_id,believe,feel,EMP_0142,2022-09-09 16:35:55
CHG_000165,802C8CF10,email,robertmonroe@example.org,lfrench@example.net,EMP_0162,2022-09-09 17:09:29
CHG_000440,80B94E9F0,risk_rating,high,low,EMP_0100,2022-09-09 18:34:46
CHG_000221,8088B0390,beneficial_owner,scientist,Congress,EMP_0091,2022-09-09 18:44:01
CHG_000150,80DE85570,address,"130 Edwards Drive, Vaughnchester, NY 80648","PSC 0283, Box 8578, APO AA 41625",EMP_0053,2022-09-09 19:17:49
CHG_000439,8124DC080,address,"USCGC Craig, FPO AP 37978","81062 Ellen Flats Suite 244, Port Bryan, WY 39185",EMP_0063,2022-09-09 19:37:50
CHG_000089,814065D31,name,possible,head,EMP_0048,2022-09-09 20:24:26
CHG_000267,80F903660,beneficial_owner,act,memory,EMP_0151,2022-09-09 20:32:30
CHG_000068,810D1B3D0,spending_limit,19738,28681,EMP_0004,2022-09-09 21:16:25
CHG_000336,802486E50,beneficial_owner,out,organization,EMP_0025,2022-09-09 21:27:56
CHG_000273,8100A2E80,address,"94667 Cynthia Trafficway Apt. 684, Shawnfort, MD 76779","751 Robinson Meadow, South Joseph, MP 37672",EMP_0102,2022-09-09 21:47:05
CHG_000026,80EA87680,address,"37098 Herman Forges Apt. 746, East Brandonton, ME 65070","267 Santiago Summit, Matthewsberg, FM 54880",EMP_0174,2022-09-09 22:07:32
CHG_000403,80A0D5F60,beneficial_owner,pretty,executive,EMP_0153,2022-09-10 00:52:36
CHG_000419,80167DDD0,wire_transfer_limit,11357,21807,EMP_0143,2022-09-10 01:26:53
CHG_000282,80D4C5E10,wire_transfer_limit,29506,35305,EMP_0164,2022-09-10 01:47:02
CHG_000286,805EFD340,spending_limit,9932,23536,EMP_0121,2022-09-10 02:19:13
CHG_000101,803771ED0,spending_limit,6396,7288,EMP_0198,2022-09-10 03:29:37
CHG_000394,80451BD80,beneficial_owner,describe,run,EMP_0190,2022-09-10 03:30:22
CHG_000097,807FE6A50,phone,(717)604-3030,868.874.0345x05415,EMP_0066,2022-09-10 04:25:00
CHG_000329,8110E5AD0,tax_id,guy,while,EMP_0068,2022-09-10 04:58:30
CHG_000325,80B9BA2C0,account_type,idea,station,EMP_0076,2022-09-10 05:26:07
CHG_000140,80B745630,wire_transfer_limit,14943,3402,EMP_0067,2022-09-10 05:44:07
CHG_000079,80FB61270,beneficial_owner,mention,dark,EMP_0151,2022-09-10 07:01:08
CHG_000060,806311B80,wire_transfer_limit,46876,34573,EMP_0180,2022-09-10 07:30:17
CHG_000272,8015216E0,phone,709.658.4982,794-581-2604x2232,EMP_0122,2022-09-10 07:45:39
CHG_000210,8132EDFB0,phone,+1-454-977-7252,(480)580-1006,EMP_0024,2022-09-10 08:14:01
CHG_000124,8098FA6C0,wire_transfer_limit,4564,36969,EMP_0166,2022-09-10 08:15:47
CHG_000353,80373DB80,phone,(289)902-3303,2535457861,EMP_0047,2022-09-10 08:23:09
CHG_000358,807C523B0,name,ok,hard,EMP_0197,2022-09-10 08:29:50
CHG_000118,814083DC0,beneficial_owner,moment,until,EMP_0003,2022-09-10 09:50:16
CHG_000083,808E13B70,address,"473 Kyle Valleys Suite 359, Murrayport, WI 50553","39240 Sawyer Plaza Apt. 814, Port Ethanmouth, MH 67787",EMP_0072,2022-09-10 11:05:32
CHG_000255,807776300,beneficial_owner,participant,blue,EMP_0144,2022-09-10 11:27:23
CHG_000350,80B98F700,email,vwilliams@example.net,brandonalvarez@example.com,EMP_0192,2022-09-10 11:43:18
CHG_000485,806EA4730,risk_rating,medium,low,EMP_0090,2022-09-10 12:38:58
CHG_000040,812916C70,wire_transfer_limit,42781,20962,EMP_0131,2022-09-10 13:25:54
CHG_000357,80CA396E0,beneficial_owner,matter,peace,EMP_0062,2022-09-10 13:45:46
CHG_000216,8143972E0,account_type,pull,reflect,EMP_0097,2022-09-10 13:46:22
CHG_000454,8130A01D0,email,andrewsjeremy@example.com,ohughes@example.com,EMP_0086,2022-09-10 14:43:14
CHG_000146,8034B3590,spending_limit,10199,30243,EMP_0046,2022-09-10 15:04:25
CHG_000498,8118AFD80,risk_rating,high,high,EMP_0043,2022-09-10 16:57:37
CHG_000119,800DDED10,spending_limit,10265,9076,EMP_0002,2022-09-10 17:40:09
CHG_000164,800E4DA90,risk_rating,low,low,EMP_0033,2022-09-10 17:58:56
CHG_000212,8096D4670,name,city,act,EMP_0104,2022-09-10 18:33:42
CHG_000377,80FA9EB10,account_type,evening,share,EMP_0153,2022-09-10 18:42:14
CHG_000351,80FF15F30,phone,6549447132,001-454-369-1373x67850,EMP_0164,2022-09-10 19:14:16
CHG_000139,810E92FB0,spending_limit,42394,3044,EMP_0149,2022-09-10 20:11:29
CHG_000316,814498950,risk_rating,low,low,EMP_0011,2022-09-10 21:04:45
CHG_000315,80376F850,risk_rating,medium,low,EMP_0071,2022-09-10 22:33:22
CHG_000461,804ED4F60,account_type,our,together,EMP_0056,2022-09-11 00:15:20
CHG_000052,8097B7580,wire_transfer_limit,9075,30524,EMP_0169,2022-09-11 00:26:27
CHG_000142,812988840,name,matter,natural,EMP_0198,2022-09-11 00:33:25
CHG_000163,809EFD3C0,account_type,several,to,EMP_0054,2022-09-11 01:02:33
CHG_000360,800B95320,risk_rating,low,high,EMP_0073,2022-09-11 03:04:16
CHG_000175,809DE9F20,email,melissamcdonald@example.org,riverajessica@example.net,EMP_0158,2022-09-11 04:43:26
CHG_090015,80005B3E0,account_type,savings_legacy,savings_v2,EMP_0037,2022-09-11 05:39:54
CHG_000476,80F0FFBF0,spending_limit,6745,32697,EMP_0177,2022-09-11 06:44:57
CHG_000174,8113551E0,spending_limit,45850,28511,EMP_0039,2022-09-11 07:02:54
CHG_000460,80B483FA0,account_type,remain,successful,EMP_0002,2022-09-11 08:03:26
CHG_000467,80DFA7EA0,risk_rating,low,low,EMP_0073,2022-09-11 09:19:28
CHG_000474,80E7A4FA0,name,ok,ever,EMP_0054,2022-09-11 09:43:04
CHG_000263,808BDDFF0,beneficial_owner,culture,forward,EMP_0162,2022-09-11 09:49:21
CHG_000425,80C94D200,wire_transfer_limit,41432,18489,EMP_0146,2022-09-11 09:50:37
CHG_000095,812E00EF0,name,majority,safe,EMP_0165,2022-09-11 10:23:24
CHG_000200,807F59C60,wire_transfer_limit,3474,48480,EMP_0103,2022-09-11 10:29:52
CHG_000195,810A9E040,beneficial_owner,table,recent,EMP_0141,2022-09-11 10:31:20
CHG_000479,8135B2870,beneficial_owner,each,at,EMP_0034,2022-09-11 10:37:49
CHG_000383,8040D99A0,risk_rating,high,high,EMP_0144,2022-09-11 11:19:36
CHG_000122,803CE0561,spending_limit,10335,11548,EMP_0057,2022-09-11 11:41:20
CHG_000274,80226C4C0,phone,001-229-375-0017,(677)306-3242,EMP_0068,2022-09-11 12:11:08
CHG_000111,80D555E10,address,"USNV Curtis, FPO AP 55103","8447 Linda Spur, Evansland, UT 08353",EMP_0185,2022-09-11 12:17:11
CHG_000128,802119C10,name,threat,ready,EMP_0073,2022-09-11 12:45:44
CHG_000331,8126AB860,risk_rating,high,low,EMP_0005,2022-09-11 12:51:06
CHG_000043,80BA1B0A0,beneficial_owner,or,or,EMP_0197,2022-09-11 12:51:40
CHG_000296,805A24290,account_type,sit,continue,EMP_0180,2022-09-11 14:05:00
CHG_000388,80CCDDFB0,beneficial_owner,produce,similar,EMP_0114,2022-09-11 14:15:29
CHG_000062,80426EF50,name,month,operation,EMP_0054,2022-09-11 14:39:37
CHG_000492,809FD73D0,email,sandra86@example.net,johnsjessica@example.com,EMP_0040,2022-09-11 15:53:52
CHG_000281,80C6A19A0,spending_limit,12602,39720,EMP_0117,2022-09-11 17:28:02
CHG_000480,80AC77410,account_type,everything,hope,EMP_0187,2022-09-11 17:47:52
CHG_000356,8088A8FF0,spending_limit,22276,25361,EMP_0196,2022-09-11 18:21:44
CHG_000451,80EB0DC50,phone,598.578.0157,7569164840,EMP_0116,2022-09-11 18:42:05
CHG_000167,8144BFE80,spending_limit,27571,40279,EMP_0145,2022-09-11 20:09:00
CHG_000330,800085BF0,account_type,others,morning,EMP_0199,2022-09-11 20:18:52
CHG_000312,8053E3C30,spending_limit,35139,9004,EMP_0124,2022-09-11 20:30:58
CHG_000262,812183900,email,fhenderson@example.net,angelaburns@example.org,EMP_0043,2022-09-11 21:21:24
CHG_000339,800AA9E00,phone,+1-853-292-6442x209,(795)393-9172,EMP_0147,2022-09-11 21:50:04
CHG_000159,801986330,name,whatever,specific,EMP_0132,2022-09-11 22:32:19
CHG_000293,805A0F8B0,wire_transfer_limit,46477,45868,EMP_0073,2022-09-12 00:34:13
CHG_000019,810A4CA30,account_type,find,scene,EMP_0108,2022-09-12 00:43:45
CHG_000258,80BFACCD0,name,history,gas,EMP_0148,2022-09-12 01:08:42
CHG_000064,8148FFBB0,email,sandersjudy@example.com,stevenschristian@example.com,EMP_0182,2022-09-12 01:14:06
CHG_000025,8014FC550,risk_rating,medium,low,EMP_0067,2022-09-12 03:13:45
CHG_000342,800489210,phone,657-304-3315,001-300-967-6267x6586,EMP_0054,2022-09-12 03:32:44
CHG_000056,80224CAA0,email,smithkevin@example.org,kathrynroberts@example.org,EMP_0100,2022-09-12 04:16:08
CHG_000176,801ED4980,spending_limit,33986,8701,EMP_0124,2022-09-12 05:01:55
CHG_000091,80493D3F0,beneficial_owner,keep,culture,EMP_0055,2022-09-12 06:38:25
CHG_000014,811C08210,address,"16117 Heather Burgs Apt. 504, Nicholasberg, IA 70122","21969 Tyler Prairie, East Steven, KS 60737",EMP_0036,2022-09-12 06:38:55
CHG_000029,809FF8A10,name,power,involve,EMP_0089,2022-09-12 06:47:38
CHG_000127,80766A3D0,beneficial_owner,picture,us,EMP_0033,2022-09-12 09:53:18
CHG_000259,8075BE8C0,spending_limit,12438,19652,EMP_0084,2022-09-12 10:39:45
CHG_000205,80CC821F0,name,Democrat,hospital,EMP_0044,2022-09-12 11:00:07
CHG_000117,802FAD250,spending_limit,20331,42552,EMP_0077,2022-09-12 12:20:02
CHG_000177,812B74E00,wire_transfer_limit,36342,1078,EMP_0199,2022-09-12 12:51:07
CHG_000226,813CB6DF1,wire_transfer_limit,18634,12978,EMP_0192,2022-09-12 14:42:28
CHG_000416,80C115990,email,fmiller@example.com,david70@example.org,EMP_0139,2022-09-12 15:05:30
CHG_000145,811AAB030,name,past,media,EMP_0158,2022-09-12 15:08:16
CHG_000407,80063DE20,email,zbanks@example.org,andersonjessica@example.org,EMP_0089,2022-09-12 15:11:56
CHG_000018,805A0CB50,account_type,her,paper,EMP_0099,2022-09-12 17:28:48
CHG_000443,8132E2E80,risk_rating,medium,high,EMP_0014,2022-09-12 17:30:02
CHG_000252,8084157F0,spending_limit,38213,4126,EMP_0026,2022-09-12 17:44:29
CHG_000392,8004B6050,wire_transfer_limit,10678,19853,EMP_0088,2022-09-12 19:04:06
CHG_000065,80A73C6D0,email,amckinney@example.com,sullivantammy@example.org,EMP_0139,2022-09-12 19:16:45
CHG_000396,80F2EBFE0,spending_limit,32655,41831,EMP_0037,2022-09-12 19:35:20
CHG_000020,802569B30,email,khill@example.net,lozanojulie@example.com,EMP_0034,2022-09-12 20:02:14
CHG_000302,807B1F260,account_type,all,government,EMP_0119,2022-09-12 20:20:57
CHG_000178,807ACADE0,risk_rating,high,medium,EMP_0012,2022-09-12 20:38:17
CHG_000239,81474DC31,account_type,parent,station,EMP_0031,2022-09-12 20:53:01
CHG_000270,813A561B0,tax_id,budget,page,EMP_0191,2022-09-12 21:53:03
CHG_000340,80AE8B2B0,risk_rating,high,medium,EMP_0160,2022-09-12 22:08:10
CHG_000085,806D79F20,address,"3051 Moody Dam, West Samanthafort, UT 18692","9010 Lewis Drive Suite 143, Davidbury, MT 84249",EMP_0120,2022-09-13 01:33:11
CHG_000067,80BDADC00,spending_limit,32481,39194,EMP_0171,2022-09-13 01:43:49
CHG_000265,80D9469F0,beneficial_owner,president,argue,EMP_0075,2022-09-13 01:51:24
CHG_000132,805198DA0,beneficial_owner,box,lawyer,EMP_0057,2022-09-13 02:34:38
CHG_000307,814699C31,phone,783.220.6038,206-541-3836x70241,EMP_0197,2022-09-13 03:35:25
CHG_000290,8052D3220,spending_limit,29646,26870,EMP_0042,2022-09-13 03:41:40
CHG_000050,8112A73F0,risk_rating,low,medium,EMP_0049,2022-09-13 04:26:58
CHG_000247,810F21BC0,name,subject,film,EMP_0026,2022-09-13 06:05:33
CHG_000367,80F460050,risk_rating,high,low,EMP_0020,2022-09-13 07:13:15
CHG_000489,80711DFC0,beneficial_owner,professional,music,EMP_0102,2022-09-13 07:33:13
CHG_000299,80EE0FB00,email,tylerreed@example.net,gary24@example.net,EMP_0113,2022-09-13 08:39:34
CHG_000311,80347F740,beneficial_owner,community,listen,EMP_0162,2022-09-13 09:07:14
CHG_090005,8000573C0,address,"123 Main St, Springfield","PO Box 9999, Offshore City",EMP_0017,2022-09-13 09:08:11
CHG_000390,80339F5C0,beneficial_owner,rule,understand,EMP_0194,2022-09-13 09:13:21
CHG_000133,802C69C80,risk_rating,medium,medium,EMP_0174,2022-09-13 11:03:10
CHG_000322,810C383A0,spending_limit,43247,23761,EMP_0113,2022-09-13 11:08:27
CHG_000053,8001C3570,spending_limit,9823,33691,EMP_0136,2022-09-13 12:22:31
CHG_090018,80005C790,risk_rating,high,medium,EMP_0044,2022-09-13 12:34:51
CHG_000209,80ABD22A0,name,over,these,EMP_0004,2022-09-13 12:39:56
CHG_000183,80021DC50,risk_rating,medium,low,EMP_0182,2022-09-13 15:24:26
CHG_000037,8148BC911,phone,001-683-493-3529x04228,402-605-3950,EMP_0128,2022-09-13 16:03:26
CHG_000223,808444B20,phone,(201)663-1599x965,673.558.6629x619,EMP_0173,2022-09-13 17:30:20
CHG_000468,803AC4350,wire_transfer_limit,38505,37842,EMP_0117,2022-09-13 17:43:42
CHG_000235,8083E41E0,tax_id,rather,phone,EMP_0057,2022-09-13 18:04:08
CHG_000070,8042127F0,address,"995 Hernandez Cliff Suite 744, West Williamport, NH 59734","1199 Ford Plaza Apt. 793, Cassidyhaven, FL 08610",EMP_0069,2022-09-13 18:04:31
CHG_000395,80B57EE00,name,rich,professor,EMP_0134,2022-09-13 18:08:41
CHG_000045,8025BE730,account_type,can,item,EMP_0025,2022-09-13 21:48:09
CHG_000066,80EC68410,beneficial_owner,suddenly,yourself,EMP_0030,2022-09-13 22:23:46
CHG_000148,800D6DD70,beneficial_owner,president,stage,EMP_0057,2022-09-13 22:40:50
CHG_000424,803D1C990,email,msummers@example.net,daniel60@example.net,EMP_0007,2022-09-13 23:04:42
CHG_000421,80F1F8CE0,email,travisunderwood@example.net,nrodriguez@example.org,EMP_0008,2022-09-14 00:17:50
CHG_000191,80BFEE6E0,tax_id,house,vote,EMP_0089,2022-09-14 03:52:16
CHG_000304,801294D10,email,haroldhorne@example.org,pwalker@example.com,EMP_0069,2022-09-14 04:27:58
CHG_000238,80828DBC0,beneficial_owner,property,military,EMP_0176,2022-09-14 04:34:07
CHG_000384,8017BE720,spending_limit,17137,16880,EMP_0069,2022-09-14 04:55:22
CHG_000007,80315FCD0,account_type,they,meeting,EMP_0024,2022-09-14 06:02:48
CHG_000207,801CBAF20,email,joycesmith@example.net,mphillips@example.com,EMP_0071,2022-09-14 06:06:23
CHG_000266,8059D7D00,wire_transfer_limit,43247,26916,EMP_0114,2022-09-14 06:38:14
CHG_000054,80A0493B0,spending_limit,29364,39346,EMP_0131,2022-09-14 06:40:52
CHG_000320,80E9778E0,email,brownkimberly@example.org,jamesmorales@example.net,EMP_0138,2022-09-14 10:55:05
CHG_000039,81131E870,spending_limit,36985,1011,EMP_0024,2022-09-14 11:02:51
CHG_000107,8011F9E60,phone,+1-829-811-4678,001-412-451-7785,EMP_0046,2022-09-14 12:02:22
CHG_000344,8111C9F30,spending_limit,49724,28259,EMP_0095,2022-09-14 12:03:13
CHG_000491,8131EA170,account_type,page,choice,EMP_0122,2022-09-14 13:16:47
CHG_000288,80FEF6B80,address,"8486 Miles Corner, West Christopher, CO 67518","PSC 2856, Box 9146, APO AP 31779",EMP_0111,2022-09-14 13:34:10
CHG_000236,8011F1250,email,carrie37@example.com,tamaranovak@example.com,EMP_0135,2022-09-14 14:06:07
CHG_000484,80F56EE40,phone,(472)431-8432,(491)836-5177x739,EMP_0054,2022-09-14 14:13:20
CHG_000292,80AB75FE0,name,long,population,EMP_0196,2022-09-14 14:22:59
CHG_090007,8000588D0,spending_limit,5000,200000,EMP_0024,2022-09-14 16:31:28
CHG_000016,801EC0260,wire_transfer_limit,18583,49042,EMP_0096,2022-09-14 20:30:19
CHG_000333,80DB0AA30,phone,+1-530-540-7859x321,780-239-6522x395,EMP_0138,2022-09-14 22:10:20
CHG_000098,80084B380,tax_id,six,less,EMP_0133,2022-09-14 23:25:13
CHG_000197,810BD7180,address,"687 Teresa Row, Floydmouth, UT 55069","2873 Kevin Station Apt. 708, Faulknerside, NC 18076",EMP_0024,2022-09-14 23:53:17
CHG_000435,80CA10180,risk_rating,medium,low,EMP_0189,2022-09-15 00:19:33
CHG_000368,803946150,account_type,act,matter,EMP_0125,2022-09-15 00:53:15
CHG_000306,81102EEB0,tax_id,perhaps,minute,EMP_0098,2022-09-15 01:55:36
CHG_000104,804405680,phone,672-671-5518,(925)283-1323,EMP_0138,2022-09-15 02:07:46
CHG_000169,80387B870,wire_transfer_limit,31894,32566,EMP_0057,2022-09-15 02:47:18
CHG_000490,804025CB0,wire_transfer_limit,2908,12510,EMP_0085,2022-09-15 04:12:02
CHG_000346,80F463D20,address,"56527 Jose Mountain Suite 349, East Karenville, CO 88075","380 Cardenas Manor Suite 937, Christianton, NY 75371",EMP_0019,2022-09-15 04:27:29
CHG_000006,812ECF260,phone,001-577-403-4824x77109,680-886-1317x1274,EMP_0029,2022-09-15 04:46:29
CHG_000229,811625010,name,sister,improve,EMP_0064,2022-09-15 05:13:28
CHG_000277,802B59400,email,patrickcross@example.org,edwardsnicole@example.org,EMP_0135,2022-09-15 06:06:54
CHG_000420,803CEB180,phone,+1-794-988-3755x037,001-757-311-3055x488,EMP_0082,2022-09-15 06:31:30
CHG_090014,80005AD90,address,"456 Oak Ave, Portland","789 Pine St, Seattle",EMP_0034,2022-09-15 06:45:27
CHG_000471,80FC8F980,phone,(931)749-1357,+1-549-529-9556x205,EMP_0110,2022-09-15 08:04:13
CHG_000303,806D5EF00,address,"9177 Brown Walks, West Eric, WI 13988","PSC 1380, Box 0030, APO AA 48208",EMP_0021,2022-09-15 08:10:00
CHG_000042,810FEE3D0,address,"961 Melissa Run Apt. 673, Morganmouth, MO 55025","5452 Jones Village Apt. 161, Lisaside, AR 77370",EMP_0058,2022-09-15 08:28:53
CHG_000084,80353C7D0,email,odavis@example.com,sarah60@example.com,EMP_0150,2022-09-15 09:10:25
CHG_000427,802C54340,account_type,sport,wait,EMP_0129,2022-09-15 09:13:27
CHG_000477,808D94BD0,tax_id,amount,discuss,EMP_0156,2022-09-15 09:54:05
CHG_000031,80A7CF6F0,email,jeff73@example.com,pollardmichael@example.net,EMP_0121,2022-09-15 11:33:48
CHG_000011,81239FA90,email,xhall@example.com,floresthomas@example.com,EMP_0011,2022-09-15 11:43:02
CHG_000465,800C45CA0,beneficial_owner,quite,often,EMP_0038,2022-09-15 12:21:44
CHG_000187,8053FA9E0,risk_rating,high,high,EMP_0067,2022-09-15 12:49:50
CHG_000248,80B882470,name,theory,room,EMP_0111,2022-09-15 13:22:26
CHG_000313,80777E5C0,name,investment,camera,EMP_0014,2022-09-15 16:22:20
CHG_090008,800058B80,risk_rating,high,low,EMP_0026,2022-09-15 19:24:34
CHG_090010,800059230,risk_rating,high,low,EMP_0026,2022-09-15 19:31:34
CHG_090009,800058F40,risk_rating,high,low,EMP_0026,2022-09-15 19:50:34
CHG_000027,804A36990,wire_transfer_limit,48433,38028,EMP_0172,2022-09-15 20:14:33
CHG_000437,80AE5C890,wire_transfer_limit,39915,36137,EMP_0165,2022-09-15 21:19:10
CHG_000182,805DD0990,phone,+1-266-685-1612x2753,(337)945-4990x4530,EMP_0154,2022-09-15 21:43:14
CHG_000409,80D018930,spending_limit,19079,5063,EMP_0066,2022-09-15 22:30:01
CHG_000023,8009A4370,risk_rating,medium,high,EMP_0176,2022-09-15 23:01:10
CHG_000481,810D033F0,account_type,east,and,EMP_0047,2022-09-16 00:32:05
CHG_000137,805718760,name,answer,institution,EMP_0188,2022-09-16 01:37:30
CHG_000157,80A195530,beneficial_owner,expert,certain,EMP_0124,2022-09-16 01:57:58
CHG_000434,812107280,beneficial_owner,impact,really,EMP_0118,2022-09-16 02:08:07
CHG_000013,801F69530,phone,+1-227-402-8951x7187,(221)374-5961x58657,EMP_0195,2022-09-16 03:14:20
CHG_000136,811E55070,wire_transfer_limit,6372,19390,EMP_0036,2022-09-16 03:38:57
CHG_000138,80F211F30,phone,+1-635-384-1687,(816)255-8523,EMP_0020,2022-09-16 03:58:44
CHG_000015,806CDC5F0,email,nolansteven@example.com,charleslandry@example.net,EMP_0092,2022-09-16 04:58:02
CHG_000218,80E2E6050,account_type,while,meeting,EMP_0118,2022-09-16 05:46:54
CHG_000447,80967E310,email,tracy98@example.com,bowerslouis@example.org,EMP_0152,2022-09-16 05:49:11
CHG_000411,80323AB50,name,image,church,EMP_0088,2022-09-16 06:02:51
CHG_000470,806AF7C70,tax_id,partner,message,EMP_0095,2022-09-16 06:11:31
CHG_000355,81380CAB0,account_type,phone,like,EMP_0091,2022-09-16 08:12:49
CHG_000121,80460D080,beneficial_owner,you,increase,EMP_0106,2022-09-16 09:29:46
CHG_000397,807CD0050,address,"926 William River Apt. 411, Gonzalezborough, WI 34972","6420 Lozano Spurs, Riveratown, AL 88533",EMP_0150,2022-09-16 09:39:51
CHG_000449,80E641BB0,beneficial_owner,author,stop,EMP_0167,2022-09-16 10:07:20
CHG_000414,808D62D60,email,tara08@example.org,ppowell@example.org,EMP_0080,2022-09-16 11:10:19
CHG_000004,80B617F60,address,"5655 Mia Isle, Steeleport, TN 52989","1545 Tara Lodge, Lake Mollymouth, MT 07605",EMP_0128,2022-09-16 11:25:31
CHG_000108,8111A5600,spending_limit,5616,38680,EMP_0059,2022-09-16 11:40:57
CHG_000078,811488DA0,account_type,yourself,space,EMP_0058,2022-09-16 11:53:11
CHG_000234,803C84C10,wire_transfer_limit,19004,33165,EMP_0196,2022-09-16 13:43:50
CHG_000151,8080A28A0,beneficial_owner,consumer,machine,EMP_0121,2022-09-16 14:30:14
CHG_000063,80E48B7A0,tax_id,these,relate,EMP_0089,2022-09-16 15:50:46
CHG_000370,8103C2850,wire_transfer_limit,26005,6143,EMP_0015,2022-09-16 16:07:24
CHG_000405,800D36B20,spending_limit,47692,2408,EMP_0064,2022-09-16 16:17:10
CHG_000166,80371B600,wire_transfer_limit,10624,4664,EMP_0067,2022-09-16 16:21:29
CHG_000114,805D34770,phone,992-355-5625x88153,773-721-0469x632,EMP_0196,2022-09-16 18:05:23
CHG_000493,810518810,spending_limit,22961,31308,EMP_0106,2022-09-16 18:32:17
CHG_000086,800D46C20,email,fbrown@example.net,chenbailey@example.net,EMP_0040,2022-09-16 18:52:49
CHG_000203,811B8EE20,name,sort,those,EMP_0169,2022-09-16 19:44:58
CHG_000224,80192FEF0,beneficial_owner,sell,back,EMP_0142,2022-09-16 20:00:34
CHG_000422,8092F28B0,risk_rating,medium,medium,EMP_0191,2022-09-16 20:58:39
CHG_000061,80ECE4CA0,beneficial_owner,score,drug,EMP_0189,2022-09-16 21:41:20
CHG_000445,81034D310,spending_limit,8416,12781,EMP_0150,2022-09-16 22:38:23
CHG_000436,8082B1330,beneficial_owner,us,fund,EMP_0157,2022-09-16 23:10:07
CHG_000399,809A382B0,wire_transfer_limit,18778,4478,EMP_0168,2022-09-17 01:37:55
CHG_000214,806185740,spending_limit,5743,33975,EMP_0088,2022-09-17 02:22:56
CHG_000410,813BA8070,address,"96590 Timothy Oval Apt. 670, West Dianatown, VT 89358","588 Ryan Stream, South Michael, TX 84571",EMP_0143,2022-09-17 03:14:22
CHG_000193,80941CF80,name,true,whose,EMP_0180,2022-09-17 03:17:31
CHG_000232,80FE6AB90,address,"1839 Gina Extension Apt. 444, Thomasburgh, NE 36671","54379 Stephen Dale Suite 065, Brockmouth, NV 44375",EMP_0139,2022-09-17 06:51:40
CHG_000347,813BD3520,phone,001-492-217-2233,(716)632-9451x16868,EMP_0056,2022-09-17 07:55:09
CHG_000310,8080FF4A0,account_type,clearly,born,EMP_0175,2022-09-17 08:10:30
CHG_000217,80FC35230,name,world,practice,EMP_0087,2022-09-17 08:11:07
CHG_000257,812130870,beneficial_owner,not,culture,EMP_0174,2022-09-17 08:57:05
CHG_000058,805A9ED50,wire_transfer_limit,46384,17268,EMP_0102,2022-09-17 09:08:46
CHG_000196,80352A280,address,"31190 Harper Squares, East Joyfurt, NV 31216","84395 Young Wells, Lake Adriana, MT 39888",EMP_0100,2022-09-17 09:32:40
CHG_000404,8041C1790,email,watsonmatthew@example.org,dross@example.com,EMP_0129,2022-09-17 10:27:03
CHG_000430,80876B4A0,address,"USS Moreno, FPO AE 73013","USCGC Glass, FPO AE 91178",EMP_0196,2022-09-17 11:16:35
CHG_000280,809390850,spending_limit,18852,36949,EMP_0035,2022-09-17 11:34:23
CHG_000002,8114FF130,wire_transfer_limit,14090,18235,EMP_0134,2022-09-17 13:01:58
CHG_000482,80EBD7AE0,name,relate,design,EMP_0075,2022-09-17 15:32:13
CHG_000246,80BDE7130,email,erinpierce@example.net,nhahn@example.com,EMP_0034,2022-09-17 15:32:35
CHG_000475,80BDE4420,phone,+1-972-356-3942,(458)903-9282x7229,EMP_0187,2022-09-17 15:34:29
CHG_000093,80BA88FE0,wire_transfer_limit,35766,32120,EMP_0193,2022-09-17 16:18:08
CHG_000309,80ACF6790,phone,001-257-819-1826x199,+1-423-344-5655x74313,EMP_0171,2022-09-17 16:42:11
CHG_000361,8002807E0,spending_limit,9852,20781,EMP_0077,2022-09-17 17:37:58
CHG_000188,80CB562E0,risk_rating,high,medium,EMP_0071,2022-09-17 20:39:13
CHG_000478,80AE68790,tax_id,sort,method,EMP_0148,2022-09-17 21:58:11
CHG_000376,80E02F4B0,address,"28309 Guerrero Springs Apt. 074, Rebeccafurt, MS 97065","3875 Bruce Ville, West Connor, DC 97614",EMP_0188,2022-09-17 22:55:33
CHG_000354,80345B9D0,spending_limit,23119,44092,EMP_0137,2022-09-17 23:21:39
